date,equipment,category,condition,part,part_number,quantity,reason,anomaly
"2026-03-18","NR-05","Surface Mining Equipment","Poor","Engine oil filter","FLT-ENG-797","0.5","Routine issue","false"
"2026-03-19","NR-05","Surface Mining Equipment","Poor","Engine oil filter","FLT-ENG-797","0.6","Routine issue","false"
"2026-03-20","NR-05","Surface Mining Equipment","Poor","Engine oil filter","FLT-ENG-797","0.5","Routine issue","false"
"2026-03-21","NR-05","Surface Mining Equipment","Poor","Engine oil filter","FLT-ENG-797","0.6","Routine issue","false"
"2026-03-22","NR-05","Surface Mining Equipment","Poor","Engine oil filter","FLT-ENG-797","0.6","Routine issue","false"
"2026-03-23","NR-05","Surface Mining Equipment","Poor","Engine oil filter","FLT-ENG-797","0.6","Routine issue","false"
"2026-03-24","NR-05","Surface Mining Equipment","Poor","Engine oil filter","FLT-ENG-797","0.6","Routine issue","false"
"2026-03-25","NR-05","Surface Mining Equipment","Poor","Engine oil filter","FLT-ENG-797","0.6","Routine issue","false"
"2026-03-26","NR-05","Surface Mining Equipment","Poor","Engine oil filter","FLT-ENG-797","0.6","Routine issue","false"
"2026-03-27","NR-05","Surface Mining Equipment","Poor","Engine oil filter","FLT-ENG-797","0.6","Routine issue","false"
"2026-03-28","NR-05","Surface Mining Equipment","Poor","Engine oil filter","FLT-ENG-797","0.7","Routine issue","false"
"2026-03-29","NR-05","Surface Mining Equipment","Poor","Engine oil filter","FLT-ENG-797","0.6","Routine issue","false"
"2026-03-30","NR-05","Surface Mining Equipment","Poor","Engine oil filter","FLT-ENG-797","0.6","Routine issue","false"
"2026-03-31","NR-05","Surface Mining Equipment","Poor","Engine oil filter","FLT-ENG-797","1.7","Anomaly","true"
"2026-04-01","NR-05","Surface Mining Equipment","Poor","Engine oil filter","FLT-ENG-797","0.6","Routine issue","false"
"2026-04-02","NR-05","Surface Mining Equipment","Poor","Engine oil filter","FLT-ENG-797","0.6","Routine issue","false"
"2026-04-03","NR-05","Surface Mining Equipment","Poor","Engine oil filter","FLT-ENG-797","0.7","Routine issue","false"
"2026-04-04","NR-05","Surface Mining Equipment","Poor","Engine oil filter","FLT-ENG-797","0.6","Routine issue","false"
"2026-04-05","NR-05","Surface Mining Equipment","Poor","Engine oil filter","FLT-ENG-797","0.6","Routine issue","false"
"2026-04-06","NR-05","Surface Mining Equipment","Poor","Engine oil filter","FLT-ENG-797","0.6","Routine issue","false"
"2026-04-07","NR-05","Surface Mining Equipment","Poor","Engine oil filter","FLT-ENG-797","0.6","Routine issue","false"
"2026-04-08","NR-05","Surface Mining Equipment","Poor","Engine oil filter","FLT-ENG-797","0.6","Routine issue","false"
"2026-04-09","NR-05","Surface Mining Equipment","Poor","Engine oil filter","FLT-ENG-797","0.6","Routine issue","false"
"2026-04-10","NR-05","Surface Mining Equipment","Poor","Engine oil filter","FLT-ENG-797","0.6","Routine issue","false"
"2026-04-11","NR-05","Surface Mining Equipment","Poor","Engine oil filter","FLT-ENG-797","0.6","Routine issue","false"
"2026-04-12","NR-05","Surface Mining Equipment","Poor","Engine oil filter","FLT-ENG-797","0.6","Routine issue","false"
"2026-04-13","NR-05","Surface Mining Equipment","Poor","Engine oil filter","FLT-ENG-797","0.6","Routine issue","false"
"2026-04-14","NR-05","Surface Mining Equipment","Poor","Engine oil filter","FLT-ENG-797","0.6","Routine issue","false"
"2026-04-15","NR-05","Surface Mining Equipment","Poor","Engine oil filter","FLT-ENG-797","0.6","Routine issue","false"
"2026-04-16","NR-05","Surface Mining Equipment","Poor","Engine oil filter","FLT-ENG-797","0.6","Routine issue","false"
"2026-04-17","NR-05","Surface Mining Equipment","Poor","Engine oil filter","FLT-ENG-797","1.7","Anomaly","true"
"2026-04-18","NR-05","Surface Mining Equipment","Poor","Engine oil filter","FLT-ENG-797","0.7","Routine issue","false"
"2026-04-19","NR-05","Surface Mining Equipment","Poor","Engine oil filter","FLT-ENG-797","0.6","Routine issue","false"
"2026-04-20","NR-05","Surface Mining Equipment","Poor","Engine oil filter","FLT-ENG-797","0.6","Routine issue","false"
"2026-04-21","NR-05","Surface Mining Equipment","Poor","Engine oil filter","FLT-ENG-797","0.6","Routine issue","false"
"2026-04-22","NR-05","Surface Mining Equipment","Poor","Engine oil filter","FLT-ENG-797","0.6","Routine issue","false"
"2026-04-23","NR-05","Surface Mining Equipment","Poor","Engine oil filter","FLT-ENG-797","0.7","Routine issue","false"
"2026-04-24","NR-05","Surface Mining Equipment","Poor","Engine oil filter","FLT-ENG-797","1.7","Maintenance spike","false"
"2026-04-25","NR-05","Surface Mining Equipment","Poor","Engine oil filter","FLT-ENG-797","0.6","Routine issue","false"
"2026-04-26","NR-05","Surface Mining Equipment","Poor","Engine oil filter","FLT-ENG-797","0.7","Routine issue","false"
"2026-04-27","NR-05","Surface Mining Equipment","Poor","Engine oil filter","FLT-ENG-797","0.6","Routine issue","false"
"2026-04-28","NR-05","Surface Mining Equipment","Poor","Engine oil filter","FLT-ENG-797","0.7","Routine issue","false"
"2026-04-29","NR-05","Surface Mining Equipment","Poor","Engine oil filter","FLT-ENG-797","0.6","Routine issue","false"
"2026-04-30","NR-05","Surface Mining Equipment","Poor","Engine oil filter","FLT-ENG-797","0.6","Routine issue","false"
"2026-05-01","NR-05","Surface Mining Equipment","Poor","Engine oil filter","FLT-ENG-797","0.7","Routine issue","false"
"2026-05-02","NR-05","Surface Mining Equipment","Poor","Engine oil filter","FLT-ENG-797","0.7","Routine issue","false"
"2026-05-03","NR-05","Surface Mining Equipment","Poor","Engine oil filter","FLT-ENG-797","0.6","Routine issue","false"
"2026-05-04","NR-05","Surface Mining Equipment","Poor","Engine oil filter","FLT-ENG-797","0.6","Routine issue","false"
"2026-05-05","NR-05","Surface Mining Equipment","Poor","Engine oil filter","FLT-ENG-797","0.6","Routine issue","false"
"2026-05-06","NR-05","Surface Mining Equipment","Poor","Engine oil filter","FLT-ENG-797","0.6","Routine issue","false"
"2026-05-07","NR-05","Surface Mining Equipment","Poor","Engine oil filter","FLT-ENG-797","0.6","Routine issue","false"
"2026-05-08","NR-05","Surface Mining Equipment","Poor","Engine oil filter","FLT-ENG-797","0.6","Routine issue","false"
"2026-05-09","NR-05","Surface Mining Equipment","Poor","Engine oil filter","FLT-ENG-797","0.7","Routine issue","false"
"2026-05-10","NR-05","Surface Mining Equipment","Poor","Engine oil filter","FLT-ENG-797","0.6","Routine issue","false"
"2026-05-11","NR-05","Surface Mining Equipment","Poor","Engine oil filter","FLT-ENG-797","0.6","Routine issue","false"
"2026-05-12","NR-05","Surface Mining Equipment","Poor","Engine oil filter","FLT-ENG-797","0.7","Routine issue","false"
"2026-05-13","NR-05","Surface Mining Equipment","Poor","Engine oil filter","FLT-ENG-797","0.6","Routine issue","false"
"2026-05-14","NR-05","Surface Mining Equipment","Poor","Engine oil filter","FLT-ENG-797","0.6","Routine issue","false"
"2026-05-15","NR-05","Surface Mining Equipment","Poor","Engine oil filter","FLT-ENG-797","0.6","Routine issue","false"
"2026-05-16","NR-05","Surface Mining Equipment","Poor","Engine oil filter","FLT-ENG-797","0.6","Routine issue","false"
"2026-05-17","NR-05","Surface Mining Equipment","Poor","Engine oil filter","FLT-ENG-797","0.6","Routine issue","false"
"2026-05-18","NR-05","Surface Mining Equipment","Poor","Engine oil filter","FLT-ENG-797","0.6","Routine issue","false"
"2026-05-19","NR-05","Surface Mining Equipment","Poor","Engine oil filter","FLT-ENG-797","0.7","Routine issue","false"
"2026-05-20","NR-05","Surface Mining Equipment","Poor","Engine oil filter","FLT-ENG-797","0.6","Routine issue","false"
"2026-05-21","NR-05","Surface Mining Equipment","Poor","Engine oil filter","FLT-ENG-797","0.6","Routine issue","false"
"2026-05-22","NR-05","Surface Mining Equipment","Poor","Engine oil filter","FLT-ENG-797","0.6","Routine issue","false"
"2026-05-23","NR-05","Surface Mining Equipment","Poor","Engine oil filter","FLT-ENG-797","0.6","Routine issue","false"
"2026-05-24","NR-05","Surface Mining Equipment","Poor","Engine oil filter","FLT-ENG-797","0.6","Routine issue","false"
"2026-05-25","NR-05","Surface Mining Equipment","Poor","Engine oil filter","FLT-ENG-797","0.6","Routine issue","false"
"2026-05-26","NR-05","Surface Mining Equipment","Poor","Engine oil filter","FLT-ENG-797","0.6","Routine issue","false"
"2026-05-27","NR-05","Surface Mining Equipment","Poor","Engine oil filter","FLT-ENG-797","0.6","Routine issue","false"
"2026-05-28","NR-05","Surface Mining Equipment","Poor","Engine oil filter","FLT-ENG-797","0.6","Routine issue","false"
"2026-05-29","NR-05","Surface Mining Equipment","Poor","Engine oil filter","FLT-ENG-797","0.6","Routine issue","false"
"2026-05-30","NR-05","Surface Mining Equipment","Poor","Engine oil filter","FLT-ENG-797","0.6","Routine issue","false"
"2026-05-31","NR-05","Surface Mining Equipment","Poor","Engine oil filter","FLT-ENG-797","1.6","Maintenance spike","false"
"2026-06-01","NR-05","Surface Mining Equipment","Poor","Engine oil filter","FLT-ENG-797","0.6","Routine issue","false"
"2026-06-02","NR-05","Surface Mining Equipment","Poor","Engine oil filter","FLT-ENG-797","0.6","Routine issue","false"
"2026-06-03","NR-05","Surface Mining Equipment","Poor","Engine oil filter","FLT-ENG-797","0.6","Routine issue","false"
"2026-06-04","NR-05","Surface Mining Equipment","Poor","Engine oil filter","FLT-ENG-797","0.6","Routine issue","false"
"2026-06-05","NR-05","Surface Mining Equipment","Poor","Engine oil filter","FLT-ENG-797","0.5","Routine issue","false"
"2026-06-06","NR-05","Surface Mining Equipment","Poor","Engine oil filter","FLT-ENG-797","0.6","Routine issue","false"
"2026-06-07","NR-05","Surface Mining Equipment","Poor","Engine oil filter","FLT-ENG-797","0.6","Routine issue","false"
"2026-06-08","NR-05","Surface Mining Equipment","Poor","Engine oil filter","FLT-ENG-797","0.5","Routine issue","false"
"2026-06-09","NR-05","Surface Mining Equipment","Poor","Engine oil filter","FLT-ENG-797","0.6","Routine issue","false"
"2026-06-10","NR-05","Surface Mining Equipment","Poor","Engine oil filter","FLT-ENG-797","0.5","Routine issue","false"
"2026-06-11","NR-05","Surface Mining Equipment","Poor","Engine oil filter","FLT-ENG-797","0.6","Routine issue","false"
"2026-06-12","NR-05","Surface Mining Equipment","Poor","Engine oil filter","FLT-ENG-797","0.6","Routine issue","false"
"2026-06-13","NR-05","Surface Mining Equipment","Poor","Engine oil filter","FLT-ENG-797","0.6","Routine issue","false"
"2026-06-14","NR-05","Surface Mining Equipment","Poor","Engine oil filter","FLT-ENG-797","0.6","Routine issue","false"
"2026-06-15","NR-05","Surface Mining Equipment","Poor","Engine oil filter","FLT-ENG-797","0.6","Routine issue","false"
"2026-06-16","NR-05","Surface Mining Equipment","Poor","Engine oil filter","FLT-ENG-797","0.6","Routine issue","false"
"2026-06-17","NR-05","Surface Mining Equipment","Poor","Engine oil filter","FLT-ENG-797","0.5","Routine issue","false"
"2026-06-18","NR-05","Surface Mining Equipment","Poor","Engine oil filter","FLT-ENG-797","0.6","Routine issue","false"
"2026-06-19","NR-05","Surface Mining Equipment","Poor","Engine oil filter","FLT-ENG-797","0.6","Routine issue","false"
"2026-06-20","NR-05","Surface Mining Equipment","Poor","Engine oil filter","FLT-ENG-797","0.6","Routine issue","false"
"2026-06-21","NR-05","Surface Mining Equipment","Poor","Engine oil filter","FLT-ENG-797","0.6","Routine issue","false"
"2026-06-22","NR-05","Surface Mining Equipment","Poor","Engine oil filter","FLT-ENG-797","0.6","Routine issue","false"
"2026-06-23","NR-05","Surface Mining Equipment","Poor","Engine oil filter","FLT-ENG-797","0.5","Routine issue","false"
"2026-06-24","NR-05","Surface Mining Equipment","Poor","Engine oil filter","FLT-ENG-797","0.5","Routine issue","false"
"2026-06-25","NR-05","Surface Mining Equipment","Poor","Engine oil filter","FLT-ENG-797","0.6","Routine issue","false"
"2026-06-26","NR-05","Surface Mining Equipment","Poor","Engine oil filter","FLT-ENG-797","0.5","Routine issue","false"
"2026-06-27","NR-05","Surface Mining Equipment","Poor","Engine oil filter","FLT-ENG-797","0.6","Routine issue","false"
"2026-06-28","NR-05","Surface Mining Equipment","Poor","Engine oil filter","FLT-ENG-797","0.5","Routine issue","false"
"2026-06-29","NR-05","Surface Mining Equipment","Poor","Engine oil filter","FLT-ENG-797","0.5","Routine issue","false"
"2026-06-30","NR-05","Surface Mining Equipment","Poor","Engine oil filter","FLT-ENG-797","0.6","Routine issue","false"
"2026-07-01","NR-05","Surface Mining Equipment","Poor","Engine oil filter","FLT-ENG-797","0.6","Routine issue","false"
"2026-07-02","NR-05","Surface Mining Equipment","Poor","Engine oil filter","FLT-ENG-797","0.5","Routine issue","false"
"2026-07-03","NR-05","Surface Mining Equipment","Poor","Engine oil filter","FLT-ENG-797","0.6","Routine issue","false"
"2026-07-04","NR-05","Surface Mining Equipment","Poor","Engine oil filter","FLT-ENG-797","0.6","Routine issue","false"
"2026-07-05","NR-05","Surface Mining Equipment","Poor","Engine oil filter","FLT-ENG-797","0.6","Routine issue","false"
"2026-07-06","NR-05","Surface Mining Equipment","Poor","Engine oil filter","FLT-ENG-797","0.5","Routine issue","false"
"2026-07-07","NR-05","Surface Mining Equipment","Poor","Engine oil filter","FLT-ENG-797","1.6","Maintenance spike","false"
"2026-07-08","NR-05","Surface Mining Equipment","Poor","Engine oil filter","FLT-ENG-797","0.5","Routine issue","false"
"2026-07-09","NR-05","Surface Mining Equipment","Poor","Engine oil filter","FLT-ENG-797","0.5","Routine issue","false"
"2026-07-10","NR-05","Surface Mining Equipment","Poor","Engine oil filter","FLT-ENG-797","0.6","Routine issue","false"
"2026-07-11","NR-05","Surface Mining Equipment","Poor","Engine oil filter","FLT-ENG-797","0.5","Routine issue","false"
"2026-07-12","NR-05","Surface Mining Equipment","Poor","Engine oil filter","FLT-ENG-797","0.5","Routine issue","false"
"2026-07-13","NR-05","Surface Mining Equipment","Poor","Engine oil filter","FLT-ENG-797","0.6","Routine issue","false"
"2026-07-14","NR-05","Surface Mining Equipment","Poor","Engine oil filter","FLT-ENG-797","0.5","Routine issue","false"
"2026-07-15","NR-05","Surface Mining Equipment","Poor","Engine oil filter","FLT-ENG-797","1.7","Anomaly","true"
"2026-07-16","NR-05","Surface Mining Equipment","Poor","Engine oil filter","FLT-ENG-797","0.5","Routine issue","false"
"2026-07-17","NR-05","Surface Mining Equipment","Poor","Engine oil filter","FLT-ENG-797","0.6","Routine issue","false"
"2026-07-18","NR-05","Surface Mining Equipment","Poor","Engine oil filter","FLT-ENG-797","0.6","Routine issue","false"
"2026-07-19","NR-05","Surface Mining Equipment","Poor","Engine oil filter","FLT-ENG-797","0.5","Routine issue","false"
"2026-07-20","NR-05","Surface Mining Equipment","Poor","Engine oil filter","FLT-ENG-797","0.5","Routine issue","false"
"2026-07-21","NR-05","Surface Mining Equipment","Poor","Engine oil filter","FLT-ENG-797","0.6","Routine issue","false"
"2026-07-22","NR-05","Surface Mining Equipment","Poor","Engine oil filter","FLT-ENG-797","0.5","Routine issue","false"
"2026-07-23","NR-05","Surface Mining Equipment","Poor","Engine oil filter","FLT-ENG-797","0.5","Routine issue","false"
"2026-07-24","NR-05","Surface Mining Equipment","Poor","Engine oil filter","FLT-ENG-797","0.6","Routine issue","false"
"2026-07-25","NR-05","Surface Mining Equipment","Poor","Engine oil filter","FLT-ENG-797","0.5","Routine issue","false"
"2026-07-26","NR-05","Surface Mining Equipment","Poor","Engine oil filter","FLT-ENG-797","0.5","Routine issue","false"
"2026-07-27","NR-05","Surface Mining Equipment","Poor","Engine oil filter","FLT-ENG-797","0.6","Routine issue","false"
"2026-07-28","NR-05","Surface Mining Equipment","Poor","Engine oil filter","FLT-ENG-797","0.6","Routine issue","false"
"2026-07-29","NR-05","Surface Mining Equipment","Poor","Engine oil filter","FLT-ENG-797","0.5","Routine issue","false"
"2026-07-30","NR-05","Surface Mining Equipment","Poor","Engine oil filter","FLT-ENG-797","0.6","Routine issue","false"
"2026-07-31","NR-05","Surface Mining Equipment","Poor","Engine oil filter","FLT-ENG-797","0.6","Routine issue","false"
"2026-08-01","NR-05","Surface Mining Equipment","Poor","Engine oil filter","FLT-ENG-797","0.5","Routine issue","false"
"2026-08-02","NR-05","Surface Mining Equipment","Poor","Engine oil filter","FLT-ENG-797","0.6","Routine issue","false"
"2026-08-03","NR-05","Surface Mining Equipment","Poor","Engine oil filter","FLT-ENG-797","0.6","Routine issue","false"
"2026-08-04","NR-05","Surface Mining Equipment","Poor","Engine oil filter","FLT-ENG-797","0.5","Routine issue","false"
"2026-08-05","NR-05","Surface Mining Equipment","Poor","Engine oil filter","FLT-ENG-797","0.5","Routine issue","false"
"2026-08-06","NR-05","Surface Mining Equipment","Poor","Engine oil filter","FLT-ENG-797","0.6","Routine issue","false"
"2026-08-07","NR-05","Surface Mining Equipment","Poor","Engine oil filter","FLT-ENG-797","0.6","Routine issue","false"
"2026-08-08","NR-05","Surface Mining Equipment","Poor","Engine oil filter","FLT-ENG-797","0.6","Routine issue","false"
"2026-08-09","NR-05","Surface Mining Equipment","Poor","Engine oil filter","FLT-ENG-797","0.5","Routine issue","false"
"2026-08-10","NR-05","Surface Mining Equipment","Poor","Engine oil filter","FLT-ENG-797","0.6","Routine issue","false"
"2026-08-11","NR-05","Surface Mining Equipment","Poor","Engine oil filter","FLT-ENG-797","0.6","Routine issue","false"
"2026-08-12","NR-05","Surface Mining Equipment","Poor","Engine oil filter","FLT-ENG-797","0.6","Routine issue","false"
"2026-08-13","NR-05","Surface Mining Equipment","Poor","Engine oil filter","FLT-ENG-797","1.5","Maintenance spike","false"
"2026-08-14","NR-05","Surface Mining Equipment","Poor","Engine oil filter","FLT-ENG-797","0.5","Routine issue","false"
"2026-08-15","NR-05","Surface Mining Equipment","Poor","Engine oil filter","FLT-ENG-797","0.6","Routine issue","false"
"2026-08-16","NR-05","Surface Mining Equipment","Poor","Engine oil filter","FLT-ENG-797","0.5","Routine issue","false"
"2026-08-17","NR-05","Surface Mining Equipment","Poor","Engine oil filter","FLT-ENG-797","0.5","Routine issue","false"
"2026-08-18","NR-05","Surface Mining Equipment","Poor","Engine oil filter","FLT-ENG-797","0.6","Routine issue","false"
"2026-08-19","NR-05","Surface Mining Equipment","Poor","Engine oil filter","FLT-ENG-797","0.6","Routine issue","false"
"2026-08-20","NR-05","Surface Mining Equipment","Poor","Engine oil filter","FLT-ENG-797","0.6","Routine issue","false"
"2026-08-21","NR-05","Surface Mining Equipment","Poor","Engine oil filter","FLT-ENG-797","0.6","Routine issue","false"
"2026-08-22","NR-05","Surface Mining Equipment","Poor","Engine oil filter","FLT-ENG-797","0.6","Routine issue","false"
"2026-08-23","NR-05","Surface Mining Equipment","Poor","Engine oil filter","FLT-ENG-797","0.5","Routine issue","false"
"2026-08-24","NR-05","Surface Mining Equipment","Poor","Engine oil filter","FLT-ENG-797","0.5","Routine issue","false"
"2026-08-25","NR-05","Surface Mining Equipment","Poor","Engine oil filter","FLT-ENG-797","0.6","Routine issue","false"
"2026-08-26","NR-05","Surface Mining Equipment","Poor","Engine oil filter","FLT-ENG-797","0.6","Routine issue","false"
"2026-08-27","NR-05","Surface Mining Equipment","Poor","Engine oil filter","FLT-ENG-797","0.5","Routine issue","false"
"2026-08-28","NR-05","Surface Mining Equipment","Poor","Engine oil filter","FLT-ENG-797","0.6","Routine issue","false"
"2026-08-29","NR-05","Surface Mining Equipment","Poor","Engine oil filter","FLT-ENG-797","0.5","Routine issue","false"
"2026-08-30","NR-05","Surface Mining Equipment","Poor","Engine oil filter","FLT-ENG-797","0.6","Routine issue","false"
"2026-08-31","NR-05","Surface Mining Equipment","Poor","Engine oil filter","FLT-ENG-797","0.6","Routine issue","false"
"2026-09-01","NR-05","Surface Mining Equipment","Poor","Engine oil filter","FLT-ENG-797","0.6","Routine issue","false"
"2026-09-02","NR-05","Surface Mining Equipment","Poor","Engine oil filter","FLT-ENG-797","0.6","Routine issue","false"
"2026-09-03","NR-05","Surface Mining Equipment","Poor","Engine oil filter","FLT-ENG-797","0.6","Routine issue","false"
"2026-09-04","NR-05","Surface Mining Equipment","Poor","Engine oil filter","FLT-ENG-797","0.5","Routine issue","false"
"2026-09-05","NR-05","Surface Mining Equipment","Poor","Engine oil filter","FLT-ENG-797","0.6","Routine issue","false"
"2026-09-06","NR-05","Surface Mining Equipment","Poor","Engine oil filter","FLT-ENG-797","0.6","Routine issue","false"
"2026-09-07","NR-05","Surface Mining Equipment","Poor","Engine oil filter","FLT-ENG-797","0.6","Routine issue","false"
"2026-09-08","NR-05","Surface Mining Equipment","Poor","Engine oil filter","FLT-ENG-797","0.6","Routine issue","false"
"2026-09-09","NR-05","Surface Mining Equipment","Poor","Engine oil filter","FLT-ENG-797","0.6","Routine issue","false"
"2026-09-10","NR-05","Surface Mining Equipment","Poor","Engine oil filter","FLT-ENG-797","0.5","Routine issue","false"
"2026-09-11","NR-05","Surface Mining Equipment","Poor","Engine oil filter","FLT-ENG-797","0.6","Routine issue","false"
"2026-09-12","NR-05","Surface Mining Equipment","Poor","Engine oil filter","FLT-ENG-797","0.6","Routine issue","false"
"2026-09-13","NR-05","Surface Mining Equipment","Poor","Engine oil filter","FLT-ENG-797","0.6","Routine issue","false"
"2026-03-18","NR-05","Surface Mining Equipment","Poor","Engine oil 15W-40","LUB-15W40-205","8.3","Routine issue","false"
"2026-03-19","NR-05","Surface Mining Equipment","Poor","Engine oil 15W-40","LUB-15W40-205","22.6","Maintenance spike","false"
"2026-03-20","NR-05","Surface Mining Equipment","Poor","Engine oil 15W-40","LUB-15W40-205","8.1","Routine issue","false"
"2026-03-21","NR-05","Surface Mining Equipment","Poor","Engine oil 15W-40","LUB-15W40-205","8.9","Routine issue","false"
"2026-03-22","NR-05","Surface Mining Equipment","Poor","Engine oil 15W-40","LUB-15W40-205","8.6","Routine issue","false"
"2026-03-23","NR-05","Surface Mining Equipment","Poor","Engine oil 15W-40","LUB-15W40-205","8.8","Routine issue","false"
"2026-03-24","NR-05","Surface Mining Equipment","Poor","Engine oil 15W-40","LUB-15W40-205","8.4","Routine issue","false"
"2026-03-25","NR-05","Surface Mining Equipment","Poor","Engine oil 15W-40","LUB-15W40-205","7.9","Routine issue","false"
"2026-03-26","NR-05","Surface Mining Equipment","Poor","Engine oil 15W-40","LUB-15W40-205","8.2","Routine issue","false"
"2026-03-27","NR-05","Surface Mining Equipment","Poor","Engine oil 15W-40","LUB-15W40-205","8.6","Routine issue","false"
"2026-03-28","NR-05","Surface Mining Equipment","Poor","Engine oil 15W-40","LUB-15W40-205","7.7","Routine issue","false"
"2026-03-29","NR-05","Surface Mining Equipment","Poor","Engine oil 15W-40","LUB-15W40-205","8","Routine issue","false"
"2026-03-30","NR-05","Surface Mining Equipment","Poor","Engine oil 15W-40","LUB-15W40-205","8.5","Routine issue","false"
"2026-03-31","NR-05","Surface Mining Equipment","Poor","Engine oil 15W-40","LUB-15W40-205","9.5","Routine issue","false"
"2026-04-01","NR-05","Surface Mining Equipment","Poor","Engine oil 15W-40","LUB-15W40-205","9","Routine issue","false"
"2026-04-02","NR-05","Surface Mining Equipment","Poor","Engine oil 15W-40","LUB-15W40-205","8.3","Routine issue","false"
"2026-04-03","NR-05","Surface Mining Equipment","Poor","Engine oil 15W-40","LUB-15W40-205","8.5","Routine issue","false"
"2026-04-04","NR-05","Surface Mining Equipment","Poor","Engine oil 15W-40","LUB-15W40-205","8.2","Routine issue","false"
"2026-04-05","NR-05","Surface Mining Equipment","Poor","Engine oil 15W-40","LUB-15W40-205","8.9","Routine issue","false"
"2026-04-06","NR-05","Surface Mining Equipment","Poor","Engine oil 15W-40","LUB-15W40-205","9.6","Routine issue","false"
"2026-04-07","NR-05","Surface Mining Equipment","Poor","Engine oil 15W-40","LUB-15W40-205","9.5","Routine issue","false"
"2026-04-08","NR-05","Surface Mining Equipment","Poor","Engine oil 15W-40","LUB-15W40-205","8.7","Routine issue","false"
"2026-04-09","NR-05","Surface Mining Equipment","Poor","Engine oil 15W-40","LUB-15W40-205","9.3","Routine issue","false"
"2026-04-10","NR-05","Surface Mining Equipment","Poor","Engine oil 15W-40","LUB-15W40-205","9","Routine issue","false"
"2026-04-11","NR-05","Surface Mining Equipment","Poor","Engine oil 15W-40","LUB-15W40-205","9.6","Routine issue","false"
"2026-04-12","NR-05","Surface Mining Equipment","Poor","Engine oil 15W-40","LUB-15W40-205","8.8","Routine issue","false"
"2026-04-13","NR-05","Surface Mining Equipment","Poor","Engine oil 15W-40","LUB-15W40-205","8.3","Routine issue","false"
"2026-04-14","NR-05","Surface Mining Equipment","Poor","Engine oil 15W-40","LUB-15W40-205","9.2","Routine issue","false"
"2026-04-15","NR-05","Surface Mining Equipment","Poor","Engine oil 15W-40","LUB-15W40-205","9.4","Routine issue","false"
"2026-04-16","NR-05","Surface Mining Equipment","Poor","Engine oil 15W-40","LUB-15W40-205","8.5","Routine issue","false"
"2026-04-17","NR-05","Surface Mining Equipment","Poor","Engine oil 15W-40","LUB-15W40-205","8.9","Routine issue","false"
"2026-04-18","NR-05","Surface Mining Equipment","Poor","Engine oil 15W-40","LUB-15W40-205","8.3","Routine issue","false"
"2026-04-19","NR-05","Surface Mining Equipment","Poor","Engine oil 15W-40","LUB-15W40-205","8.2","Routine issue","false"
"2026-04-20","NR-05","Surface Mining Equipment","Poor","Engine oil 15W-40","LUB-15W40-205","8.6","Routine issue","false"
"2026-04-21","NR-05","Surface Mining Equipment","Poor","Engine oil 15W-40","LUB-15W40-205","8.3","Routine issue","false"
"2026-04-22","NR-05","Surface Mining Equipment","Poor","Engine oil 15W-40","LUB-15W40-205","9.5","Routine issue","false"
"2026-04-23","NR-05","Surface Mining Equipment","Poor","Engine oil 15W-40","LUB-15W40-205","9","Routine issue","false"
"2026-04-24","NR-05","Surface Mining Equipment","Poor","Engine oil 15W-40","LUB-15W40-205","8.8","Routine issue","false"
"2026-04-25","NR-05","Surface Mining Equipment","Poor","Engine oil 15W-40","LUB-15W40-205","23.6","Maintenance spike","false"
"2026-04-26","NR-05","Surface Mining Equipment","Poor","Engine oil 15W-40","LUB-15W40-205","8.9","Routine issue","false"
"2026-04-27","NR-05","Surface Mining Equipment","Poor","Engine oil 15W-40","LUB-15W40-205","8.5","Routine issue","false"
"2026-04-28","NR-05","Surface Mining Equipment","Poor","Engine oil 15W-40","LUB-15W40-205","8.6","Routine issue","false"
"2026-04-29","NR-05","Surface Mining Equipment","Poor","Engine oil 15W-40","LUB-15W40-205","8.4","Routine issue","false"
"2026-04-30","NR-05","Surface Mining Equipment","Poor","Engine oil 15W-40","LUB-15W40-205","8.4","Routine issue","false"
"2026-05-01","NR-05","Surface Mining Equipment","Poor","Engine oil 15W-40","LUB-15W40-205","8.2","Routine issue","false"
"2026-05-02","NR-05","Surface Mining Equipment","Poor","Engine oil 15W-40","LUB-15W40-205","9.5","Routine issue","false"
"2026-05-03","NR-05","Surface Mining Equipment","Poor","Engine oil 15W-40","LUB-15W40-205","8.1","Routine issue","false"
"2026-05-04","NR-05","Surface Mining Equipment","Poor","Engine oil 15W-40","LUB-15W40-205","8.3","Routine issue","false"
"2026-05-05","NR-05","Surface Mining Equipment","Poor","Engine oil 15W-40","LUB-15W40-205","8.2","Routine issue","false"
"2026-05-06","NR-05","Surface Mining Equipment","Poor","Engine oil 15W-40","LUB-15W40-205","9.1","Routine issue","false"
"2026-05-07","NR-05","Surface Mining Equipment","Poor","Engine oil 15W-40","LUB-15W40-205","8.5","Routine issue","false"
"2026-05-08","NR-05","Surface Mining Equipment","Poor","Engine oil 15W-40","LUB-15W40-205","8.8","Routine issue","false"
"2026-05-09","NR-05","Surface Mining Equipment","Poor","Engine oil 15W-40","LUB-15W40-205","8.7","Routine issue","false"
"2026-05-10","NR-05","Surface Mining Equipment","Poor","Engine oil 15W-40","LUB-15W40-205","8.7","Routine issue","false"
"2026-05-11","NR-05","Surface Mining Equipment","Poor","Engine oil 15W-40","LUB-15W40-205","9","Routine issue","false"
"2026-05-12","NR-05","Surface Mining Equipment","Poor","Engine oil 15W-40","LUB-15W40-205","8.4","Routine issue","false"
"2026-05-13","NR-05","Surface Mining Equipment","Poor","Engine oil 15W-40","LUB-15W40-205","8.1","Routine issue","false"
"2026-05-14","NR-05","Surface Mining Equipment","Poor","Engine oil 15W-40","LUB-15W40-205","8.4","Routine issue","false"
"2026-05-15","NR-05","Surface Mining Equipment","Poor","Engine oil 15W-40","LUB-15W40-205","9.1","Routine issue","false"
"2026-05-16","NR-05","Surface Mining Equipment","Poor","Engine oil 15W-40","LUB-15W40-205","8.3","Routine issue","false"
"2026-05-17","NR-05","Surface Mining Equipment","Poor","Engine oil 15W-40","LUB-15W40-205","9.2","Routine issue","false"
"2026-05-18","NR-05","Surface Mining Equipment","Poor","Engine oil 15W-40","LUB-15W40-205","8.3","Routine issue","false"
"2026-05-19","NR-05","Surface Mining Equipment","Poor","Engine oil 15W-40","LUB-15W40-205","8.1","Routine issue","false"
"2026-05-20","NR-05","Surface Mining Equipment","Poor","Engine oil 15W-40","LUB-15W40-205","9.3","Routine issue","false"
"2026-05-21","NR-05","Surface Mining Equipment","Poor","Engine oil 15W-40","LUB-15W40-205","8.7","Routine issue","false"
"2026-05-22","NR-05","Surface Mining Equipment","Poor","Engine oil 15W-40","LUB-15W40-205","8.1","Routine issue","false"
"2026-05-23","NR-05","Surface Mining Equipment","Poor","Engine oil 15W-40","LUB-15W40-205","8.4","Routine issue","false"
"2026-05-24","NR-05","Surface Mining Equipment","Poor","Engine oil 15W-40","LUB-15W40-205","8.1","Routine issue","false"
"2026-05-25","NR-05","Surface Mining Equipment","Poor","Engine oil 15W-40","LUB-15W40-205","8.6","Routine issue","false"
"2026-05-26","NR-05","Surface Mining Equipment","Poor","Engine oil 15W-40","LUB-15W40-205","8.7","Routine issue","false"
"2026-05-27","NR-05","Surface Mining Equipment","Poor","Engine oil 15W-40","LUB-15W40-205","8.5","Routine issue","false"
"2026-05-28","NR-05","Surface Mining Equipment","Poor","Engine oil 15W-40","LUB-15W40-205","8.6","Routine issue","false"
"2026-05-29","NR-05","Surface Mining Equipment","Poor","Engine oil 15W-40","LUB-15W40-205","9.5","Routine issue","false"
"2026-05-30","NR-05","Surface Mining Equipment","Poor","Engine oil 15W-40","LUB-15W40-205","9.3","Routine issue","false"
"2026-05-31","NR-05","Surface Mining Equipment","Poor","Engine oil 15W-40","LUB-15W40-205","8.1","Routine issue","false"
"2026-06-01","NR-05","Surface Mining Equipment","Poor","Engine oil 15W-40","LUB-15W40-205","22.7","Maintenance spike","false"
"2026-06-02","NR-05","Surface Mining Equipment","Poor","Engine oil 15W-40","LUB-15W40-205","24.1","Anomaly","true"
"2026-06-03","NR-05","Surface Mining Equipment","Poor","Engine oil 15W-40","LUB-15W40-205","9.1","Routine issue","false"
"2026-06-04","NR-05","Surface Mining Equipment","Poor","Engine oil 15W-40","LUB-15W40-205","9.1","Routine issue","false"
"2026-06-05","NR-05","Surface Mining Equipment","Poor","Engine oil 15W-40","LUB-15W40-205","9.3","Routine issue","false"
"2026-06-06","NR-05","Surface Mining Equipment","Poor","Engine oil 15W-40","LUB-15W40-205","8","Routine issue","false"
"2026-06-07","NR-05","Surface Mining Equipment","Poor","Engine oil 15W-40","LUB-15W40-205","7.8","Routine issue","false"
"2026-06-08","NR-05","Surface Mining Equipment","Poor","Engine oil 15W-40","LUB-15W40-205","8.5","Routine issue","false"
"2026-06-09","NR-05","Surface Mining Equipment","Poor","Engine oil 15W-40","LUB-15W40-205","8.1","Routine issue","false"
"2026-06-10","NR-05","Surface Mining Equipment","Poor","Engine oil 15W-40","LUB-15W40-205","9.3","Routine issue","false"
"2026-06-11","NR-05","Surface Mining Equipment","Poor","Engine oil 15W-40","LUB-15W40-205","7.7","Routine issue","false"
"2026-06-12","NR-05","Surface Mining Equipment","Poor","Engine oil 15W-40","LUB-15W40-205","7.9","Routine issue","false"
"2026-06-13","NR-05","Surface Mining Equipment","Poor","Engine oil 15W-40","LUB-15W40-205","8.4","Routine issue","false"
"2026-06-14","NR-05","Surface Mining Equipment","Poor","Engine oil 15W-40","LUB-15W40-205","9.1","Routine issue","false"
"2026-06-15","NR-05","Surface Mining Equipment","Poor","Engine oil 15W-40","LUB-15W40-205","8.1","Routine issue","false"
"2026-06-16","NR-05","Surface Mining Equipment","Poor","Engine oil 15W-40","LUB-15W40-205","8.5","Routine issue","false"
"2026-06-17","NR-05","Surface Mining Equipment","Poor","Engine oil 15W-40","LUB-15W40-205","8.7","Routine issue","false"
"2026-06-18","NR-05","Surface Mining Equipment","Poor","Engine oil 15W-40","LUB-15W40-205","9.1","Routine issue","false"
"2026-06-19","NR-05","Surface Mining Equipment","Poor","Engine oil 15W-40","LUB-15W40-205","7.8","Routine issue","false"
"2026-06-20","NR-05","Surface Mining Equipment","Poor","Engine oil 15W-40","LUB-15W40-205","8.5","Routine issue","false"
"2026-06-21","NR-05","Surface Mining Equipment","Poor","Engine oil 15W-40","LUB-15W40-205","7.5","Routine issue","false"
"2026-06-22","NR-05","Surface Mining Equipment","Poor","Engine oil 15W-40","LUB-15W40-205","7.4","Routine issue","false"
"2026-06-23","NR-05","Surface Mining Equipment","Poor","Engine oil 15W-40","LUB-15W40-205","8.2","Routine issue","false"
"2026-06-24","NR-05","Surface Mining Equipment","Poor","Engine oil 15W-40","LUB-15W40-205","8.1","Routine issue","false"
"2026-06-25","NR-05","Surface Mining Equipment","Poor","Engine oil 15W-40","LUB-15W40-205","8.1","Routine issue","false"
"2026-06-26","NR-05","Surface Mining Equipment","Poor","Engine oil 15W-40","LUB-15W40-205","8.9","Routine issue","false"
"2026-06-27","NR-05","Surface Mining Equipment","Poor","Engine oil 15W-40","LUB-15W40-205","8","Routine issue","false"
"2026-06-28","NR-05","Surface Mining Equipment","Poor","Engine oil 15W-40","LUB-15W40-205","9","Routine issue","false"
"2026-06-29","NR-05","Surface Mining Equipment","Poor","Engine oil 15W-40","LUB-15W40-205","7.7","Routine issue","false"
"2026-06-30","NR-05","Surface Mining Equipment","Poor","Engine oil 15W-40","LUB-15W40-205","8.6","Routine issue","false"
"2026-07-01","NR-05","Surface Mining Equipment","Poor","Engine oil 15W-40","LUB-15W40-205","8.9","Routine issue","false"
"2026-07-02","NR-05","Surface Mining Equipment","Poor","Engine oil 15W-40","LUB-15W40-205","7.4","Routine issue","false"
"2026-07-03","NR-05","Surface Mining Equipment","Poor","Engine oil 15W-40","LUB-15W40-205","7.2","Routine issue","false"
"2026-07-04","NR-05","Surface Mining Equipment","Poor","Engine oil 15W-40","LUB-15W40-205","8.4","Routine issue","false"
"2026-07-05","NR-05","Surface Mining Equipment","Poor","Engine oil 15W-40","LUB-15W40-205","7.7","Routine issue","false"
"2026-07-06","NR-05","Surface Mining Equipment","Poor","Engine oil 15W-40","LUB-15W40-205","7.5","Routine issue","false"
"2026-07-07","NR-05","Surface Mining Equipment","Poor","Engine oil 15W-40","LUB-15W40-205","8.7","Routine issue","false"
"2026-07-08","NR-05","Surface Mining Equipment","Poor","Engine oil 15W-40","LUB-15W40-205","36.6","Maintenance spike","true"
"2026-07-09","NR-05","Surface Mining Equipment","Poor","Engine oil 15W-40","LUB-15W40-205","7.8","Routine issue","false"
"2026-07-10","NR-05","Surface Mining Equipment","Poor","Engine oil 15W-40","LUB-15W40-205","8.5","Routine issue","false"
"2026-07-11","NR-05","Surface Mining Equipment","Poor","Engine oil 15W-40","LUB-15W40-205","8.4","Routine issue","false"
"2026-07-12","NR-05","Surface Mining Equipment","Poor","Engine oil 15W-40","LUB-15W40-205","7.1","Routine issue","false"
"2026-07-13","NR-05","Surface Mining Equipment","Poor","Engine oil 15W-40","LUB-15W40-205","8","Routine issue","false"
"2026-07-14","NR-05","Surface Mining Equipment","Poor","Engine oil 15W-40","LUB-15W40-205","8.4","Routine issue","false"
"2026-07-15","NR-05","Surface Mining Equipment","Poor","Engine oil 15W-40","LUB-15W40-205","7.2","Routine issue","false"
"2026-07-16","NR-05","Surface Mining Equipment","Poor","Engine oil 15W-40","LUB-15W40-205","8.4","Routine issue","false"
"2026-07-17","NR-05","Surface Mining Equipment","Poor","Engine oil 15W-40","LUB-15W40-205","8.4","Routine issue","false"
"2026-07-18","NR-05","Surface Mining Equipment","Poor","Engine oil 15W-40","LUB-15W40-205","7.3","Routine issue","false"
"2026-07-19","NR-05","Surface Mining Equipment","Poor","Engine oil 15W-40","LUB-15W40-205","7.7","Routine issue","false"
"2026-07-20","NR-05","Surface Mining Equipment","Poor","Engine oil 15W-40","LUB-15W40-205","8.3","Routine issue","false"
"2026-07-21","NR-05","Surface Mining Equipment","Poor","Engine oil 15W-40","LUB-15W40-205","8.3","Routine issue","false"
"2026-07-22","NR-05","Surface Mining Equipment","Poor","Engine oil 15W-40","LUB-15W40-205","8.4","Routine issue","false"
"2026-07-23","NR-05","Surface Mining Equipment","Poor","Engine oil 15W-40","LUB-15W40-205","7.1","Routine issue","false"
"2026-07-24","NR-05","Surface Mining Equipment","Poor","Engine oil 15W-40","LUB-15W40-205","8.2","Routine issue","false"
"2026-07-25","NR-05","Surface Mining Equipment","Poor","Engine oil 15W-40","LUB-15W40-205","8.4","Routine issue","false"
"2026-07-26","NR-05","Surface Mining Equipment","Poor","Engine oil 15W-40","LUB-15W40-205","8.5","Routine issue","false"
"2026-07-27","NR-05","Surface Mining Equipment","Poor","Engine oil 15W-40","LUB-15W40-205","8","Routine issue","false"
"2026-07-28","NR-05","Surface Mining Equipment","Poor","Engine oil 15W-40","LUB-15W40-205","7.7","Routine issue","false"
"2026-07-29","NR-05","Surface Mining Equipment","Poor","Engine oil 15W-40","LUB-15W40-205","8.5","Routine issue","false"
"2026-07-30","NR-05","Surface Mining Equipment","Poor","Engine oil 15W-40","LUB-15W40-205","6.9","Routine issue","false"
"2026-07-31","NR-05","Surface Mining Equipment","Poor","Engine oil 15W-40","LUB-15W40-205","7","Routine issue","false"
"2026-08-01","NR-05","Surface Mining Equipment","Poor","Engine oil 15W-40","LUB-15W40-205","8.1","Routine issue","false"
"2026-08-02","NR-05","Surface Mining Equipment","Poor","Engine oil 15W-40","LUB-15W40-205","7.8","Routine issue","false"
"2026-08-03","NR-05","Surface Mining Equipment","Poor","Engine oil 15W-40","LUB-15W40-205","8.5","Routine issue","false"
"2026-08-04","NR-05","Surface Mining Equipment","Poor","Engine oil 15W-40","LUB-15W40-205","8.6","Routine issue","false"
"2026-08-05","NR-05","Surface Mining Equipment","Poor","Engine oil 15W-40","LUB-15W40-205","7.8","Routine issue","false"
"2026-08-06","NR-05","Surface Mining Equipment","Poor","Engine oil 15W-40","LUB-15W40-205","7.4","Routine issue","false"
"2026-08-07","NR-05","Surface Mining Equipment","Poor","Engine oil 15W-40","LUB-15W40-205","7.5","Routine issue","false"
"2026-08-08","NR-05","Surface Mining Equipment","Poor","Engine oil 15W-40","LUB-15W40-205","23.5","Anomaly","true"
"2026-08-09","NR-05","Surface Mining Equipment","Poor","Engine oil 15W-40","LUB-15W40-205","7.9","Routine issue","false"
"2026-08-10","NR-05","Surface Mining Equipment","Poor","Engine oil 15W-40","LUB-15W40-205","7.1","Routine issue","false"
"2026-08-11","NR-05","Surface Mining Equipment","Poor","Engine oil 15W-40","LUB-15W40-205","7.8","Routine issue","false"
"2026-08-12","NR-05","Surface Mining Equipment","Poor","Engine oil 15W-40","LUB-15W40-205","7.3","Routine issue","false"
"2026-08-13","NR-05","Surface Mining Equipment","Poor","Engine oil 15W-40","LUB-15W40-205","7.8","Routine issue","false"
"2026-08-14","NR-05","Surface Mining Equipment","Poor","Engine oil 15W-40","LUB-15W40-205","22.2","Maintenance spike","false"
"2026-08-15","NR-05","Surface Mining Equipment","Poor","Engine oil 15W-40","LUB-15W40-205","8.3","Routine issue","false"
"2026-08-16","NR-05","Surface Mining Equipment","Poor","Engine oil 15W-40","LUB-15W40-205","7.9","Routine issue","false"
"2026-08-17","NR-05","Surface Mining Equipment","Poor","Engine oil 15W-40","LUB-15W40-205","8.2","Routine issue","false"
"2026-08-18","NR-05","Surface Mining Equipment","Poor","Engine oil 15W-40","LUB-15W40-205","7.1","Routine issue","false"
"2026-08-19","NR-05","Surface Mining Equipment","Poor","Engine oil 15W-40","LUB-15W40-205","8.3","Routine issue","false"
"2026-08-20","NR-05","Surface Mining Equipment","Poor","Engine oil 15W-40","LUB-15W40-205","8.5","Routine issue","false"
"2026-08-21","NR-05","Surface Mining Equipment","Poor","Engine oil 15W-40","LUB-15W40-205","8.5","Routine issue","false"
"2026-08-22","NR-05","Surface Mining Equipment","Poor","Engine oil 15W-40","LUB-15W40-205","7.9","Routine issue","false"
"2026-08-23","NR-05","Surface Mining Equipment","Poor","Engine oil 15W-40","LUB-15W40-205","8.2","Routine issue","false"
"2026-08-24","NR-05","Surface Mining Equipment","Poor","Engine oil 15W-40","LUB-15W40-205","7.4","Routine issue","false"
"2026-08-25","NR-05","Surface Mining Equipment","Poor","Engine oil 15W-40","LUB-15W40-205","7.8","Routine issue","false"
"2026-08-26","NR-05","Surface Mining Equipment","Poor","Engine oil 15W-40","LUB-15W40-205","8.8","Routine issue","false"
"2026-08-27","NR-05","Surface Mining Equipment","Poor","Engine oil 15W-40","LUB-15W40-205","7.8","Routine issue","false"
"2026-08-28","NR-05","Surface Mining Equipment","Poor","Engine oil 15W-40","LUB-15W40-205","8.9","Routine issue","false"
"2026-08-29","NR-05","Surface Mining Equipment","Poor","Engine oil 15W-40","LUB-15W40-205","8","Routine issue","false"
"2026-08-30","NR-05","Surface Mining Equipment","Poor","Engine oil 15W-40","LUB-15W40-205","8.4","Routine issue","false"
"2026-08-31","NR-05","Surface Mining Equipment","Poor","Engine oil 15W-40","LUB-15W40-205","8.7","Routine issue","false"
"2026-09-01","NR-05","Surface Mining Equipment","Poor","Engine oil 15W-40","LUB-15W40-205","7.2","Routine issue","false"
"2026-09-02","NR-05","Surface Mining Equipment","Poor","Engine oil 15W-40","LUB-15W40-205","7.4","Routine issue","false"
"2026-09-03","NR-05","Surface Mining Equipment","Poor","Engine oil 15W-40","LUB-15W40-205","8.9","Routine issue","false"
"2026-09-04","NR-05","Surface Mining Equipment","Poor","Engine oil 15W-40","LUB-15W40-205","23.6","Anomaly","true"
"2026-09-05","NR-05","Surface Mining Equipment","Poor","Engine oil 15W-40","LUB-15W40-205","8.1","Routine issue","false"
"2026-09-06","NR-05","Surface Mining Equipment","Poor","Engine oil 15W-40","LUB-15W40-205","7.6","Routine issue","false"
"2026-09-07","NR-05","Surface Mining Equipment","Poor","Engine oil 15W-40","LUB-15W40-205","8.4","Routine issue","false"
"2026-09-08","NR-05","Surface Mining Equipment","Poor","Engine oil 15W-40","LUB-15W40-205","7.7","Routine issue","false"
"2026-09-09","NR-05","Surface Mining Equipment","Poor","Engine oil 15W-40","LUB-15W40-205","23.4","Anomaly","true"
"2026-09-10","NR-05","Surface Mining Equipment","Poor","Engine oil 15W-40","LUB-15W40-205","7.6","Routine issue","false"
"2026-09-11","NR-05","Surface Mining Equipment","Poor","Engine oil 15W-40","LUB-15W40-205","9.1","Routine issue","false"
"2026-09-12","NR-05","Surface Mining Equipment","Poor","Engine oil 15W-40","LUB-15W40-205","8.6","Routine issue","false"
"2026-09-13","NR-05","Surface Mining Equipment","Poor","Engine oil 15W-40","LUB-15W40-205","8","Routine issue","false"
"2026-03-18","NR-05","Surface Mining Equipment","Poor","Engine bearing set","BRG-ENG-797","0.1","Routine issue","false"
"2026-03-19","NR-05","Surface Mining Equipment","Poor","Engine bearing set","BRG-ENG-797","0.1","Routine issue","false"
"2026-03-20","NR-05","Surface Mining Equipment","Poor","Engine bearing set","BRG-ENG-797","0.4","Maintenance spike","false"
"2026-03-21","NR-05","Surface Mining Equipment","Poor","Engine bearing set","BRG-ENG-797","0.1","Routine issue","false"
"2026-03-22","NR-05","Surface Mining Equipment","Poor","Engine bearing set","BRG-ENG-797","0.1","Routine issue","false"
"2026-03-23","NR-05","Surface Mining Equipment","Poor","Engine bearing set","BRG-ENG-797","0.1","Routine issue","false"
"2026-03-24","NR-05","Surface Mining Equipment","Poor","Engine bearing set","BRG-ENG-797","0.1","Routine issue","false"
"2026-03-25","NR-05","Surface Mining Equipment","Poor","Engine bearing set","BRG-ENG-797","0.4","Anomaly","true"
"2026-03-26","NR-05","Surface Mining Equipment","Poor","Engine bearing set","BRG-ENG-797","0.1","Routine issue","false"
"2026-03-27","NR-05","Surface Mining Equipment","Poor","Engine bearing set","BRG-ENG-797","0.1","Routine issue","false"
"2026-03-28","NR-05","Surface Mining Equipment","Poor","Engine bearing set","BRG-ENG-797","0.1","Routine issue","false"
"2026-03-29","NR-05","Surface Mining Equipment","Poor","Engine bearing set","BRG-ENG-797","0.1","Routine issue","false"
"2026-03-30","NR-05","Surface Mining Equipment","Poor","Engine bearing set","BRG-ENG-797","0.1","Routine issue","false"
"2026-03-31","NR-05","Surface Mining Equipment","Poor","Engine bearing set","BRG-ENG-797","0.1","Routine issue","false"
"2026-04-01","NR-05","Surface Mining Equipment","Poor","Engine bearing set","BRG-ENG-797","0.1","Routine issue","false"
"2026-04-02","NR-05","Surface Mining Equipment","Poor","Engine bearing set","BRG-ENG-797","0.1","Routine issue","false"
"2026-04-03","NR-05","Surface Mining Equipment","Poor","Engine bearing set","BRG-ENG-797","0.1","Routine issue","false"
"2026-04-04","NR-05","Surface Mining Equipment","Poor","Engine bearing set","BRG-ENG-797","0.1","Routine issue","false"
"2026-04-05","NR-05","Surface Mining Equipment","Poor","Engine bearing set","BRG-ENG-797","0.1","Routine issue","false"
"2026-04-06","NR-05","Surface Mining Equipment","Poor","Engine bearing set","BRG-ENG-797","0.1","Routine issue","false"
"2026-04-07","NR-05","Surface Mining Equipment","Poor","Engine bearing set","BRG-ENG-797","0.1","Routine issue","false"
"2026-04-08","NR-05","Surface Mining Equipment","Poor","Engine bearing set","BRG-ENG-797","0.2","Routine issue","false"
"2026-04-09","NR-05","Surface Mining Equipment","Poor","Engine bearing set","BRG-ENG-797","0.1","Routine issue","false"
"2026-04-10","NR-05","Surface Mining Equipment","Poor","Engine bearing set","BRG-ENG-797","0.1","Routine issue","false"
"2026-04-11","NR-05","Surface Mining Equipment","Poor","Engine bearing set","BRG-ENG-797","0.1","Routine issue","false"
"2026-04-12","NR-05","Surface Mining Equipment","Poor","Engine bearing set","BRG-ENG-797","0.1","Routine issue","false"
"2026-04-13","NR-05","Surface Mining Equipment","Poor","Engine bearing set","BRG-ENG-797","0.1","Routine issue","false"
"2026-04-14","NR-05","Surface Mining Equipment","Poor","Engine bearing set","BRG-ENG-797","0.1","Routine issue","false"
"2026-04-15","NR-05","Surface Mining Equipment","Poor","Engine bearing set","BRG-ENG-797","0.2","Routine issue","false"
"2026-04-16","NR-05","Surface Mining Equipment","Poor","Engine bearing set","BRG-ENG-797","0.1","Routine issue","false"
"2026-04-17","NR-05","Surface Mining Equipment","Poor","Engine bearing set","BRG-ENG-797","0.1","Routine issue","false"
"2026-04-18","NR-05","Surface Mining Equipment","Poor","Engine bearing set","BRG-ENG-797","0.1","Routine issue","false"
"2026-04-19","NR-05","Surface Mining Equipment","Poor","Engine bearing set","BRG-ENG-797","0.1","Routine issue","false"
"2026-04-20","NR-05","Surface Mining Equipment","Poor","Engine bearing set","BRG-ENG-797","0.1","Routine issue","false"
"2026-04-21","NR-05","Surface Mining Equipment","Poor","Engine bearing set","BRG-ENG-797","0.1","Routine issue","false"
"2026-04-22","NR-05","Surface Mining Equipment","Poor","Engine bearing set","BRG-ENG-797","0.1","Routine issue","false"
"2026-04-23","NR-05","Surface Mining Equipment","Poor","Engine bearing set","BRG-ENG-797","0.1","Routine issue","false"
"2026-04-24","NR-05","Surface Mining Equipment","Poor","Engine bearing set","BRG-ENG-797","0.1","Routine issue","false"
"2026-04-25","NR-05","Surface Mining Equipment","Poor","Engine bearing set","BRG-ENG-797","0.1","Routine issue","false"
"2026-04-26","NR-05","Surface Mining Equipment","Poor","Engine bearing set","BRG-ENG-797","0.4","Maintenance spike","false"
"2026-04-27","NR-05","Surface Mining Equipment","Poor","Engine bearing set","BRG-ENG-797","0.1","Routine issue","false"
"2026-04-28","NR-05","Surface Mining Equipment","Poor","Engine bearing set","BRG-ENG-797","0.1","Routine issue","false"
"2026-04-29","NR-05","Surface Mining Equipment","Poor","Engine bearing set","BRG-ENG-797","0.1","Routine issue","false"
"2026-04-30","NR-05","Surface Mining Equipment","Poor","Engine bearing set","BRG-ENG-797","0.1","Routine issue","false"
"2026-05-01","NR-05","Surface Mining Equipment","Poor","Engine bearing set","BRG-ENG-797","0.1","Routine issue","false"
"2026-05-02","NR-05","Surface Mining Equipment","Poor","Engine bearing set","BRG-ENG-797","0.1","Routine issue","false"
"2026-05-03","NR-05","Surface Mining Equipment","Poor","Engine bearing set","BRG-ENG-797","0.2","Routine issue","false"
"2026-05-04","NR-05","Surface Mining Equipment","Poor","Engine bearing set","BRG-ENG-797","0.1","Routine issue","false"
"2026-05-05","NR-05","Surface Mining Equipment","Poor","Engine bearing set","BRG-ENG-797","0.1","Routine issue","false"
"2026-05-06","NR-05","Surface Mining Equipment","Poor","Engine bearing set","BRG-ENG-797","0.1","Routine issue","false"
"2026-05-07","NR-05","Surface Mining Equipment","Poor","Engine bearing set","BRG-ENG-797","0.1","Routine issue","false"
"2026-05-08","NR-05","Surface Mining Equipment","Poor","Engine bearing set","BRG-ENG-797","0.1","Routine issue","false"
"2026-05-09","NR-05","Surface Mining Equipment","Poor","Engine bearing set","BRG-ENG-797","0.1","Routine issue","false"
"2026-05-10","NR-05","Surface Mining Equipment","Poor","Engine bearing set","BRG-ENG-797","0.1","Routine issue","false"
"2026-05-11","NR-05","Surface Mining Equipment","Poor","Engine bearing set","BRG-ENG-797","0.1","Routine issue","false"
"2026-05-12","NR-05","Surface Mining Equipment","Poor","Engine bearing set","BRG-ENG-797","0.2","Routine issue","false"
"2026-05-13","NR-05","Surface Mining Equipment","Poor","Engine bearing set","BRG-ENG-797","0.2","Routine issue","false"
"2026-05-14","NR-05","Surface Mining Equipment","Poor","Engine bearing set","BRG-ENG-797","0.1","Routine issue","false"
"2026-05-15","NR-05","Surface Mining Equipment","Poor","Engine bearing set","BRG-ENG-797","0.1","Routine issue","false"
"2026-05-16","NR-05","Surface Mining Equipment","Poor","Engine bearing set","BRG-ENG-797","0.1","Routine issue","false"
"2026-05-17","NR-05","Surface Mining Equipment","Poor","Engine bearing set","BRG-ENG-797","0.2","Routine issue","false"
"2026-05-18","NR-05","Surface Mining Equipment","Poor","Engine bearing set","BRG-ENG-797","0.1","Routine issue","false"
"2026-05-19","NR-05","Surface Mining Equipment","Poor","Engine bearing set","BRG-ENG-797","0.2","Routine issue","false"
"2026-05-20","NR-05","Surface Mining Equipment","Poor","Engine bearing set","BRG-ENG-797","0.1","Routine issue","false"
"2026-05-21","NR-05","Surface Mining Equipment","Poor","Engine bearing set","BRG-ENG-797","0.1","Routine issue","false"
"2026-05-22","NR-05","Surface Mining Equipment","Poor","Engine bearing set","BRG-ENG-797","0.1","Routine issue","false"
"2026-05-23","NR-05","Surface Mining Equipment","Poor","Engine bearing set","BRG-ENG-797","0.1","Routine issue","false"
"2026-05-24","NR-05","Surface Mining Equipment","Poor","Engine bearing set","BRG-ENG-797","0.2","Routine issue","false"
"2026-05-25","NR-05","Surface Mining Equipment","Poor","Engine bearing set","BRG-ENG-797","0.1","Routine issue","false"
"2026-05-26","NR-05","Surface Mining Equipment","Poor","Engine bearing set","BRG-ENG-797","0.1","Routine issue","false"
"2026-05-27","NR-05","Surface Mining Equipment","Poor","Engine bearing set","BRG-ENG-797","0.1","Routine issue","false"
"2026-05-28","NR-05","Surface Mining Equipment","Poor","Engine bearing set","BRG-ENG-797","0.2","Routine issue","false"
"2026-05-29","NR-05","Surface Mining Equipment","Poor","Engine bearing set","BRG-ENG-797","0.1","Routine issue","false"
"2026-05-30","NR-05","Surface Mining Equipment","Poor","Engine bearing set","BRG-ENG-797","0.1","Routine issue","false"
"2026-05-31","NR-05","Surface Mining Equipment","Poor","Engine bearing set","BRG-ENG-797","0.1","Routine issue","false"
"2026-06-01","NR-05","Surface Mining Equipment","Poor","Engine bearing set","BRG-ENG-797","0.2","Routine issue","false"
"2026-06-02","NR-05","Surface Mining Equipment","Poor","Engine bearing set","BRG-ENG-797","0.4","Maintenance spike","false"
"2026-06-03","NR-05","Surface Mining Equipment","Poor","Engine bearing set","BRG-ENG-797","0.1","Routine issue","false"
"2026-06-04","NR-05","Surface Mining Equipment","Poor","Engine bearing set","BRG-ENG-797","0.1","Routine issue","false"
"2026-06-05","NR-05","Surface Mining Equipment","Poor","Engine bearing set","BRG-ENG-797","0.1","Routine issue","false"
"2026-06-06","NR-05","Surface Mining Equipment","Poor","Engine bearing set","BRG-ENG-797","0.1","Routine issue","false"
"2026-06-07","NR-05","Surface Mining Equipment","Poor","Engine bearing set","BRG-ENG-797","0.1","Routine issue","false"
"2026-06-08","NR-05","Surface Mining Equipment","Poor","Engine bearing set","BRG-ENG-797","0.1","Routine issue","false"
"2026-06-09","NR-05","Surface Mining Equipment","Poor","Engine bearing set","BRG-ENG-797","0.1","Routine issue","false"
"2026-06-10","NR-05","Surface Mining Equipment","Poor","Engine bearing set","BRG-ENG-797","0.1","Routine issue","false"
"2026-06-11","NR-05","Surface Mining Equipment","Poor","Engine bearing set","BRG-ENG-797","0.1","Routine issue","false"
"2026-06-12","NR-05","Surface Mining Equipment","Poor","Engine bearing set","BRG-ENG-797","0.1","Routine issue","false"
"2026-06-13","NR-05","Surface Mining Equipment","Poor","Engine bearing set","BRG-ENG-797","0.1","Routine issue","false"
"2026-06-14","NR-05","Surface Mining Equipment","Poor","Engine bearing set","BRG-ENG-797","0.1","Routine issue","false"
"2026-06-15","NR-05","Surface Mining Equipment","Poor","Engine bearing set","BRG-ENG-797","0.1","Routine issue","false"
"2026-06-16","NR-05","Surface Mining Equipment","Poor","Engine bearing set","BRG-ENG-797","0.1","Routine issue","false"
"2026-06-17","NR-05","Surface Mining Equipment","Poor","Engine bearing set","BRG-ENG-797","0.1","Routine issue","false"
"2026-06-18","NR-05","Surface Mining Equipment","Poor","Engine bearing set","BRG-ENG-797","0.1","Routine issue","false"
"2026-06-19","NR-05","Surface Mining Equipment","Poor","Engine bearing set","BRG-ENG-797","0.1","Routine issue","false"
"2026-06-20","NR-05","Surface Mining Equipment","Poor","Engine bearing set","BRG-ENG-797","0.1","Routine issue","false"
"2026-06-21","NR-05","Surface Mining Equipment","Poor","Engine bearing set","BRG-ENG-797","0.1","Routine issue","false"
"2026-06-22","NR-05","Surface Mining Equipment","Poor","Engine bearing set","BRG-ENG-797","0.1","Routine issue","false"
"2026-06-23","NR-05","Surface Mining Equipment","Poor","Engine bearing set","BRG-ENG-797","0.1","Routine issue","false"
"2026-06-24","NR-05","Surface Mining Equipment","Poor","Engine bearing set","BRG-ENG-797","0.1","Routine issue","false"
"2026-06-25","NR-05","Surface Mining Equipment","Poor","Engine bearing set","BRG-ENG-797","0.1","Routine issue","false"
"2026-06-26","NR-05","Surface Mining Equipment","Poor","Engine bearing set","BRG-ENG-797","0.1","Routine issue","false"
"2026-06-27","NR-05","Surface Mining Equipment","Poor","Engine bearing set","BRG-ENG-797","0.1","Routine issue","false"
"2026-06-28","NR-05","Surface Mining Equipment","Poor","Engine bearing set","BRG-ENG-797","0.1","Routine issue","false"
"2026-06-29","NR-05","Surface Mining Equipment","Poor","Engine bearing set","BRG-ENG-797","0.1","Routine issue","false"
"2026-06-30","NR-05","Surface Mining Equipment","Poor","Engine bearing set","BRG-ENG-797","0.1","Routine issue","false"
"2026-07-01","NR-05","Surface Mining Equipment","Poor","Engine bearing set","BRG-ENG-797","0.1","Routine issue","false"
"2026-07-02","NR-05","Surface Mining Equipment","Poor","Engine bearing set","BRG-ENG-797","0.1","Routine issue","false"
"2026-07-03","NR-05","Surface Mining Equipment","Poor","Engine bearing set","BRG-ENG-797","0.1","Routine issue","false"
"2026-07-04","NR-05","Surface Mining Equipment","Poor","Engine bearing set","BRG-ENG-797","0.1","Routine issue","false"
"2026-07-05","NR-05","Surface Mining Equipment","Poor","Engine bearing set","BRG-ENG-797","0.1","Routine issue","false"
"2026-07-06","NR-05","Surface Mining Equipment","Poor","Engine bearing set","BRG-ENG-797","0.1","Routine issue","false"
"2026-07-07","NR-05","Surface Mining Equipment","Poor","Engine bearing set","BRG-ENG-797","0.1","Routine issue","false"
"2026-07-08","NR-05","Surface Mining Equipment","Poor","Engine bearing set","BRG-ENG-797","0.1","Routine issue","false"
"2026-07-09","NR-05","Surface Mining Equipment","Poor","Engine bearing set","BRG-ENG-797","0.4","Maintenance spike","false"
"2026-07-10","NR-05","Surface Mining Equipment","Poor","Engine bearing set","BRG-ENG-797","0.1","Routine issue","false"
"2026-07-11","NR-05","Surface Mining Equipment","Poor","Engine bearing set","BRG-ENG-797","0.1","Routine issue","false"
"2026-07-12","NR-05","Surface Mining Equipment","Poor","Engine bearing set","BRG-ENG-797","0.1","Routine issue","false"
"2026-07-13","NR-05","Surface Mining Equipment","Poor","Engine bearing set","BRG-ENG-797","0.1","Routine issue","false"
"2026-07-14","NR-05","Surface Mining Equipment","Poor","Engine bearing set","BRG-ENG-797","0.1","Routine issue","false"
"2026-07-15","NR-05","Surface Mining Equipment","Poor","Engine bearing set","BRG-ENG-797","0.1","Routine issue","false"
"2026-07-16","NR-05","Surface Mining Equipment","Poor","Engine bearing set","BRG-ENG-797","0.1","Routine issue","false"
"2026-07-17","NR-05","Surface Mining Equipment","Poor","Engine bearing set","BRG-ENG-797","0.1","Routine issue","false"
"2026-07-18","NR-05","Surface Mining Equipment","Poor","Engine bearing set","BRG-ENG-797","0.1","Routine issue","false"
"2026-07-19","NR-05","Surface Mining Equipment","Poor","Engine bearing set","BRG-ENG-797","0.1","Routine issue","false"
"2026-07-20","NR-05","Surface Mining Equipment","Poor","Engine bearing set","BRG-ENG-797","0.1","Routine issue","false"
"2026-07-21","NR-05","Surface Mining Equipment","Poor","Engine bearing set","BRG-ENG-797","0.1","Routine issue","false"
"2026-07-22","NR-05","Surface Mining Equipment","Poor","Engine bearing set","BRG-ENG-797","0.4","Anomaly","true"
"2026-07-23","NR-05","Surface Mining Equipment","Poor","Engine bearing set","BRG-ENG-797","0.1","Routine issue","false"
"2026-07-24","NR-05","Surface Mining Equipment","Poor","Engine bearing set","BRG-ENG-797","0.1","Routine issue","false"
"2026-07-25","NR-05","Surface Mining Equipment","Poor","Engine bearing set","BRG-ENG-797","0.1","Routine issue","false"
"2026-07-26","NR-05","Surface Mining Equipment","Poor","Engine bearing set","BRG-ENG-797","0.1","Routine issue","false"
"2026-07-27","NR-05","Surface Mining Equipment","Poor","Engine bearing set","BRG-ENG-797","0.1","Routine issue","false"
"2026-07-28","NR-05","Surface Mining Equipment","Poor","Engine bearing set","BRG-ENG-797","0.1","Routine issue","false"
"2026-07-29","NR-05","Surface Mining Equipment","Poor","Engine bearing set","BRG-ENG-797","0.1","Routine issue","false"
"2026-07-30","NR-05","Surface Mining Equipment","Poor","Engine bearing set","BRG-ENG-797","0.1","Routine issue","false"
"2026-07-31","NR-05","Surface Mining Equipment","Poor","Engine bearing set","BRG-ENG-797","0.1","Routine issue","false"
"2026-08-01","NR-05","Surface Mining Equipment","Poor","Engine bearing set","BRG-ENG-797","0.1","Routine issue","false"
"2026-08-02","NR-05","Surface Mining Equipment","Poor","Engine bearing set","BRG-ENG-797","0.1","Routine issue","false"
"2026-08-03","NR-05","Surface Mining Equipment","Poor","Engine bearing set","BRG-ENG-797","0.1","Routine issue","false"
"2026-08-04","NR-05","Surface Mining Equipment","Poor","Engine bearing set","BRG-ENG-797","0.1","Routine issue","false"
"2026-08-05","NR-05","Surface Mining Equipment","Poor","Engine bearing set","BRG-ENG-797","0.1","Routine issue","false"
"2026-08-06","NR-05","Surface Mining Equipment","Poor","Engine bearing set","BRG-ENG-797","0.1","Routine issue","false"
"2026-08-07","NR-05","Surface Mining Equipment","Poor","Engine bearing set","BRG-ENG-797","0.1","Routine issue","false"
"2026-08-08","NR-05","Surface Mining Equipment","Poor","Engine bearing set","BRG-ENG-797","0.1","Routine issue","false"
"2026-08-09","NR-05","Surface Mining Equipment","Poor","Engine bearing set","BRG-ENG-797","0.1","Routine issue","false"
"2026-08-10","NR-05","Surface Mining Equipment","Poor","Engine bearing set","BRG-ENG-797","0.1","Routine issue","false"
"2026-08-11","NR-05","Surface Mining Equipment","Poor","Engine bearing set","BRG-ENG-797","0.1","Routine issue","false"
"2026-08-12","NR-05","Surface Mining Equipment","Poor","Engine bearing set","BRG-ENG-797","0.1","Routine issue","false"
"2026-08-13","NR-05","Surface Mining Equipment","Poor","Engine bearing set","BRG-ENG-797","0.1","Routine issue","false"
"2026-08-14","NR-05","Surface Mining Equipment","Poor","Engine bearing set","BRG-ENG-797","0.1","Routine issue","false"
"2026-08-15","NR-05","Surface Mining Equipment","Poor","Engine bearing set","BRG-ENG-797","0.3","Maintenance spike","false"
"2026-08-16","NR-05","Surface Mining Equipment","Poor","Engine bearing set","BRG-ENG-797","0.1","Routine issue","false"
"2026-08-17","NR-05","Surface Mining Equipment","Poor","Engine bearing set","BRG-ENG-797","0.1","Routine issue","false"
"2026-08-18","NR-05","Surface Mining Equipment","Poor","Engine bearing set","BRG-ENG-797","0.1","Routine issue","false"
"2026-08-19","NR-05","Surface Mining Equipment","Poor","Engine bearing set","BRG-ENG-797","0.1","Routine issue","false"
"2026-08-20","NR-05","Surface Mining Equipment","Poor","Engine bearing set","BRG-ENG-797","0.1","Routine issue","false"
"2026-08-21","NR-05","Surface Mining Equipment","Poor","Engine bearing set","BRG-ENG-797","0.1","Routine issue","false"
"2026-08-22","NR-05","Surface Mining Equipment","Poor","Engine bearing set","BRG-ENG-797","0.1","Routine issue","false"
"2026-08-23","NR-05","Surface Mining Equipment","Poor","Engine bearing set","BRG-ENG-797","0.1","Routine issue","false"
"2026-08-24","NR-05","Surface Mining Equipment","Poor","Engine bearing set","BRG-ENG-797","0.1","Routine issue","false"
"2026-08-25","NR-05","Surface Mining Equipment","Poor","Engine bearing set","BRG-ENG-797","0.1","Routine issue","false"
"2026-08-26","NR-05","Surface Mining Equipment","Poor","Engine bearing set","BRG-ENG-797","0.1","Routine issue","false"
"2026-08-27","NR-05","Surface Mining Equipment","Poor","Engine bearing set","BRG-ENG-797","0.1","Routine issue","false"
"2026-08-28","NR-05","Surface Mining Equipment","Poor","Engine bearing set","BRG-ENG-797","0.1","Routine issue","false"
"2026-08-29","NR-05","Surface Mining Equipment","Poor","Engine bearing set","BRG-ENG-797","0.1","Routine issue","false"
"2026-08-30","NR-05","Surface Mining Equipment","Poor","Engine bearing set","BRG-ENG-797","0.1","Routine issue","false"
"2026-08-31","NR-05","Surface Mining Equipment","Poor","Engine bearing set","BRG-ENG-797","0.1","Routine issue","false"
"2026-09-01","NR-05","Surface Mining Equipment","Poor","Engine bearing set","BRG-ENG-797","0.1","Routine issue","false"
"2026-09-02","NR-05","Surface Mining Equipment","Poor","Engine bearing set","BRG-ENG-797","0.1","Routine issue","false"
"2026-09-03","NR-05","Surface Mining Equipment","Poor","Engine bearing set","BRG-ENG-797","0.1","Routine issue","false"
"2026-09-04","NR-05","Surface Mining Equipment","Poor","Engine bearing set","BRG-ENG-797","0.1","Routine issue","false"
"2026-09-05","NR-05","Surface Mining Equipment","Poor","Engine bearing set","BRG-ENG-797","0.1","Routine issue","false"
"2026-09-06","NR-05","Surface Mining Equipment","Poor","Engine bearing set","BRG-ENG-797","0.1","Routine issue","false"
"2026-09-07","NR-05","Surface Mining Equipment","Poor","Engine bearing set","BRG-ENG-797","0.1","Routine issue","false"
"2026-09-08","NR-05","Surface Mining Equipment","Poor","Engine bearing set","BRG-ENG-797","0.1","Routine issue","false"
"2026-09-09","NR-05","Surface Mining Equipment","Poor","Engine bearing set","BRG-ENG-797","0.4","Anomaly","true"
"2026-09-10","NR-05","Surface Mining Equipment","Poor","Engine bearing set","BRG-ENG-797","0.1","Routine issue","false"
"2026-09-11","NR-05","Surface Mining Equipment","Poor","Engine bearing set","BRG-ENG-797","0.1","Routine issue","false"
"2026-09-12","NR-05","Surface Mining Equipment","Poor","Engine bearing set","BRG-ENG-797","0.1","Routine issue","false"
"2026-09-13","NR-05","Surface Mining Equipment","Poor","Engine bearing set","BRG-ENG-797","0.1","Routine issue","false"
"2026-03-18","NR-12","Surface Mining Equipment","Fair","Pump seal kit","KIT-PMP-793","0.1","Routine issue","false"
"2026-03-19","NR-12","Surface Mining Equipment","Fair","Pump seal kit","KIT-PMP-793","0.2","Routine issue","false"
"2026-03-20","NR-12","Surface Mining Equipment","Fair","Pump seal kit","KIT-PMP-793","0.2","Routine issue","false"
"2026-03-21","NR-12","Surface Mining Equipment","Fair","Pump seal kit","KIT-PMP-793","0.5","Maintenance spike","false"
"2026-03-22","NR-12","Surface Mining Equipment","Fair","Pump seal kit","KIT-PMP-793","0.2","Routine issue","false"
"2026-03-23","NR-12","Surface Mining Equipment","Fair","Pump seal kit","KIT-PMP-793","0.2","Routine issue","false"
"2026-03-24","NR-12","Surface Mining Equipment","Fair","Pump seal kit","KIT-PMP-793","0.2","Routine issue","false"
"2026-03-25","NR-12","Surface Mining Equipment","Fair","Pump seal kit","KIT-PMP-793","0.2","Routine issue","false"
"2026-03-26","NR-12","Surface Mining Equipment","Fair","Pump seal kit","KIT-PMP-793","0.2","Routine issue","false"
"2026-03-27","NR-12","Surface Mining Equipment","Fair","Pump seal kit","KIT-PMP-793","0.2","Routine issue","false"
"2026-03-28","NR-12","Surface Mining Equipment","Fair","Pump seal kit","KIT-PMP-793","0.2","Routine issue","false"
"2026-03-29","NR-12","Surface Mining Equipment","Fair","Pump seal kit","KIT-PMP-793","0.2","Routine issue","false"
"2026-03-30","NR-12","Surface Mining Equipment","Fair","Pump seal kit","KIT-PMP-793","0.1","Routine issue","false"
"2026-03-31","NR-12","Surface Mining Equipment","Fair","Pump seal kit","KIT-PMP-793","0.2","Routine issue","false"
"2026-04-01","NR-12","Surface Mining Equipment","Fair","Pump seal kit","KIT-PMP-793","0.2","Routine issue","false"
"2026-04-02","NR-12","Surface Mining Equipment","Fair","Pump seal kit","KIT-PMP-793","0.2","Routine issue","false"
"2026-04-03","NR-12","Surface Mining Equipment","Fair","Pump seal kit","KIT-PMP-793","0.2","Routine issue","false"
"2026-04-04","NR-12","Surface Mining Equipment","Fair","Pump seal kit","KIT-PMP-793","0.2","Routine issue","false"
"2026-04-05","NR-12","Surface Mining Equipment","Fair","Pump seal kit","KIT-PMP-793","0.2","Routine issue","false"
"2026-04-06","NR-12","Surface Mining Equipment","Fair","Pump seal kit","KIT-PMP-793","0.2","Routine issue","false"
"2026-04-07","NR-12","Surface Mining Equipment","Fair","Pump seal kit","KIT-PMP-793","0.5","Anomaly","true"
"2026-04-08","NR-12","Surface Mining Equipment","Fair","Pump seal kit","KIT-PMP-793","0.2","Routine issue","false"
"2026-04-09","NR-12","Surface Mining Equipment","Fair","Pump seal kit","KIT-PMP-793","0.2","Routine issue","false"
"2026-04-10","NR-12","Surface Mining Equipment","Fair","Pump seal kit","KIT-PMP-793","0.2","Routine issue","false"
"2026-04-11","NR-12","Surface Mining Equipment","Fair","Pump seal kit","KIT-PMP-793","0.2","Routine issue","false"
"2026-04-12","NR-12","Surface Mining Equipment","Fair","Pump seal kit","KIT-PMP-793","0.2","Routine issue","false"
"2026-04-13","NR-12","Surface Mining Equipment","Fair","Pump seal kit","KIT-PMP-793","0.2","Routine issue","false"
"2026-04-14","NR-12","Surface Mining Equipment","Fair","Pump seal kit","KIT-PMP-793","0.2","Routine issue","false"
"2026-04-15","NR-12","Surface Mining Equipment","Fair","Pump seal kit","KIT-PMP-793","0.2","Routine issue","false"
"2026-04-16","NR-12","Surface Mining Equipment","Fair","Pump seal kit","KIT-PMP-793","0.2","Routine issue","false"
"2026-04-17","NR-12","Surface Mining Equipment","Fair","Pump seal kit","KIT-PMP-793","0.2","Routine issue","false"
"2026-04-18","NR-12","Surface Mining Equipment","Fair","Pump seal kit","KIT-PMP-793","0.2","Routine issue","false"
"2026-04-19","NR-12","Surface Mining Equipment","Fair","Pump seal kit","KIT-PMP-793","0.2","Routine issue","false"
"2026-04-20","NR-12","Surface Mining Equipment","Fair","Pump seal kit","KIT-PMP-793","0.2","Routine issue","false"
"2026-04-21","NR-12","Surface Mining Equipment","Fair","Pump seal kit","KIT-PMP-793","0.2","Routine issue","false"
"2026-04-22","NR-12","Surface Mining Equipment","Fair","Pump seal kit","KIT-PMP-793","0.2","Routine issue","false"
"2026-04-23","NR-12","Surface Mining Equipment","Fair","Pump seal kit","KIT-PMP-793","0.2","Routine issue","false"
"2026-04-24","NR-12","Surface Mining Equipment","Fair","Pump seal kit","KIT-PMP-793","0.2","Routine issue","false"
"2026-04-25","NR-12","Surface Mining Equipment","Fair","Pump seal kit","KIT-PMP-793","0.2","Routine issue","false"
"2026-04-26","NR-12","Surface Mining Equipment","Fair","Pump seal kit","KIT-PMP-793","0.2","Routine issue","false"
"2026-04-27","NR-12","Surface Mining Equipment","Fair","Pump seal kit","KIT-PMP-793","0.5","Maintenance spike","false"
"2026-04-28","NR-12","Surface Mining Equipment","Fair","Pump seal kit","KIT-PMP-793","0.2","Routine issue","false"
"2026-04-29","NR-12","Surface Mining Equipment","Fair","Pump seal kit","KIT-PMP-793","0.2","Routine issue","false"
"2026-04-30","NR-12","Surface Mining Equipment","Fair","Pump seal kit","KIT-PMP-793","0.2","Routine issue","false"
"2026-05-01","NR-12","Surface Mining Equipment","Fair","Pump seal kit","KIT-PMP-793","0.2","Routine issue","false"
"2026-05-02","NR-12","Surface Mining Equipment","Fair","Pump seal kit","KIT-PMP-793","0.2","Routine issue","false"
"2026-05-03","NR-12","Surface Mining Equipment","Fair","Pump seal kit","KIT-PMP-793","0.2","Routine issue","false"
"2026-05-04","NR-12","Surface Mining Equipment","Fair","Pump seal kit","KIT-PMP-793","0.5","Anomaly","true"
"2026-05-05","NR-12","Surface Mining Equipment","Fair","Pump seal kit","KIT-PMP-793","0.2","Routine issue","false"
"2026-05-06","NR-12","Surface Mining Equipment","Fair","Pump seal kit","KIT-PMP-793","0.2","Routine issue","false"
"2026-05-07","NR-12","Surface Mining Equipment","Fair","Pump seal kit","KIT-PMP-793","0.2","Routine issue","false"
"2026-05-08","NR-12","Surface Mining Equipment","Fair","Pump seal kit","KIT-PMP-793","0.2","Routine issue","false"
"2026-05-09","NR-12","Surface Mining Equipment","Fair","Pump seal kit","KIT-PMP-793","0.2","Routine issue","false"
"2026-05-10","NR-12","Surface Mining Equipment","Fair","Pump seal kit","KIT-PMP-793","0.2","Routine issue","false"
"2026-05-11","NR-12","Surface Mining Equipment","Fair","Pump seal kit","KIT-PMP-793","0.2","Routine issue","false"
"2026-05-12","NR-12","Surface Mining Equipment","Fair","Pump seal kit","KIT-PMP-793","0.2","Routine issue","false"
"2026-05-13","NR-12","Surface Mining Equipment","Fair","Pump seal kit","KIT-PMP-793","0.2","Routine issue","false"
"2026-05-14","NR-12","Surface Mining Equipment","Fair","Pump seal kit","KIT-PMP-793","0.2","Routine issue","false"
"2026-05-15","NR-12","Surface Mining Equipment","Fair","Pump seal kit","KIT-PMP-793","0.2","Routine issue","false"
"2026-05-16","NR-12","Surface Mining Equipment","Fair","Pump seal kit","KIT-PMP-793","0.2","Routine issue","false"
"2026-05-17","NR-12","Surface Mining Equipment","Fair","Pump seal kit","KIT-PMP-793","0.2","Routine issue","false"
"2026-05-18","NR-12","Surface Mining Equipment","Fair","Pump seal kit","KIT-PMP-793","0.2","Routine issue","false"
"2026-05-19","NR-12","Surface Mining Equipment","Fair","Pump seal kit","KIT-PMP-793","0.2","Routine issue","false"
"2026-05-20","NR-12","Surface Mining Equipment","Fair","Pump seal kit","KIT-PMP-793","0.2","Routine issue","false"
"2026-05-21","NR-12","Surface Mining Equipment","Fair","Pump seal kit","KIT-PMP-793","0.2","Routine issue","false"
"2026-05-22","NR-12","Surface Mining Equipment","Fair","Pump seal kit","KIT-PMP-793","0.2","Routine issue","false"
"2026-05-23","NR-12","Surface Mining Equipment","Fair","Pump seal kit","KIT-PMP-793","0.2","Routine issue","false"
"2026-05-24","NR-12","Surface Mining Equipment","Fair","Pump seal kit","KIT-PMP-793","0.2","Routine issue","false"
"2026-05-25","NR-12","Surface Mining Equipment","Fair","Pump seal kit","KIT-PMP-793","0.2","Routine issue","false"
"2026-05-26","NR-12","Surface Mining Equipment","Fair","Pump seal kit","KIT-PMP-793","0.2","Routine issue","false"
"2026-05-27","NR-12","Surface Mining Equipment","Fair","Pump seal kit","KIT-PMP-793","0.2","Routine issue","false"
"2026-05-28","NR-12","Surface Mining Equipment","Fair","Pump seal kit","KIT-PMP-793","0.2","Routine issue","false"
"2026-05-29","NR-12","Surface Mining Equipment","Fair","Pump seal kit","KIT-PMP-793","0.2","Routine issue","false"
"2026-05-30","NR-12","Surface Mining Equipment","Fair","Pump seal kit","KIT-PMP-793","0.2","Routine issue","false"
"2026-05-31","NR-12","Surface Mining Equipment","Fair","Pump seal kit","KIT-PMP-793","0.2","Routine issue","false"
"2026-06-01","NR-12","Surface Mining Equipment","Fair","Pump seal kit","KIT-PMP-793","0.2","Routine issue","false"
"2026-06-02","NR-12","Surface Mining Equipment","Fair","Pump seal kit","KIT-PMP-793","0.2","Routine issue","false"
"2026-06-03","NR-12","Surface Mining Equipment","Fair","Pump seal kit","KIT-PMP-793","0.5","Maintenance spike","false"
"2026-06-04","NR-12","Surface Mining Equipment","Fair","Pump seal kit","KIT-PMP-793","0.2","Routine issue","false"
"2026-06-05","NR-12","Surface Mining Equipment","Fair","Pump seal kit","KIT-PMP-793","0.2","Routine issue","false"
"2026-06-06","NR-12","Surface Mining Equipment","Fair","Pump seal kit","KIT-PMP-793","0.2","Routine issue","false"
"2026-06-07","NR-12","Surface Mining Equipment","Fair","Pump seal kit","KIT-PMP-793","0.2","Routine issue","false"
"2026-06-08","NR-12","Surface Mining Equipment","Fair","Pump seal kit","KIT-PMP-793","0.1","Routine issue","false"
"2026-06-09","NR-12","Surface Mining Equipment","Fair","Pump seal kit","KIT-PMP-793","0.2","Routine issue","false"
"2026-06-10","NR-12","Surface Mining Equipment","Fair","Pump seal kit","KIT-PMP-793","0.2","Routine issue","false"
"2026-06-11","NR-12","Surface Mining Equipment","Fair","Pump seal kit","KIT-PMP-793","0.2","Routine issue","false"
"2026-06-12","NR-12","Surface Mining Equipment","Fair","Pump seal kit","KIT-PMP-793","0.2","Routine issue","false"
"2026-06-13","NR-12","Surface Mining Equipment","Fair","Pump seal kit","KIT-PMP-793","0.2","Routine issue","false"
"2026-06-14","NR-12","Surface Mining Equipment","Fair","Pump seal kit","KIT-PMP-793","0.2","Routine issue","false"
"2026-06-15","NR-12","Surface Mining Equipment","Fair","Pump seal kit","KIT-PMP-793","0.2","Routine issue","false"
"2026-06-16","NR-12","Surface Mining Equipment","Fair","Pump seal kit","KIT-PMP-793","0.2","Routine issue","false"
"2026-06-17","NR-12","Surface Mining Equipment","Fair","Pump seal kit","KIT-PMP-793","0.2","Routine issue","false"
"2026-06-18","NR-12","Surface Mining Equipment","Fair","Pump seal kit","KIT-PMP-793","0.2","Routine issue","false"
"2026-06-19","NR-12","Surface Mining Equipment","Fair","Pump seal kit","KIT-PMP-793","0.1","Routine issue","false"
"2026-06-20","NR-12","Surface Mining Equipment","Fair","Pump seal kit","KIT-PMP-793","0.2","Routine issue","false"
"2026-06-21","NR-12","Surface Mining Equipment","Fair","Pump seal kit","KIT-PMP-793","0.2","Routine issue","false"
"2026-06-22","NR-12","Surface Mining Equipment","Fair","Pump seal kit","KIT-PMP-793","0.2","Routine issue","false"
"2026-06-23","NR-12","Surface Mining Equipment","Fair","Pump seal kit","KIT-PMP-793","0.2","Routine issue","false"
"2026-06-24","NR-12","Surface Mining Equipment","Fair","Pump seal kit","KIT-PMP-793","0.2","Routine issue","false"
"2026-06-25","NR-12","Surface Mining Equipment","Fair","Pump seal kit","KIT-PMP-793","0.2","Routine issue","false"
"2026-06-26","NR-12","Surface Mining Equipment","Fair","Pump seal kit","KIT-PMP-793","0.1","Routine issue","false"
"2026-06-27","NR-12","Surface Mining Equipment","Fair","Pump seal kit","KIT-PMP-793","0.1","Routine issue","false"
"2026-06-28","NR-12","Surface Mining Equipment","Fair","Pump seal kit","KIT-PMP-793","0.2","Routine issue","false"
"2026-06-29","NR-12","Surface Mining Equipment","Fair","Pump seal kit","KIT-PMP-793","0.2","Routine issue","false"
"2026-06-30","NR-12","Surface Mining Equipment","Fair","Pump seal kit","KIT-PMP-793","0.2","Routine issue","false"
"2026-07-01","NR-12","Surface Mining Equipment","Fair","Pump seal kit","KIT-PMP-793","0.2","Routine issue","false"
"2026-07-02","NR-12","Surface Mining Equipment","Fair","Pump seal kit","KIT-PMP-793","0.2","Routine issue","false"
"2026-07-03","NR-12","Surface Mining Equipment","Fair","Pump seal kit","KIT-PMP-793","0.1","Routine issue","false"
"2026-07-04","NR-12","Surface Mining Equipment","Fair","Pump seal kit","KIT-PMP-793","0.2","Routine issue","false"
"2026-07-05","NR-12","Surface Mining Equipment","Fair","Pump seal kit","KIT-PMP-793","0.2","Routine issue","false"
"2026-07-06","NR-12","Surface Mining Equipment","Fair","Pump seal kit","KIT-PMP-793","0.2","Routine issue","false"
"2026-07-07","NR-12","Surface Mining Equipment","Fair","Pump seal kit","KIT-PMP-793","0.1","Routine issue","false"
"2026-07-08","NR-12","Surface Mining Equipment","Fair","Pump seal kit","KIT-PMP-793","0.2","Routine issue","false"
"2026-07-09","NR-12","Surface Mining Equipment","Fair","Pump seal kit","KIT-PMP-793","0.1","Routine issue","false"
"2026-07-10","NR-12","Surface Mining Equipment","Fair","Pump seal kit","KIT-PMP-793","0.5","Maintenance spike","false"
"2026-07-11","NR-12","Surface Mining Equipment","Fair","Pump seal kit","KIT-PMP-793","0.2","Routine issue","false"
"2026-07-12","NR-12","Surface Mining Equipment","Fair","Pump seal kit","KIT-PMP-793","0.2","Routine issue","false"
"2026-07-13","NR-12","Surface Mining Equipment","Fair","Pump seal kit","KIT-PMP-793","0.2","Routine issue","false"
"2026-07-14","NR-12","Surface Mining Equipment","Fair","Pump seal kit","KIT-PMP-793","0.2","Routine issue","false"
"2026-07-15","NR-12","Surface Mining Equipment","Fair","Pump seal kit","KIT-PMP-793","0.1","Routine issue","false"
"2026-07-16","NR-12","Surface Mining Equipment","Fair","Pump seal kit","KIT-PMP-793","0.2","Routine issue","false"
"2026-07-17","NR-12","Surface Mining Equipment","Fair","Pump seal kit","KIT-PMP-793","0.2","Routine issue","false"
"2026-07-18","NR-12","Surface Mining Equipment","Fair","Pump seal kit","KIT-PMP-793","0.2","Routine issue","false"
"2026-07-19","NR-12","Surface Mining Equipment","Fair","Pump seal kit","KIT-PMP-793","0.2","Routine issue","false"
"2026-07-20","NR-12","Surface Mining Equipment","Fair","Pump seal kit","KIT-PMP-793","0.2","Routine issue","false"
"2026-07-21","NR-12","Surface Mining Equipment","Fair","Pump seal kit","KIT-PMP-793","0.1","Routine issue","false"
"2026-07-22","NR-12","Surface Mining Equipment","Fair","Pump seal kit","KIT-PMP-793","0.1","Routine issue","false"
"2026-07-23","NR-12","Surface Mining Equipment","Fair","Pump seal kit","KIT-PMP-793","0.2","Routine issue","false"
"2026-07-24","NR-12","Surface Mining Equipment","Fair","Pump seal kit","KIT-PMP-793","0.1","Routine issue","false"
"2026-07-25","NR-12","Surface Mining Equipment","Fair","Pump seal kit","KIT-PMP-793","0.2","Routine issue","false"
"2026-07-26","NR-12","Surface Mining Equipment","Fair","Pump seal kit","KIT-PMP-793","0.2","Routine issue","false"
"2026-07-27","NR-12","Surface Mining Equipment","Fair","Pump seal kit","KIT-PMP-793","0.2","Routine issue","false"
"2026-07-28","NR-12","Surface Mining Equipment","Fair","Pump seal kit","KIT-PMP-793","0.2","Routine issue","false"
"2026-07-29","NR-12","Surface Mining Equipment","Fair","Pump seal kit","KIT-PMP-793","0.1","Routine issue","false"
"2026-07-30","NR-12","Surface Mining Equipment","Fair","Pump seal kit","KIT-PMP-793","0.1","Routine issue","false"
"2026-07-31","NR-12","Surface Mining Equipment","Fair","Pump seal kit","KIT-PMP-793","0.2","Routine issue","false"
"2026-08-01","NR-12","Surface Mining Equipment","Fair","Pump seal kit","KIT-PMP-793","0.2","Routine issue","false"
"2026-08-02","NR-12","Surface Mining Equipment","Fair","Pump seal kit","KIT-PMP-793","0.2","Routine issue","false"
"2026-08-03","NR-12","Surface Mining Equipment","Fair","Pump seal kit","KIT-PMP-793","0.1","Routine issue","false"
"2026-08-04","NR-12","Surface Mining Equipment","Fair","Pump seal kit","KIT-PMP-793","0.2","Routine issue","false"
"2026-08-05","NR-12","Surface Mining Equipment","Fair","Pump seal kit","KIT-PMP-793","0.1","Routine issue","false"
"2026-08-06","NR-12","Surface Mining Equipment","Fair","Pump seal kit","KIT-PMP-793","0.2","Routine issue","false"
"2026-08-07","NR-12","Surface Mining Equipment","Fair","Pump seal kit","KIT-PMP-793","0.1","Routine issue","false"
"2026-08-08","NR-12","Surface Mining Equipment","Fair","Pump seal kit","KIT-PMP-793","0.2","Routine issue","false"
"2026-08-09","NR-12","Surface Mining Equipment","Fair","Pump seal kit","KIT-PMP-793","0.2","Routine issue","false"
"2026-08-10","NR-12","Surface Mining Equipment","Fair","Pump seal kit","KIT-PMP-793","0.1","Routine issue","false"
"2026-08-11","NR-12","Surface Mining Equipment","Fair","Pump seal kit","KIT-PMP-793","0.2","Routine issue","false"
"2026-08-12","NR-12","Surface Mining Equipment","Fair","Pump seal kit","KIT-PMP-793","0.1","Routine issue","false"
"2026-08-13","NR-12","Surface Mining Equipment","Fair","Pump seal kit","KIT-PMP-793","0.2","Routine issue","false"
"2026-08-14","NR-12","Surface Mining Equipment","Fair","Pump seal kit","KIT-PMP-793","0.2","Routine issue","false"
"2026-08-15","NR-12","Surface Mining Equipment","Fair","Pump seal kit","KIT-PMP-793","0.1","Routine issue","false"
"2026-08-16","NR-12","Surface Mining Equipment","Fair","Pump seal kit","KIT-PMP-793","0.5","Maintenance spike","false"
"2026-08-17","NR-12","Surface Mining Equipment","Fair","Pump seal kit","KIT-PMP-793","0.2","Routine issue","false"
"2026-08-18","NR-12","Surface Mining Equipment","Fair","Pump seal kit","KIT-PMP-793","0.2","Routine issue","false"
"2026-08-19","NR-12","Surface Mining Equipment","Fair","Pump seal kit","KIT-PMP-793","0.2","Routine issue","false"
"2026-08-20","NR-12","Surface Mining Equipment","Fair","Pump seal kit","KIT-PMP-793","0.1","Routine issue","false"
"2026-08-21","NR-12","Surface Mining Equipment","Fair","Pump seal kit","KIT-PMP-793","0.2","Routine issue","false"
"2026-08-22","NR-12","Surface Mining Equipment","Fair","Pump seal kit","KIT-PMP-793","0.2","Routine issue","false"
"2026-08-23","NR-12","Surface Mining Equipment","Fair","Pump seal kit","KIT-PMP-793","0.2","Routine issue","false"
"2026-08-24","NR-12","Surface Mining Equipment","Fair","Pump seal kit","KIT-PMP-793","0.1","Routine issue","false"
"2026-08-25","NR-12","Surface Mining Equipment","Fair","Pump seal kit","KIT-PMP-793","0.1","Routine issue","false"
"2026-08-26","NR-12","Surface Mining Equipment","Fair","Pump seal kit","KIT-PMP-793","0.2","Routine issue","false"
"2026-08-27","NR-12","Surface Mining Equipment","Fair","Pump seal kit","KIT-PMP-793","0.2","Routine issue","false"
"2026-08-28","NR-12","Surface Mining Equipment","Fair","Pump seal kit","KIT-PMP-793","0.2","Routine issue","false"
"2026-08-29","NR-12","Surface Mining Equipment","Fair","Pump seal kit","KIT-PMP-793","0.1","Routine issue","false"
"2026-08-30","NR-12","Surface Mining Equipment","Fair","Pump seal kit","KIT-PMP-793","0.2","Routine issue","false"
"2026-08-31","NR-12","Surface Mining Equipment","Fair","Pump seal kit","KIT-PMP-793","0.1","Routine issue","false"
"2026-09-01","NR-12","Surface Mining Equipment","Fair","Pump seal kit","KIT-PMP-793","0.2","Routine issue","false"
"2026-09-02","NR-12","Surface Mining Equipment","Fair","Pump seal kit","KIT-PMP-793","0.2","Routine issue","false"
"2026-09-03","NR-12","Surface Mining Equipment","Fair","Pump seal kit","KIT-PMP-793","0.2","Routine issue","false"
"2026-09-04","NR-12","Surface Mining Equipment","Fair","Pump seal kit","KIT-PMP-793","0.2","Routine issue","false"
"2026-09-05","NR-12","Surface Mining Equipment","Fair","Pump seal kit","KIT-PMP-793","0.2","Routine issue","false"
"2026-09-06","NR-12","Surface Mining Equipment","Fair","Pump seal kit","KIT-PMP-793","0.2","Routine issue","false"
"2026-09-07","NR-12","Surface Mining Equipment","Fair","Pump seal kit","KIT-PMP-793","0.2","Routine issue","false"
"2026-09-08","NR-12","Surface Mining Equipment","Fair","Pump seal kit","KIT-PMP-793","0.2","Routine issue","false"
"2026-09-09","NR-12","Surface Mining Equipment","Fair","Pump seal kit","KIT-PMP-793","0.1","Routine issue","false"
"2026-09-10","NR-12","Surface Mining Equipment","Fair","Pump seal kit","KIT-PMP-793","0.2","Routine issue","false"
"2026-09-11","NR-12","Surface Mining Equipment","Fair","Pump seal kit","KIT-PMP-793","0.2","Routine issue","false"
"2026-09-12","NR-12","Surface Mining Equipment","Fair","Pump seal kit","KIT-PMP-793","0.2","Routine issue","false"
"2026-09-13","NR-12","Surface Mining Equipment","Fair","Pump seal kit","KIT-PMP-793","0.2","Routine issue","false"
"2026-03-18","NR-12","Surface Mining Equipment","Fair","Coolant concentrate","CLT-50-205","4.3","Routine issue","false"
"2026-03-19","NR-12","Surface Mining Equipment","Fair","Coolant concentrate","CLT-50-205","4.2","Routine issue","false"
"2026-03-20","NR-12","Surface Mining Equipment","Fair","Coolant concentrate","CLT-50-205","4.3","Routine issue","false"
"2026-03-21","NR-12","Surface Mining Equipment","Fair","Coolant concentrate","CLT-50-205","4.4","Routine issue","false"
"2026-03-22","NR-12","Surface Mining Equipment","Fair","Coolant concentrate","CLT-50-205","13","Maintenance spike","false"
"2026-03-23","NR-12","Surface Mining Equipment","Fair","Coolant concentrate","CLT-50-205","3.9","Routine issue","false"
"2026-03-24","NR-12","Surface Mining Equipment","Fair","Coolant concentrate","CLT-50-205","4.1","Routine issue","false"
"2026-03-25","NR-12","Surface Mining Equipment","Fair","Coolant concentrate","CLT-50-205","4.6","Routine issue","false"
"2026-03-26","NR-12","Surface Mining Equipment","Fair","Coolant concentrate","CLT-50-205","4.1","Routine issue","false"
"2026-03-27","NR-12","Surface Mining Equipment","Fair","Coolant concentrate","CLT-50-205","4.7","Routine issue","false"
"2026-03-28","NR-12","Surface Mining Equipment","Fair","Coolant concentrate","CLT-50-205","4.2","Routine issue","false"
"2026-03-29","NR-12","Surface Mining Equipment","Fair","Coolant concentrate","CLT-50-205","4","Routine issue","false"
"2026-03-30","NR-12","Surface Mining Equipment","Fair","Coolant concentrate","CLT-50-205","4.8","Routine issue","false"
"2026-03-31","NR-12","Surface Mining Equipment","Fair","Coolant concentrate","CLT-50-205","4.5","Routine issue","false"
"2026-04-01","NR-12","Surface Mining Equipment","Fair","Coolant concentrate","CLT-50-205","4.1","Routine issue","false"
"2026-04-02","NR-12","Surface Mining Equipment","Fair","Coolant concentrate","CLT-50-205","4.3","Routine issue","false"
"2026-04-03","NR-12","Surface Mining Equipment","Fair","Coolant concentrate","CLT-50-205","4.1","Routine issue","false"
"2026-04-04","NR-12","Surface Mining Equipment","Fair","Coolant concentrate","CLT-50-205","4.4","Routine issue","false"
"2026-04-05","NR-12","Surface Mining Equipment","Fair","Coolant concentrate","CLT-50-205","4.6","Routine issue","false"
"2026-04-06","NR-12","Surface Mining Equipment","Fair","Coolant concentrate","CLT-50-205","4.4","Routine issue","false"
"2026-04-07","NR-12","Surface Mining Equipment","Fair","Coolant concentrate","CLT-50-205","4.5","Routine issue","false"
"2026-04-08","NR-12","Surface Mining Equipment","Fair","Coolant concentrate","CLT-50-205","5.1","Routine issue","false"
"2026-04-09","NR-12","Surface Mining Equipment","Fair","Coolant concentrate","CLT-50-205","5","Routine issue","false"
"2026-04-10","NR-12","Surface Mining Equipment","Fair","Coolant concentrate","CLT-50-205","4.2","Routine issue","false"
"2026-04-11","NR-12","Surface Mining Equipment","Fair","Coolant concentrate","CLT-50-205","4.7","Routine issue","false"
"2026-04-12","NR-12","Surface Mining Equipment","Fair","Coolant concentrate","CLT-50-205","4.9","Routine issue","false"
"2026-04-13","NR-12","Surface Mining Equipment","Fair","Coolant concentrate","CLT-50-205","5","Routine issue","false"
"2026-04-14","NR-12","Surface Mining Equipment","Fair","Coolant concentrate","CLT-50-205","4.9","Routine issue","false"
"2026-04-15","NR-12","Surface Mining Equipment","Fair","Coolant concentrate","CLT-50-205","5.1","Routine issue","false"
"2026-04-16","NR-12","Surface Mining Equipment","Fair","Coolant concentrate","CLT-50-205","4.3","Routine issue","false"
"2026-04-17","NR-12","Surface Mining Equipment","Fair","Coolant concentrate","CLT-50-205","4.2","Routine issue","false"
"2026-04-18","NR-12","Surface Mining Equipment","Fair","Coolant concentrate","CLT-50-205","4.7","Routine issue","false"
"2026-04-19","NR-12","Surface Mining Equipment","Fair","Coolant concentrate","CLT-50-205","4.4","Routine issue","false"
"2026-04-20","NR-12","Surface Mining Equipment","Fair","Coolant concentrate","CLT-50-205","5.2","Routine issue","false"
"2026-04-21","NR-12","Surface Mining Equipment","Fair","Coolant concentrate","CLT-50-205","4.2","Routine issue","false"
"2026-04-22","NR-12","Surface Mining Equipment","Fair","Coolant concentrate","CLT-50-205","4.3","Routine issue","false"
"2026-04-23","NR-12","Surface Mining Equipment","Fair","Coolant concentrate","CLT-50-205","4.7","Routine issue","false"
"2026-04-24","NR-12","Surface Mining Equipment","Fair","Coolant concentrate","CLT-50-205","5.1","Routine issue","false"
"2026-04-25","NR-12","Surface Mining Equipment","Fair","Coolant concentrate","CLT-50-205","4.5","Routine issue","false"
"2026-04-26","NR-12","Surface Mining Equipment","Fair","Coolant concentrate","CLT-50-205","4.8","Routine issue","false"
"2026-04-27","NR-12","Surface Mining Equipment","Fair","Coolant concentrate","CLT-50-205","4.9","Routine issue","false"
"2026-04-28","NR-12","Surface Mining Equipment","Fair","Coolant concentrate","CLT-50-205","14.2","Maintenance spike","false"
"2026-04-29","NR-12","Surface Mining Equipment","Fair","Coolant concentrate","CLT-50-205","4.4","Routine issue","false"
"2026-04-30","NR-12","Surface Mining Equipment","Fair","Coolant concentrate","CLT-50-205","4.9","Routine issue","false"
"2026-05-01","NR-12","Surface Mining Equipment","Fair","Coolant concentrate","CLT-50-205","4.2","Routine issue","false"
"2026-05-02","NR-12","Surface Mining Equipment","Fair","Coolant concentrate","CLT-50-205","4.2","Routine issue","false"
"2026-05-03","NR-12","Surface Mining Equipment","Fair","Coolant concentrate","CLT-50-205","4.7","Routine issue","false"
"2026-05-04","NR-12","Surface Mining Equipment","Fair","Coolant concentrate","CLT-50-205","4.7","Routine issue","false"
"2026-05-05","NR-12","Surface Mining Equipment","Fair","Coolant concentrate","CLT-50-205","4.7","Routine issue","false"
"2026-05-06","NR-12","Surface Mining Equipment","Fair","Coolant concentrate","CLT-50-205","5.2","Routine issue","false"
"2026-05-07","NR-12","Surface Mining Equipment","Fair","Coolant concentrate","CLT-50-205","4.6","Routine issue","false"
"2026-05-08","NR-12","Surface Mining Equipment","Fair","Coolant concentrate","CLT-50-205","5.3","Routine issue","false"
"2026-05-09","NR-12","Surface Mining Equipment","Fair","Coolant concentrate","CLT-50-205","4.4","Routine issue","false"
"2026-05-10","NR-12","Surface Mining Equipment","Fair","Coolant concentrate","CLT-50-205","5","Routine issue","false"
"2026-05-11","NR-12","Surface Mining Equipment","Fair","Coolant concentrate","CLT-50-205","5.2","Routine issue","false"
"2026-05-12","NR-12","Surface Mining Equipment","Fair","Coolant concentrate","CLT-50-205","4.2","Routine issue","false"
"2026-05-13","NR-12","Surface Mining Equipment","Fair","Coolant concentrate","CLT-50-205","4.1","Routine issue","false"
"2026-05-14","NR-12","Surface Mining Equipment","Fair","Coolant concentrate","CLT-50-205","4.9","Routine issue","false"
"2026-05-15","NR-12","Surface Mining Equipment","Fair","Coolant concentrate","CLT-50-205","4.5","Routine issue","false"
"2026-05-16","NR-12","Surface Mining Equipment","Fair","Coolant concentrate","CLT-50-205","4.3","Routine issue","false"
"2026-05-17","NR-12","Surface Mining Equipment","Fair","Coolant concentrate","CLT-50-205","5.2","Routine issue","false"
"2026-05-18","NR-12","Surface Mining Equipment","Fair","Coolant concentrate","CLT-50-205","4.4","Routine issue","false"
"2026-05-19","NR-12","Surface Mining Equipment","Fair","Coolant concentrate","CLT-50-205","4.6","Routine issue","false"
"2026-05-20","NR-12","Surface Mining Equipment","Fair","Coolant concentrate","CLT-50-205","5","Routine issue","false"
"2026-05-21","NR-12","Surface Mining Equipment","Fair","Coolant concentrate","CLT-50-205","4.9","Routine issue","false"
"2026-05-22","NR-12","Surface Mining Equipment","Fair","Coolant concentrate","CLT-50-205","4.1","Routine issue","false"
"2026-05-23","NR-12","Surface Mining Equipment","Fair","Coolant concentrate","CLT-50-205","4.7","Routine issue","false"
"2026-05-24","NR-12","Surface Mining Equipment","Fair","Coolant concentrate","CLT-50-205","5","Routine issue","false"
"2026-05-25","NR-12","Surface Mining Equipment","Fair","Coolant concentrate","CLT-50-205","4.2","Routine issue","false"
"2026-05-26","NR-12","Surface Mining Equipment","Fair","Coolant concentrate","CLT-50-205","5","Routine issue","false"
"2026-05-27","NR-12","Surface Mining Equipment","Fair","Coolant concentrate","CLT-50-205","5","Routine issue","false"
"2026-05-28","NR-12","Surface Mining Equipment","Fair","Coolant concentrate","CLT-50-205","4.2","Routine issue","false"
"2026-05-29","NR-12","Surface Mining Equipment","Fair","Coolant concentrate","CLT-50-205","4.5","Routine issue","false"
"2026-05-30","NR-12","Surface Mining Equipment","Fair","Coolant concentrate","CLT-50-205","4.9","Routine issue","false"
"2026-05-31","NR-12","Surface Mining Equipment","Fair","Coolant concentrate","CLT-50-205","4.9","Routine issue","false"
"2026-06-01","NR-12","Surface Mining Equipment","Fair","Coolant concentrate","CLT-50-205","5","Routine issue","false"
"2026-06-02","NR-12","Surface Mining Equipment","Fair","Coolant concentrate","CLT-50-205","4.1","Routine issue","false"
"2026-06-03","NR-12","Surface Mining Equipment","Fair","Coolant concentrate","CLT-50-205","4.8","Routine issue","false"
"2026-06-04","NR-12","Surface Mining Equipment","Fair","Coolant concentrate","CLT-50-205","23.5","Maintenance spike","true"
"2026-06-05","NR-12","Surface Mining Equipment","Fair","Coolant concentrate","CLT-50-205","5","Routine issue","false"
"2026-06-06","NR-12","Surface Mining Equipment","Fair","Coolant concentrate","CLT-50-205","4.6","Routine issue","false"
"2026-06-07","NR-12","Surface Mining Equipment","Fair","Coolant concentrate","CLT-50-205","4.5","Routine issue","false"
"2026-06-08","NR-12","Surface Mining Equipment","Fair","Coolant concentrate","CLT-50-205","4.9","Routine issue","false"
"2026-06-09","NR-12","Surface Mining Equipment","Fair","Coolant concentrate","CLT-50-205","3.9","Routine issue","false"
"2026-06-10","NR-12","Surface Mining Equipment","Fair","Coolant concentrate","CLT-50-205","4","Routine issue","false"
"2026-06-11","NR-12","Surface Mining Equipment","Fair","Coolant concentrate","CLT-50-205","4.7","Routine issue","false"
"2026-06-12","NR-12","Surface Mining Equipment","Fair","Coolant concentrate","CLT-50-205","4.5","Routine issue","false"
"2026-06-13","NR-12","Surface Mining Equipment","Fair","Coolant concentrate","CLT-50-205","4.9","Routine issue","false"
"2026-06-14","NR-12","Surface Mining Equipment","Fair","Coolant concentrate","CLT-50-205","4.9","Routine issue","false"
"2026-06-15","NR-12","Surface Mining Equipment","Fair","Coolant concentrate","CLT-50-205","4.4","Routine issue","false"
"2026-06-16","NR-12","Surface Mining Equipment","Fair","Coolant concentrate","CLT-50-205","4.1","Routine issue","false"
"2026-06-17","NR-12","Surface Mining Equipment","Fair","Coolant concentrate","CLT-50-205","4.2","Routine issue","false"
"2026-06-18","NR-12","Surface Mining Equipment","Fair","Coolant concentrate","CLT-50-205","4.8","Routine issue","false"
"2026-06-19","NR-12","Surface Mining Equipment","Fair","Coolant concentrate","CLT-50-205","4.4","Routine issue","false"
"2026-06-20","NR-12","Surface Mining Equipment","Fair","Coolant concentrate","CLT-50-205","3.9","Routine issue","false"
"2026-06-21","NR-12","Surface Mining Equipment","Fair","Coolant concentrate","CLT-50-205","4.4","Routine issue","false"
"2026-06-22","NR-12","Surface Mining Equipment","Fair","Coolant concentrate","CLT-50-205","4","Routine issue","false"
"2026-06-23","NR-12","Surface Mining Equipment","Fair","Coolant concentrate","CLT-50-205","4.3","Routine issue","false"
"2026-06-24","NR-12","Surface Mining Equipment","Fair","Coolant concentrate","CLT-50-205","4.6","Routine issue","false"
"2026-06-25","NR-12","Surface Mining Equipment","Fair","Coolant concentrate","CLT-50-205","4.6","Routine issue","false"
"2026-06-26","NR-12","Surface Mining Equipment","Fair","Coolant concentrate","CLT-50-205","4.3","Routine issue","false"
"2026-06-27","NR-12","Surface Mining Equipment","Fair","Coolant concentrate","CLT-50-205","14.1","Anomaly","true"
"2026-06-28","NR-12","Surface Mining Equipment","Fair","Coolant concentrate","CLT-50-205","3.7","Routine issue","false"
"2026-06-29","NR-12","Surface Mining Equipment","Fair","Coolant concentrate","CLT-50-205","4.5","Routine issue","false"
"2026-06-30","NR-12","Surface Mining Equipment","Fair","Coolant concentrate","CLT-50-205","4.7","Routine issue","false"
"2026-07-01","NR-12","Surface Mining Equipment","Fair","Coolant concentrate","CLT-50-205","4.6","Routine issue","false"
"2026-07-02","NR-12","Surface Mining Equipment","Fair","Coolant concentrate","CLT-50-205","4.2","Routine issue","false"
"2026-07-03","NR-12","Surface Mining Equipment","Fair","Coolant concentrate","CLT-50-205","4.4","Routine issue","false"
"2026-07-04","NR-12","Surface Mining Equipment","Fair","Coolant concentrate","CLT-50-205","3.9","Routine issue","false"
"2026-07-05","NR-12","Surface Mining Equipment","Fair","Coolant concentrate","CLT-50-205","4.1","Routine issue","false"
"2026-07-06","NR-12","Surface Mining Equipment","Fair","Coolant concentrate","CLT-50-205","4.7","Routine issue","false"
"2026-07-07","NR-12","Surface Mining Equipment","Fair","Coolant concentrate","CLT-50-205","4","Routine issue","false"
"2026-07-08","NR-12","Surface Mining Equipment","Fair","Coolant concentrate","CLT-50-205","4.7","Routine issue","false"
"2026-07-09","NR-12","Surface Mining Equipment","Fair","Coolant concentrate","CLT-50-205","4.1","Routine issue","false"
"2026-07-10","NR-12","Surface Mining Equipment","Fair","Coolant concentrate","CLT-50-205","4.4","Routine issue","false"
"2026-07-11","NR-12","Surface Mining Equipment","Fair","Coolant concentrate","CLT-50-205","13.5","Maintenance spike","false"
"2026-07-12","NR-12","Surface Mining Equipment","Fair","Coolant concentrate","CLT-50-205","3.6","Routine issue","false"
"2026-07-13","NR-12","Surface Mining Equipment","Fair","Coolant concentrate","CLT-50-205","3.7","Routine issue","false"
"2026-07-14","NR-12","Surface Mining Equipment","Fair","Coolant concentrate","CLT-50-205","4.6","Routine issue","false"
"2026-07-15","NR-12","Surface Mining Equipment","Fair","Coolant concentrate","CLT-50-205","4.4","Routine issue","false"
"2026-07-16","NR-12","Surface Mining Equipment","Fair","Coolant concentrate","CLT-50-205","4.1","Routine issue","false"
"2026-07-17","NR-12","Surface Mining Equipment","Fair","Coolant concentrate","CLT-50-205","3.7","Routine issue","false"
"2026-07-18","NR-12","Surface Mining Equipment","Fair","Coolant concentrate","CLT-50-205","4.2","Routine issue","false"
"2026-07-19","NR-12","Surface Mining Equipment","Fair","Coolant concentrate","CLT-50-205","3.8","Routine issue","false"
"2026-07-20","NR-12","Surface Mining Equipment","Fair","Coolant concentrate","CLT-50-205","4.2","Routine issue","false"
"2026-07-21","NR-12","Surface Mining Equipment","Fair","Coolant concentrate","CLT-50-205","3.7","Routine issue","false"
"2026-07-22","NR-12","Surface Mining Equipment","Fair","Coolant concentrate","CLT-50-205","4.6","Routine issue","false"
"2026-07-23","NR-12","Surface Mining Equipment","Fair","Coolant concentrate","CLT-50-205","4.2","Routine issue","false"
"2026-07-24","NR-12","Surface Mining Equipment","Fair","Coolant concentrate","CLT-50-205","3.9","Routine issue","false"
"2026-07-25","NR-12","Surface Mining Equipment","Fair","Coolant concentrate","CLT-50-205","4.4","Routine issue","false"
"2026-07-26","NR-12","Surface Mining Equipment","Fair","Coolant concentrate","CLT-50-205","3.7","Routine issue","false"
"2026-07-27","NR-12","Surface Mining Equipment","Fair","Coolant concentrate","CLT-50-205","4.1","Routine issue","false"
"2026-07-28","NR-12","Surface Mining Equipment","Fair","Coolant concentrate","CLT-50-205","4.2","Routine issue","false"
"2026-07-29","NR-12","Surface Mining Equipment","Fair","Coolant concentrate","CLT-50-205","3.7","Routine issue","false"
"2026-07-30","NR-12","Surface Mining Equipment","Fair","Coolant concentrate","CLT-50-205","4.1","Routine issue","false"
"2026-07-31","NR-12","Surface Mining Equipment","Fair","Coolant concentrate","CLT-50-205","3.9","Routine issue","false"
"2026-08-01","NR-12","Surface Mining Equipment","Fair","Coolant concentrate","CLT-50-205","4.5","Routine issue","false"
"2026-08-02","NR-12","Surface Mining Equipment","Fair","Coolant concentrate","CLT-50-205","4.3","Routine issue","false"
"2026-08-03","NR-12","Surface Mining Equipment","Fair","Coolant concentrate","CLT-50-205","3.8","Routine issue","false"
"2026-08-04","NR-12","Surface Mining Equipment","Fair","Coolant concentrate","CLT-50-205","4.5","Routine issue","false"
"2026-08-05","NR-12","Surface Mining Equipment","Fair","Coolant concentrate","CLT-50-205","4.6","Routine issue","false"
"2026-08-06","NR-12","Surface Mining Equipment","Fair","Coolant concentrate","CLT-50-205","4","Routine issue","false"
"2026-08-07","NR-12","Surface Mining Equipment","Fair","Coolant concentrate","CLT-50-205","3.8","Routine issue","false"
"2026-08-08","NR-12","Surface Mining Equipment","Fair","Coolant concentrate","CLT-50-205","3.8","Routine issue","false"
"2026-08-09","NR-12","Surface Mining Equipment","Fair","Coolant concentrate","CLT-50-205","4.5","Routine issue","false"
"2026-08-10","NR-12","Surface Mining Equipment","Fair","Coolant concentrate","CLT-50-205","4.4","Routine issue","false"
"2026-08-11","NR-12","Surface Mining Equipment","Fair","Coolant concentrate","CLT-50-205","4.2","Routine issue","false"
"2026-08-12","NR-12","Surface Mining Equipment","Fair","Coolant concentrate","CLT-50-205","3.8","Routine issue","false"
"2026-08-13","NR-12","Surface Mining Equipment","Fair","Coolant concentrate","CLT-50-205","4.7","Routine issue","false"
"2026-08-14","NR-12","Surface Mining Equipment","Fair","Coolant concentrate","CLT-50-205","3.7","Routine issue","false"
"2026-08-15","NR-12","Surface Mining Equipment","Fair","Coolant concentrate","CLT-50-205","4.5","Routine issue","false"
"2026-08-16","NR-12","Surface Mining Equipment","Fair","Coolant concentrate","CLT-50-205","4","Routine issue","false"
"2026-08-17","NR-12","Surface Mining Equipment","Fair","Coolant concentrate","CLT-50-205","13.2","Maintenance spike","false"
"2026-08-18","NR-12","Surface Mining Equipment","Fair","Coolant concentrate","CLT-50-205","4.1","Routine issue","false"
"2026-08-19","NR-12","Surface Mining Equipment","Fair","Coolant concentrate","CLT-50-205","3.9","Routine issue","false"
"2026-08-20","NR-12","Surface Mining Equipment","Fair","Coolant concentrate","CLT-50-205","4.4","Routine issue","false"
"2026-08-21","NR-12","Surface Mining Equipment","Fair","Coolant concentrate","CLT-50-205","4.1","Routine issue","false"
"2026-08-22","NR-12","Surface Mining Equipment","Fair","Coolant concentrate","CLT-50-205","4.2","Routine issue","false"
"2026-08-23","NR-12","Surface Mining Equipment","Fair","Coolant concentrate","CLT-50-205","3.7","Routine issue","false"
"2026-08-24","NR-12","Surface Mining Equipment","Fair","Coolant concentrate","CLT-50-205","4.2","Routine issue","false"
"2026-08-25","NR-12","Surface Mining Equipment","Fair","Coolant concentrate","CLT-50-205","4.6","Routine issue","false"
"2026-08-26","NR-12","Surface Mining Equipment","Fair","Coolant concentrate","CLT-50-205","4.1","Routine issue","false"
"2026-08-27","NR-12","Surface Mining Equipment","Fair","Coolant concentrate","CLT-50-205","4.6","Routine issue","false"
"2026-08-28","NR-12","Surface Mining Equipment","Fair","Coolant concentrate","CLT-50-205","4.3","Routine issue","false"
"2026-08-29","NR-12","Surface Mining Equipment","Fair","Coolant concentrate","CLT-50-205","4.5","Routine issue","false"
"2026-08-30","NR-12","Surface Mining Equipment","Fair","Coolant concentrate","CLT-50-205","4.1","Routine issue","false"
"2026-08-31","NR-12","Surface Mining Equipment","Fair","Coolant concentrate","CLT-50-205","4.1","Routine issue","false"
"2026-09-01","NR-12","Surface Mining Equipment","Fair","Coolant concentrate","CLT-50-205","4.4","Routine issue","false"
"2026-09-02","NR-12","Surface Mining Equipment","Fair","Coolant concentrate","CLT-50-205","4","Routine issue","false"
"2026-09-03","NR-12","Surface Mining Equipment","Fair","Coolant concentrate","CLT-50-205","4.2","Routine issue","false"
"2026-09-04","NR-12","Surface Mining Equipment","Fair","Coolant concentrate","CLT-50-205","4.4","Routine issue","false"
"2026-09-05","NR-12","Surface Mining Equipment","Fair","Coolant concentrate","CLT-50-205","4.2","Routine issue","false"
"2026-09-06","NR-12","Surface Mining Equipment","Fair","Coolant concentrate","CLT-50-205","4.5","Routine issue","false"
"2026-09-07","NR-12","Surface Mining Equipment","Fair","Coolant concentrate","CLT-50-205","4.6","Routine issue","false"
"2026-09-08","NR-12","Surface Mining Equipment","Fair","Coolant concentrate","CLT-50-205","4.3","Routine issue","false"
"2026-09-09","NR-12","Surface Mining Equipment","Fair","Coolant concentrate","CLT-50-205","3.9","Routine issue","false"
"2026-09-10","NR-12","Surface Mining Equipment","Fair","Coolant concentrate","CLT-50-205","4.2","Routine issue","false"
"2026-09-11","NR-12","Surface Mining Equipment","Fair","Coolant concentrate","CLT-50-205","4.2","Routine issue","false"
"2026-09-12","NR-12","Surface Mining Equipment","Fair","Coolant concentrate","CLT-50-205","4.7","Routine issue","false"
"2026-09-13","NR-12","Surface Mining Equipment","Fair","Coolant concentrate","CLT-50-205","4.9","Routine issue","false"
"2026-03-18","NR-DR-03","Surface Mining Equipment","Fair","Drill rod 89 mm","WR-D89-600","0.9","Routine issue","false"
"2026-03-19","NR-DR-03","Surface Mining Equipment","Fair","Drill rod 89 mm","WR-D89-600","1","Routine issue","false"
"2026-03-20","NR-DR-03","Surface Mining Equipment","Fair","Drill rod 89 mm","WR-D89-600","0.9","Routine issue","false"
"2026-03-21","NR-DR-03","Surface Mining Equipment","Fair","Drill rod 89 mm","WR-D89-600","1","Routine issue","false"
"2026-03-22","NR-DR-03","Surface Mining Equipment","Fair","Drill rod 89 mm","WR-D89-600","1.1","Routine issue","false"
"2026-03-23","NR-DR-03","Surface Mining Equipment","Fair","Drill rod 89 mm","WR-D89-600","3","Maintenance spike","false"
"2026-03-24","NR-DR-03","Surface Mining Equipment","Fair","Drill rod 89 mm","WR-D89-600","0.9","Routine issue","false"
"2026-03-25","NR-DR-03","Surface Mining Equipment","Fair","Drill rod 89 mm","WR-D89-600","1","Routine issue","false"
"2026-03-26","NR-DR-03","Surface Mining Equipment","Fair","Drill rod 89 mm","WR-D89-600","1","Routine issue","false"
"2026-03-27","NR-DR-03","Surface Mining Equipment","Fair","Drill rod 89 mm","WR-D89-600","1.1","Routine issue","false"
"2026-03-28","NR-DR-03","Surface Mining Equipment","Fair","Drill rod 89 mm","WR-D89-600","1","Routine issue","false"
"2026-03-29","NR-DR-03","Surface Mining Equipment","Fair","Drill rod 89 mm","WR-D89-600","1.1","Routine issue","false"
"2026-03-30","NR-DR-03","Surface Mining Equipment","Fair","Drill rod 89 mm","WR-D89-600","0.9","Routine issue","false"
"2026-03-31","NR-DR-03","Surface Mining Equipment","Fair","Drill rod 89 mm","WR-D89-600","0.9","Routine issue","false"
"2026-04-01","NR-DR-03","Surface Mining Equipment","Fair","Drill rod 89 mm","WR-D89-600","1","Routine issue","false"
"2026-04-02","NR-DR-03","Surface Mining Equipment","Fair","Drill rod 89 mm","WR-D89-600","0.9","Routine issue","false"
"2026-04-03","NR-DR-03","Surface Mining Equipment","Fair","Drill rod 89 mm","WR-D89-600","1.1","Routine issue","false"
"2026-04-04","NR-DR-03","Surface Mining Equipment","Fair","Drill rod 89 mm","WR-D89-600","0.9","Routine issue","false"
"2026-04-05","NR-DR-03","Surface Mining Equipment","Fair","Drill rod 89 mm","WR-D89-600","0.9","Routine issue","false"
"2026-04-06","NR-DR-03","Surface Mining Equipment","Fair","Drill rod 89 mm","WR-D89-600","1","Routine issue","false"
"2026-04-07","NR-DR-03","Surface Mining Equipment","Fair","Drill rod 89 mm","WR-D89-600","1.1","Routine issue","false"
"2026-04-08","NR-DR-03","Surface Mining Equipment","Fair","Drill rod 89 mm","WR-D89-600","1","Routine issue","false"
"2026-04-09","NR-DR-03","Surface Mining Equipment","Fair","Drill rod 89 mm","WR-D89-600","1","Routine issue","false"
"2026-04-10","NR-DR-03","Surface Mining Equipment","Fair","Drill rod 89 mm","WR-D89-600","1.1","Routine issue","false"
"2026-04-11","NR-DR-03","Surface Mining Equipment","Fair","Drill rod 89 mm","WR-D89-600","1.1","Routine issue","false"
"2026-04-12","NR-DR-03","Surface Mining Equipment","Fair","Drill rod 89 mm","WR-D89-600","0.9","Routine issue","false"
"2026-04-13","NR-DR-03","Surface Mining Equipment","Fair","Drill rod 89 mm","WR-D89-600","1.1","Routine issue","false"
"2026-04-14","NR-DR-03","Surface Mining Equipment","Fair","Drill rod 89 mm","WR-D89-600","0.9","Routine issue","false"
"2026-04-15","NR-DR-03","Surface Mining Equipment","Fair","Drill rod 89 mm","WR-D89-600","0.9","Routine issue","false"
"2026-04-16","NR-DR-03","Surface Mining Equipment","Fair","Drill rod 89 mm","WR-D89-600","1","Routine issue","false"
"2026-04-17","NR-DR-03","Surface Mining Equipment","Fair","Drill rod 89 mm","WR-D89-600","1","Routine issue","false"
"2026-04-18","NR-DR-03","Surface Mining Equipment","Fair","Drill rod 89 mm","WR-D89-600","1","Routine issue","false"
"2026-04-19","NR-DR-03","Surface Mining Equipment","Fair","Drill rod 89 mm","WR-D89-600","1.1","Routine issue","false"
"2026-04-20","NR-DR-03","Surface Mining Equipment","Fair","Drill rod 89 mm","WR-D89-600","1","Routine issue","false"
"2026-04-21","NR-DR-03","Surface Mining Equipment","Fair","Drill rod 89 mm","WR-D89-600","1.1","Routine issue","false"
"2026-04-22","NR-DR-03","Surface Mining Equipment","Fair","Drill rod 89 mm","WR-D89-600","1","Routine issue","false"
"2026-04-23","NR-DR-03","Surface Mining Equipment","Fair","Drill rod 89 mm","WR-D89-600","1.1","Routine issue","false"
"2026-04-24","NR-DR-03","Surface Mining Equipment","Fair","Drill rod 89 mm","WR-D89-600","1.1","Routine issue","false"
"2026-04-25","NR-DR-03","Surface Mining Equipment","Fair","Drill rod 89 mm","WR-D89-600","0.9","Routine issue","false"
"2026-04-26","NR-DR-03","Surface Mining Equipment","Fair","Drill rod 89 mm","WR-D89-600","0.9","Routine issue","false"
"2026-04-27","NR-DR-03","Surface Mining Equipment","Fair","Drill rod 89 mm","WR-D89-600","1.1","Routine issue","false"
"2026-04-28","NR-DR-03","Surface Mining Equipment","Fair","Drill rod 89 mm","WR-D89-600","1","Routine issue","false"
"2026-04-29","NR-DR-03","Surface Mining Equipment","Fair","Drill rod 89 mm","WR-D89-600","2.9","Maintenance spike","false"
"2026-04-30","NR-DR-03","Surface Mining Equipment","Fair","Drill rod 89 mm","WR-D89-600","1.1","Routine issue","false"
"2026-05-01","NR-DR-03","Surface Mining Equipment","Fair","Drill rod 89 mm","WR-D89-600","1","Routine issue","false"
"2026-05-02","NR-DR-03","Surface Mining Equipment","Fair","Drill rod 89 mm","WR-D89-600","1","Routine issue","false"
"2026-05-03","NR-DR-03","Surface Mining Equipment","Fair","Drill rod 89 mm","WR-D89-600","1.1","Routine issue","false"
"2026-05-04","NR-DR-03","Surface Mining Equipment","Fair","Drill rod 89 mm","WR-D89-600","1.1","Routine issue","false"
"2026-05-05","NR-DR-03","Surface Mining Equipment","Fair","Drill rod 89 mm","WR-D89-600","0.9","Routine issue","false"
"2026-05-06","NR-DR-03","Surface Mining Equipment","Fair","Drill rod 89 mm","WR-D89-600","1","Routine issue","false"
"2026-05-07","NR-DR-03","Surface Mining Equipment","Fair","Drill rod 89 mm","WR-D89-600","1.1","Routine issue","false"
"2026-05-08","NR-DR-03","Surface Mining Equipment","Fair","Drill rod 89 mm","WR-D89-600","0.9","Routine issue","false"
"2026-05-09","NR-DR-03","Surface Mining Equipment","Fair","Drill rod 89 mm","WR-D89-600","1.1","Routine issue","false"
"2026-05-10","NR-DR-03","Surface Mining Equipment","Fair","Drill rod 89 mm","WR-D89-600","1.1","Routine issue","false"
"2026-05-11","NR-DR-03","Surface Mining Equipment","Fair","Drill rod 89 mm","WR-D89-600","1","Routine issue","false"
"2026-05-12","NR-DR-03","Surface Mining Equipment","Fair","Drill rod 89 mm","WR-D89-600","1","Routine issue","false"
"2026-05-13","NR-DR-03","Surface Mining Equipment","Fair","Drill rod 89 mm","WR-D89-600","1.1","Routine issue","false"
"2026-05-14","NR-DR-03","Surface Mining Equipment","Fair","Drill rod 89 mm","WR-D89-600","1.1","Routine issue","false"
"2026-05-15","NR-DR-03","Surface Mining Equipment","Fair","Drill rod 89 mm","WR-D89-600","1.1","Routine issue","false"
"2026-05-16","NR-DR-03","Surface Mining Equipment","Fair","Drill rod 89 mm","WR-D89-600","0.9","Routine issue","false"
"2026-05-17","NR-DR-03","Surface Mining Equipment","Fair","Drill rod 89 mm","WR-D89-600","1.1","Routine issue","false"
"2026-05-18","NR-DR-03","Surface Mining Equipment","Fair","Drill rod 89 mm","WR-D89-600","1.1","Routine issue","false"
"2026-05-19","NR-DR-03","Surface Mining Equipment","Fair","Drill rod 89 mm","WR-D89-600","1.1","Routine issue","false"
"2026-05-20","NR-DR-03","Surface Mining Equipment","Fair","Drill rod 89 mm","WR-D89-600","1","Routine issue","false"
"2026-05-21","NR-DR-03","Surface Mining Equipment","Fair","Drill rod 89 mm","WR-D89-600","1","Routine issue","false"
"2026-05-22","NR-DR-03","Surface Mining Equipment","Fair","Drill rod 89 mm","WR-D89-600","1.1","Routine issue","false"
"2026-05-23","NR-DR-03","Surface Mining Equipment","Fair","Drill rod 89 mm","WR-D89-600","0.9","Routine issue","false"
"2026-05-24","NR-DR-03","Surface Mining Equipment","Fair","Drill rod 89 mm","WR-D89-600","0.9","Routine issue","false"
"2026-05-25","NR-DR-03","Surface Mining Equipment","Fair","Drill rod 89 mm","WR-D89-600","1.1","Routine issue","false"
"2026-05-26","NR-DR-03","Surface Mining Equipment","Fair","Drill rod 89 mm","WR-D89-600","1","Routine issue","false"
"2026-05-27","NR-DR-03","Surface Mining Equipment","Fair","Drill rod 89 mm","WR-D89-600","1.1","Routine issue","false"
"2026-05-28","NR-DR-03","Surface Mining Equipment","Fair","Drill rod 89 mm","WR-D89-600","1.1","Routine issue","false"
"2026-05-29","NR-DR-03","Surface Mining Equipment","Fair","Drill rod 89 mm","WR-D89-600","3.1","Anomaly","true"
"2026-05-30","NR-DR-03","Surface Mining Equipment","Fair","Drill rod 89 mm","WR-D89-600","0.9","Routine issue","false"
"2026-05-31","NR-DR-03","Surface Mining Equipment","Fair","Drill rod 89 mm","WR-D89-600","1","Routine issue","false"
"2026-06-01","NR-DR-03","Surface Mining Equipment","Fair","Drill rod 89 mm","WR-D89-600","1.1","Routine issue","false"
"2026-06-02","NR-DR-03","Surface Mining Equipment","Fair","Drill rod 89 mm","WR-D89-600","1","Routine issue","false"
"2026-06-03","NR-DR-03","Surface Mining Equipment","Fair","Drill rod 89 mm","WR-D89-600","0.9","Routine issue","false"
"2026-06-04","NR-DR-03","Surface Mining Equipment","Fair","Drill rod 89 mm","WR-D89-600","1","Routine issue","false"
"2026-06-05","NR-DR-03","Surface Mining Equipment","Fair","Drill rod 89 mm","WR-D89-600","2.9","Maintenance spike","false"
"2026-06-06","NR-DR-03","Surface Mining Equipment","Fair","Drill rod 89 mm","WR-D89-600","1","Routine issue","false"
"2026-06-07","NR-DR-03","Surface Mining Equipment","Fair","Drill rod 89 mm","WR-D89-600","1","Routine issue","false"
"2026-06-08","NR-DR-03","Surface Mining Equipment","Fair","Drill rod 89 mm","WR-D89-600","1","Routine issue","false"
"2026-06-09","NR-DR-03","Surface Mining Equipment","Fair","Drill rod 89 mm","WR-D89-600","1","Routine issue","false"
"2026-06-10","NR-DR-03","Surface Mining Equipment","Fair","Drill rod 89 mm","WR-D89-600","1","Routine issue","false"
"2026-06-11","NR-DR-03","Surface Mining Equipment","Fair","Drill rod 89 mm","WR-D89-600","0.9","Routine issue","false"
"2026-06-12","NR-DR-03","Surface Mining Equipment","Fair","Drill rod 89 mm","WR-D89-600","1","Routine issue","false"
"2026-06-13","NR-DR-03","Surface Mining Equipment","Fair","Drill rod 89 mm","WR-D89-600","1.1","Routine issue","false"
"2026-06-14","NR-DR-03","Surface Mining Equipment","Fair","Drill rod 89 mm","WR-D89-600","1","Routine issue","false"
"2026-06-15","NR-DR-03","Surface Mining Equipment","Fair","Drill rod 89 mm","WR-D89-600","1","Routine issue","false"
"2026-06-16","NR-DR-03","Surface Mining Equipment","Fair","Drill rod 89 mm","WR-D89-600","1","Routine issue","false"
"2026-06-17","NR-DR-03","Surface Mining Equipment","Fair","Drill rod 89 mm","WR-D89-600","0.9","Routine issue","false"
"2026-06-18","NR-DR-03","Surface Mining Equipment","Fair","Drill rod 89 mm","WR-D89-600","0.9","Routine issue","false"
"2026-06-19","NR-DR-03","Surface Mining Equipment","Fair","Drill rod 89 mm","WR-D89-600","1.1","Routine issue","false"
"2026-06-20","NR-DR-03","Surface Mining Equipment","Fair","Drill rod 89 mm","WR-D89-600","0.9","Routine issue","false"
"2026-06-21","NR-DR-03","Surface Mining Equipment","Fair","Drill rod 89 mm","WR-D89-600","1.1","Routine issue","false"
"2026-06-22","NR-DR-03","Surface Mining Equipment","Fair","Drill rod 89 mm","WR-D89-600","0.9","Routine issue","false"
"2026-06-23","NR-DR-03","Surface Mining Equipment","Fair","Drill rod 89 mm","WR-D89-600","1","Routine issue","false"
"2026-06-24","NR-DR-03","Surface Mining Equipment","Fair","Drill rod 89 mm","WR-D89-600","1","Routine issue","false"
"2026-06-25","NR-DR-03","Surface Mining Equipment","Fair","Drill rod 89 mm","WR-D89-600","0.8","Routine issue","false"
"2026-06-26","NR-DR-03","Surface Mining Equipment","Fair","Drill rod 89 mm","WR-D89-600","0.8","Routine issue","false"
"2026-06-27","NR-DR-03","Surface Mining Equipment","Fair","Drill rod 89 mm","WR-D89-600","1","Routine issue","false"
"2026-06-28","NR-DR-03","Surface Mining Equipment","Fair","Drill rod 89 mm","WR-D89-600","1","Routine issue","false"
"2026-06-29","NR-DR-03","Surface Mining Equipment","Fair","Drill rod 89 mm","WR-D89-600","0.9","Routine issue","false"
"2026-06-30","NR-DR-03","Surface Mining Equipment","Fair","Drill rod 89 mm","WR-D89-600","0.8","Routine issue","false"
"2026-07-01","NR-DR-03","Surface Mining Equipment","Fair","Drill rod 89 mm","WR-D89-600","1","Routine issue","false"
"2026-07-02","NR-DR-03","Surface Mining Equipment","Fair","Drill rod 89 mm","WR-D89-600","0.8","Routine issue","false"
"2026-07-03","NR-DR-03","Surface Mining Equipment","Fair","Drill rod 89 mm","WR-D89-600","3","Anomaly","true"
"2026-07-04","NR-DR-03","Surface Mining Equipment","Fair","Drill rod 89 mm","WR-D89-600","0.8","Routine issue","false"
"2026-07-05","NR-DR-03","Surface Mining Equipment","Fair","Drill rod 89 mm","WR-D89-600","1","Routine issue","false"
"2026-07-06","NR-DR-03","Surface Mining Equipment","Fair","Drill rod 89 mm","WR-D89-600","1","Routine issue","false"
"2026-07-07","NR-DR-03","Surface Mining Equipment","Fair","Drill rod 89 mm","WR-D89-600","0.9","Routine issue","false"
"2026-07-08","NR-DR-03","Surface Mining Equipment","Fair","Drill rod 89 mm","WR-D89-600","1","Routine issue","false"
"2026-07-09","NR-DR-03","Surface Mining Equipment","Fair","Drill rod 89 mm","WR-D89-600","2.9","Anomaly","true"
"2026-07-10","NR-DR-03","Surface Mining Equipment","Fair","Drill rod 89 mm","WR-D89-600","0.9","Routine issue","false"
"2026-07-11","NR-DR-03","Surface Mining Equipment","Fair","Drill rod 89 mm","WR-D89-600","0.9","Routine issue","false"
"2026-07-12","NR-DR-03","Surface Mining Equipment","Fair","Drill rod 89 mm","WR-D89-600","2.8","Maintenance spike","false"
"2026-07-13","NR-DR-03","Surface Mining Equipment","Fair","Drill rod 89 mm","WR-D89-600","0.9","Routine issue","false"
"2026-07-14","NR-DR-03","Surface Mining Equipment","Fair","Drill rod 89 mm","WR-D89-600","0.9","Routine issue","false"
"2026-07-15","NR-DR-03","Surface Mining Equipment","Fair","Drill rod 89 mm","WR-D89-600","1","Routine issue","false"
"2026-07-16","NR-DR-03","Surface Mining Equipment","Fair","Drill rod 89 mm","WR-D89-600","0.9","Routine issue","false"
"2026-07-17","NR-DR-03","Surface Mining Equipment","Fair","Drill rod 89 mm","WR-D89-600","0.8","Routine issue","false"
"2026-07-18","NR-DR-03","Surface Mining Equipment","Fair","Drill rod 89 mm","WR-D89-600","1","Routine issue","false"
"2026-07-19","NR-DR-03","Surface Mining Equipment","Fair","Drill rod 89 mm","WR-D89-600","1","Routine issue","false"
"2026-07-20","NR-DR-03","Surface Mining Equipment","Fair","Drill rod 89 mm","WR-D89-600","0.9","Routine issue","false"
"2026-07-21","NR-DR-03","Surface Mining Equipment","Fair","Drill rod 89 mm","WR-D89-600","0.8","Routine issue","false"
"2026-07-22","NR-DR-03","Surface Mining Equipment","Fair","Drill rod 89 mm","WR-D89-600","0.8","Routine issue","false"
"2026-07-23","NR-DR-03","Surface Mining Equipment","Fair","Drill rod 89 mm","WR-D89-600","1","Routine issue","false"
"2026-07-24","NR-DR-03","Surface Mining Equipment","Fair","Drill rod 89 mm","WR-D89-600","1","Routine issue","false"
"2026-07-25","NR-DR-03","Surface Mining Equipment","Fair","Drill rod 89 mm","WR-D89-600","0.9","Routine issue","false"
"2026-07-26","NR-DR-03","Surface Mining Equipment","Fair","Drill rod 89 mm","WR-D89-600","0.8","Routine issue","false"
"2026-07-27","NR-DR-03","Surface Mining Equipment","Fair","Drill rod 89 mm","WR-D89-600","1","Routine issue","false"
"2026-07-28","NR-DR-03","Surface Mining Equipment","Fair","Drill rod 89 mm","WR-D89-600","0.8","Routine issue","false"
"2026-07-29","NR-DR-03","Surface Mining Equipment","Fair","Drill rod 89 mm","WR-D89-600","1","Routine issue","false"
"2026-07-30","NR-DR-03","Surface Mining Equipment","Fair","Drill rod 89 mm","WR-D89-600","0.9","Routine issue","false"
"2026-07-31","NR-DR-03","Surface Mining Equipment","Fair","Drill rod 89 mm","WR-D89-600","0.9","Routine issue","false"
"2026-08-01","NR-DR-03","Surface Mining Equipment","Fair","Drill rod 89 mm","WR-D89-600","0.9","Routine issue","false"
"2026-08-02","NR-DR-03","Surface Mining Equipment","Fair","Drill rod 89 mm","WR-D89-600","0.8","Routine issue","false"
"2026-08-03","NR-DR-03","Surface Mining Equipment","Fair","Drill rod 89 mm","WR-D89-600","1","Routine issue","false"
"2026-08-04","NR-DR-03","Surface Mining Equipment","Fair","Drill rod 89 mm","WR-D89-600","0.9","Routine issue","false"
"2026-08-05","NR-DR-03","Surface Mining Equipment","Fair","Drill rod 89 mm","WR-D89-600","0.9","Routine issue","false"
"2026-08-06","NR-DR-03","Surface Mining Equipment","Fair","Drill rod 89 mm","WR-D89-600","0.8","Routine issue","false"
"2026-08-07","NR-DR-03","Surface Mining Equipment","Fair","Drill rod 89 mm","WR-D89-600","0.9","Routine issue","false"
"2026-08-08","NR-DR-03","Surface Mining Equipment","Fair","Drill rod 89 mm","WR-D89-600","1","Routine issue","false"
"2026-08-09","NR-DR-03","Surface Mining Equipment","Fair","Drill rod 89 mm","WR-D89-600","0.9","Routine issue","false"
"2026-08-10","NR-DR-03","Surface Mining Equipment","Fair","Drill rod 89 mm","WR-D89-600","1","Routine issue","false"
"2026-08-11","NR-DR-03","Surface Mining Equipment","Fair","Drill rod 89 mm","WR-D89-600","0.9","Routine issue","false"
"2026-08-12","NR-DR-03","Surface Mining Equipment","Fair","Drill rod 89 mm","WR-D89-600","1","Routine issue","false"
"2026-08-13","NR-DR-03","Surface Mining Equipment","Fair","Drill rod 89 mm","WR-D89-600","0.9","Routine issue","false"
"2026-08-14","NR-DR-03","Surface Mining Equipment","Fair","Drill rod 89 mm","WR-D89-600","0.9","Routine issue","false"
"2026-08-15","NR-DR-03","Surface Mining Equipment","Fair","Drill rod 89 mm","WR-D89-600","0.9","Routine issue","false"
"2026-08-16","NR-DR-03","Surface Mining Equipment","Fair","Drill rod 89 mm","WR-D89-600","0.8","Routine issue","false"
"2026-08-17","NR-DR-03","Surface Mining Equipment","Fair","Drill rod 89 mm","WR-D89-600","0.9","Routine issue","false"
"2026-08-18","NR-DR-03","Surface Mining Equipment","Fair","Drill rod 89 mm","WR-D89-600","2.9","Maintenance spike","false"
"2026-08-19","NR-DR-03","Surface Mining Equipment","Fair","Drill rod 89 mm","WR-D89-600","0.9","Routine issue","false"
"2026-08-20","NR-DR-03","Surface Mining Equipment","Fair","Drill rod 89 mm","WR-D89-600","1","Routine issue","false"
"2026-08-21","NR-DR-03","Surface Mining Equipment","Fair","Drill rod 89 mm","WR-D89-600","1","Routine issue","false"
"2026-08-22","NR-DR-03","Surface Mining Equipment","Fair","Drill rod 89 mm","WR-D89-600","0.9","Routine issue","false"
"2026-08-23","NR-DR-03","Surface Mining Equipment","Fair","Drill rod 89 mm","WR-D89-600","0.8","Routine issue","false"
"2026-08-24","NR-DR-03","Surface Mining Equipment","Fair","Drill rod 89 mm","WR-D89-600","0.9","Routine issue","false"
"2026-08-25","NR-DR-03","Surface Mining Equipment","Fair","Drill rod 89 mm","WR-D89-600","0.9","Routine issue","false"
"2026-08-26","NR-DR-03","Surface Mining Equipment","Fair","Drill rod 89 mm","WR-D89-600","1","Routine issue","false"
"2026-08-27","NR-DR-03","Surface Mining Equipment","Fair","Drill rod 89 mm","WR-D89-600","1","Routine issue","false"
"2026-08-28","NR-DR-03","Surface Mining Equipment","Fair","Drill rod 89 mm","WR-D89-600","0.9","Routine issue","false"
"2026-08-29","NR-DR-03","Surface Mining Equipment","Fair","Drill rod 89 mm","WR-D89-600","0.9","Routine issue","false"
"2026-08-30","NR-DR-03","Surface Mining Equipment","Fair","Drill rod 89 mm","WR-D89-600","1","Routine issue","false"
"2026-08-31","NR-DR-03","Surface Mining Equipment","Fair","Drill rod 89 mm","WR-D89-600","0.9","Routine issue","false"
"2026-09-01","NR-DR-03","Surface Mining Equipment","Fair","Drill rod 89 mm","WR-D89-600","1","Routine issue","false"
"2026-09-02","NR-DR-03","Surface Mining Equipment","Fair","Drill rod 89 mm","WR-D89-600","0.8","Routine issue","false"
"2026-09-03","NR-DR-03","Surface Mining Equipment","Fair","Drill rod 89 mm","WR-D89-600","1.1","Routine issue","false"
"2026-09-04","NR-DR-03","Surface Mining Equipment","Fair","Drill rod 89 mm","WR-D89-600","1.1","Routine issue","false"
"2026-09-05","NR-DR-03","Surface Mining Equipment","Fair","Drill rod 89 mm","WR-D89-600","1","Routine issue","false"
"2026-09-06","NR-DR-03","Surface Mining Equipment","Fair","Drill rod 89 mm","WR-D89-600","0.9","Routine issue","false"
"2026-09-07","NR-DR-03","Surface Mining Equipment","Fair","Drill rod 89 mm","WR-D89-600","0.9","Routine issue","false"
"2026-09-08","NR-DR-03","Surface Mining Equipment","Fair","Drill rod 89 mm","WR-D89-600","3","Anomaly","true"
"2026-09-09","NR-DR-03","Surface Mining Equipment","Fair","Drill rod 89 mm","WR-D89-600","1","Routine issue","false"
"2026-09-10","NR-DR-03","Surface Mining Equipment","Fair","Drill rod 89 mm","WR-D89-600","0.8","Routine issue","false"
"2026-09-11","NR-DR-03","Surface Mining Equipment","Fair","Drill rod 89 mm","WR-D89-600","1","Routine issue","false"
"2026-09-12","NR-DR-03","Surface Mining Equipment","Fair","Drill rod 89 mm","WR-D89-600","1.1","Routine issue","false"
"2026-09-13","NR-DR-03","Surface Mining Equipment","Fair","Drill rod 89 mm","WR-D89-600","1.1","Routine issue","false"
"2026-03-18","NR-SH-01","Surface Mining Equipment","Good","Dipper tooth set","SUR-DIP-410","0.3","Routine issue","false"
"2026-03-19","NR-SH-01","Surface Mining Equipment","Good","Dipper tooth set","SUR-DIP-410","0.3","Routine issue","false"
"2026-03-20","NR-SH-01","Surface Mining Equipment","Good","Dipper tooth set","SUR-DIP-410","0.4","Routine issue","false"
"2026-03-21","NR-SH-01","Surface Mining Equipment","Good","Dipper tooth set","SUR-DIP-410","0.4","Routine issue","false"
"2026-03-22","NR-SH-01","Surface Mining Equipment","Good","Dipper tooth set","SUR-DIP-410","0.3","Routine issue","false"
"2026-03-23","NR-SH-01","Surface Mining Equipment","Good","Dipper tooth set","SUR-DIP-410","0.4","Routine issue","false"
"2026-03-24","NR-SH-01","Surface Mining Equipment","Good","Dipper tooth set","SUR-DIP-410","1.2","Maintenance spike","false"
"2026-03-25","NR-SH-01","Surface Mining Equipment","Good","Dipper tooth set","SUR-DIP-410","0.4","Routine issue","false"
"2026-03-26","NR-SH-01","Surface Mining Equipment","Good","Dipper tooth set","SUR-DIP-410","0.3","Routine issue","false"
"2026-03-27","NR-SH-01","Surface Mining Equipment","Good","Dipper tooth set","SUR-DIP-410","0.4","Routine issue","false"
"2026-03-28","NR-SH-01","Surface Mining Equipment","Good","Dipper tooth set","SUR-DIP-410","0.3","Routine issue","false"
"2026-03-29","NR-SH-01","Surface Mining Equipment","Good","Dipper tooth set","SUR-DIP-410","0.3","Routine issue","false"
"2026-03-30","NR-SH-01","Surface Mining Equipment","Good","Dipper tooth set","SUR-DIP-410","0.4","Routine issue","false"
"2026-03-31","NR-SH-01","Surface Mining Equipment","Good","Dipper tooth set","SUR-DIP-410","0.4","Routine issue","false"
"2026-04-01","NR-SH-01","Surface Mining Equipment","Good","Dipper tooth set","SUR-DIP-410","0.4","Routine issue","false"
"2026-04-02","NR-SH-01","Surface Mining Equipment","Good","Dipper tooth set","SUR-DIP-410","0.4","Routine issue","false"
"2026-04-03","NR-SH-01","Surface Mining Equipment","Good","Dipper tooth set","SUR-DIP-410","0.4","Routine issue","false"
"2026-04-04","NR-SH-01","Surface Mining Equipment","Good","Dipper tooth set","SUR-DIP-410","0.4","Routine issue","false"
"2026-04-05","NR-SH-01","Surface Mining Equipment","Good","Dipper tooth set","SUR-DIP-410","0.3","Routine issue","false"
"2026-04-06","NR-SH-01","Surface Mining Equipment","Good","Dipper tooth set","SUR-DIP-410","0.4","Routine issue","false"
"2026-04-07","NR-SH-01","Surface Mining Equipment","Good","Dipper tooth set","SUR-DIP-410","0.4","Routine issue","false"
"2026-04-08","NR-SH-01","Surface Mining Equipment","Good","Dipper tooth set","SUR-DIP-410","0.3","Routine issue","false"
"2026-04-09","NR-SH-01","Surface Mining Equipment","Good","Dipper tooth set","SUR-DIP-410","0.3","Routine issue","false"
"2026-04-10","NR-SH-01","Surface Mining Equipment","Good","Dipper tooth set","SUR-DIP-410","0.4","Routine issue","false"
"2026-04-11","NR-SH-01","Surface Mining Equipment","Good","Dipper tooth set","SUR-DIP-410","0.3","Routine issue","false"
"2026-04-12","NR-SH-01","Surface Mining Equipment","Good","Dipper tooth set","SUR-DIP-410","0.3","Routine issue","false"
"2026-04-13","NR-SH-01","Surface Mining Equipment","Good","Dipper tooth set","SUR-DIP-410","0.4","Routine issue","false"
"2026-04-14","NR-SH-01","Surface Mining Equipment","Good","Dipper tooth set","SUR-DIP-410","0.3","Routine issue","false"
"2026-04-15","NR-SH-01","Surface Mining Equipment","Good","Dipper tooth set","SUR-DIP-410","0.4","Routine issue","false"
"2026-04-16","NR-SH-01","Surface Mining Equipment","Good","Dipper tooth set","SUR-DIP-410","0.4","Routine issue","false"
"2026-04-17","NR-SH-01","Surface Mining Equipment","Good","Dipper tooth set","SUR-DIP-410","0.4","Routine issue","false"
"2026-04-18","NR-SH-01","Surface Mining Equipment","Good","Dipper tooth set","SUR-DIP-410","0.3","Routine issue","false"
"2026-04-19","NR-SH-01","Surface Mining Equipment","Good","Dipper tooth set","SUR-DIP-410","0.4","Routine issue","false"
"2026-04-20","NR-SH-01","Surface Mining Equipment","Good","Dipper tooth set","SUR-DIP-410","0.4","Routine issue","false"
"2026-04-21","NR-SH-01","Surface Mining Equipment","Good","Dipper tooth set","SUR-DIP-410","0.3","Routine issue","false"
"2026-04-22","NR-SH-01","Surface Mining Equipment","Good","Dipper tooth set","SUR-DIP-410","0.4","Routine issue","false"
"2026-04-23","NR-SH-01","Surface Mining Equipment","Good","Dipper tooth set","SUR-DIP-410","0.4","Routine issue","false"
"2026-04-24","NR-SH-01","Surface Mining Equipment","Good","Dipper tooth set","SUR-DIP-410","0.3","Routine issue","false"
"2026-04-25","NR-SH-01","Surface Mining Equipment","Good","Dipper tooth set","SUR-DIP-410","0.4","Routine issue","false"
"2026-04-26","NR-SH-01","Surface Mining Equipment","Good","Dipper tooth set","SUR-DIP-410","0.4","Routine issue","false"
"2026-04-27","NR-SH-01","Surface Mining Equipment","Good","Dipper tooth set","SUR-DIP-410","0.4","Routine issue","false"
"2026-04-28","NR-SH-01","Surface Mining Equipment","Good","Dipper tooth set","SUR-DIP-410","0.4","Routine issue","false"
"2026-04-29","NR-SH-01","Surface Mining Equipment","Good","Dipper tooth set","SUR-DIP-410","0.3","Routine issue","false"
"2026-04-30","NR-SH-01","Surface Mining Equipment","Good","Dipper tooth set","SUR-DIP-410","1.2","Maintenance spike","false"
"2026-05-01","NR-SH-01","Surface Mining Equipment","Good","Dipper tooth set","SUR-DIP-410","0.4","Routine issue","false"
"2026-05-02","NR-SH-01","Surface Mining Equipment","Good","Dipper tooth set","SUR-DIP-410","0.4","Routine issue","false"
"2026-05-03","NR-SH-01","Surface Mining Equipment","Good","Dipper tooth set","SUR-DIP-410","0.4","Routine issue","false"
"2026-05-04","NR-SH-01","Surface Mining Equipment","Good","Dipper tooth set","SUR-DIP-410","0.4","Routine issue","false"
"2026-05-05","NR-SH-01","Surface Mining Equipment","Good","Dipper tooth set","SUR-DIP-410","0.4","Routine issue","false"
"2026-05-06","NR-SH-01","Surface Mining Equipment","Good","Dipper tooth set","SUR-DIP-410","0.3","Routine issue","false"
"2026-05-07","NR-SH-01","Surface Mining Equipment","Good","Dipper tooth set","SUR-DIP-410","0.3","Routine issue","false"
"2026-05-08","NR-SH-01","Surface Mining Equipment","Good","Dipper tooth set","SUR-DIP-410","0.4","Routine issue","false"
"2026-05-09","NR-SH-01","Surface Mining Equipment","Good","Dipper tooth set","SUR-DIP-410","0.4","Routine issue","false"
"2026-05-10","NR-SH-01","Surface Mining Equipment","Good","Dipper tooth set","SUR-DIP-410","0.4","Routine issue","false"
"2026-05-11","NR-SH-01","Surface Mining Equipment","Good","Dipper tooth set","SUR-DIP-410","0.4","Routine issue","false"
"2026-05-12","NR-SH-01","Surface Mining Equipment","Good","Dipper tooth set","SUR-DIP-410","0.4","Routine issue","false"
"2026-05-13","NR-SH-01","Surface Mining Equipment","Good","Dipper tooth set","SUR-DIP-410","0.3","Routine issue","false"
"2026-05-14","NR-SH-01","Surface Mining Equipment","Good","Dipper tooth set","SUR-DIP-410","0.4","Routine issue","false"
"2026-05-15","NR-SH-01","Surface Mining Equipment","Good","Dipper tooth set","SUR-DIP-410","0.4","Routine issue","false"
"2026-05-16","NR-SH-01","Surface Mining Equipment","Good","Dipper tooth set","SUR-DIP-410","0.4","Routine issue","false"
"2026-05-17","NR-SH-01","Surface Mining Equipment","Good","Dipper tooth set","SUR-DIP-410","0.3","Routine issue","false"
"2026-05-18","NR-SH-01","Surface Mining Equipment","Good","Dipper tooth set","SUR-DIP-410","0.4","Routine issue","false"
"2026-05-19","NR-SH-01","Surface Mining Equipment","Good","Dipper tooth set","SUR-DIP-410","0.3","Routine issue","false"
"2026-05-20","NR-SH-01","Surface Mining Equipment","Good","Dipper tooth set","SUR-DIP-410","0.4","Routine issue","false"
"2026-05-21","NR-SH-01","Surface Mining Equipment","Good","Dipper tooth set","SUR-DIP-410","0.4","Routine issue","false"
"2026-05-22","NR-SH-01","Surface Mining Equipment","Good","Dipper tooth set","SUR-DIP-410","0.4","Routine issue","false"
"2026-05-23","NR-SH-01","Surface Mining Equipment","Good","Dipper tooth set","SUR-DIP-410","0.4","Routine issue","false"
"2026-05-24","NR-SH-01","Surface Mining Equipment","Good","Dipper tooth set","SUR-DIP-410","0.4","Routine issue","false"
"2026-05-25","NR-SH-01","Surface Mining Equipment","Good","Dipper tooth set","SUR-DIP-410","0.3","Routine issue","false"
"2026-05-26","NR-SH-01","Surface Mining Equipment","Good","Dipper tooth set","SUR-DIP-410","0.4","Routine issue","false"
"2026-05-27","NR-SH-01","Surface Mining Equipment","Good","Dipper tooth set","SUR-DIP-410","0.4","Routine issue","false"
"2026-05-28","NR-SH-01","Surface Mining Equipment","Good","Dipper tooth set","SUR-DIP-410","0.4","Routine issue","false"
"2026-05-29","NR-SH-01","Surface Mining Equipment","Good","Dipper tooth set","SUR-DIP-410","0.4","Routine issue","false"
"2026-05-30","NR-SH-01","Surface Mining Equipment","Good","Dipper tooth set","SUR-DIP-410","0.4","Routine issue","false"
"2026-05-31","NR-SH-01","Surface Mining Equipment","Good","Dipper tooth set","SUR-DIP-410","0.3","Routine issue","false"
"2026-06-01","NR-SH-01","Surface Mining Equipment","Good","Dipper tooth set","SUR-DIP-410","0.4","Routine issue","false"
"2026-06-02","NR-SH-01","Surface Mining Equipment","Good","Dipper tooth set","SUR-DIP-410","0.4","Routine issue","false"
"2026-06-03","NR-SH-01","Surface Mining Equipment","Good","Dipper tooth set","SUR-DIP-410","0.3","Routine issue","false"
"2026-06-04","NR-SH-01","Surface Mining Equipment","Good","Dipper tooth set","SUR-DIP-410","0.4","Routine issue","false"
"2026-06-05","NR-SH-01","Surface Mining Equipment","Good","Dipper tooth set","SUR-DIP-410","0.4","Routine issue","false"
"2026-06-06","NR-SH-01","Surface Mining Equipment","Good","Dipper tooth set","SUR-DIP-410","1.2","Maintenance spike","false"
"2026-06-07","NR-SH-01","Surface Mining Equipment","Good","Dipper tooth set","SUR-DIP-410","0.4","Routine issue","false"
"2026-06-08","NR-SH-01","Surface Mining Equipment","Good","Dipper tooth set","SUR-DIP-410","0.3","Routine issue","false"
"2026-06-09","NR-SH-01","Surface Mining Equipment","Good","Dipper tooth set","SUR-DIP-410","0.3","Routine issue","false"
"2026-06-10","NR-SH-01","Surface Mining Equipment","Good","Dipper tooth set","SUR-DIP-410","0.4","Routine issue","false"
"2026-06-11","NR-SH-01","Surface Mining Equipment","Good","Dipper tooth set","SUR-DIP-410","0.4","Routine issue","false"
"2026-06-12","NR-SH-01","Surface Mining Equipment","Good","Dipper tooth set","SUR-DIP-410","0.4","Routine issue","false"
"2026-06-13","NR-SH-01","Surface Mining Equipment","Good","Dipper tooth set","SUR-DIP-410","0.3","Routine issue","false"
"2026-06-14","NR-SH-01","Surface Mining Equipment","Good","Dipper tooth set","SUR-DIP-410","0.4","Routine issue","false"
"2026-06-15","NR-SH-01","Surface Mining Equipment","Good","Dipper tooth set","SUR-DIP-410","0.3","Routine issue","false"
"2026-06-16","NR-SH-01","Surface Mining Equipment","Good","Dipper tooth set","SUR-DIP-410","0.4","Routine issue","false"
"2026-06-17","NR-SH-01","Surface Mining Equipment","Good","Dipper tooth set","SUR-DIP-410","0.3","Routine issue","false"
"2026-06-18","NR-SH-01","Surface Mining Equipment","Good","Dipper tooth set","SUR-DIP-410","0.4","Routine issue","false"
"2026-06-19","NR-SH-01","Surface Mining Equipment","Good","Dipper tooth set","SUR-DIP-410","0.4","Routine issue","false"
"2026-06-20","NR-SH-01","Surface Mining Equipment","Good","Dipper tooth set","SUR-DIP-410","0.3","Routine issue","false"
"2026-06-21","NR-SH-01","Surface Mining Equipment","Good","Dipper tooth set","SUR-DIP-410","0.4","Routine issue","false"
"2026-06-22","NR-SH-01","Surface Mining Equipment","Good","Dipper tooth set","SUR-DIP-410","0.3","Routine issue","false"
"2026-06-23","NR-SH-01","Surface Mining Equipment","Good","Dipper tooth set","SUR-DIP-410","0.3","Routine issue","false"
"2026-06-24","NR-SH-01","Surface Mining Equipment","Good","Dipper tooth set","SUR-DIP-410","0.4","Routine issue","false"
"2026-06-25","NR-SH-01","Surface Mining Equipment","Good","Dipper tooth set","SUR-DIP-410","0.3","Routine issue","false"
"2026-06-26","NR-SH-01","Surface Mining Equipment","Good","Dipper tooth set","SUR-DIP-410","0.3","Routine issue","false"
"2026-06-27","NR-SH-01","Surface Mining Equipment","Good","Dipper tooth set","SUR-DIP-410","0.3","Routine issue","false"
"2026-06-28","NR-SH-01","Surface Mining Equipment","Good","Dipper tooth set","SUR-DIP-410","0.4","Routine issue","false"
"2026-06-29","NR-SH-01","Surface Mining Equipment","Good","Dipper tooth set","SUR-DIP-410","0.4","Routine issue","false"
"2026-06-30","NR-SH-01","Surface Mining Equipment","Good","Dipper tooth set","SUR-DIP-410","0.3","Routine issue","false"
"2026-07-01","NR-SH-01","Surface Mining Equipment","Good","Dipper tooth set","SUR-DIP-410","0.4","Routine issue","false"
"2026-07-02","NR-SH-01","Surface Mining Equipment","Good","Dipper tooth set","SUR-DIP-410","0.4","Routine issue","false"
"2026-07-03","NR-SH-01","Surface Mining Equipment","Good","Dipper tooth set","SUR-DIP-410","0.3","Routine issue","false"
"2026-07-04","NR-SH-01","Surface Mining Equipment","Good","Dipper tooth set","SUR-DIP-410","0.3","Routine issue","false"
"2026-07-05","NR-SH-01","Surface Mining Equipment","Good","Dipper tooth set","SUR-DIP-410","0.3","Routine issue","false"
"2026-07-06","NR-SH-01","Surface Mining Equipment","Good","Dipper tooth set","SUR-DIP-410","0.4","Routine issue","false"
"2026-07-07","NR-SH-01","Surface Mining Equipment","Good","Dipper tooth set","SUR-DIP-410","0.4","Routine issue","false"
"2026-07-08","NR-SH-01","Surface Mining Equipment","Good","Dipper tooth set","SUR-DIP-410","0.3","Routine issue","false"
"2026-07-09","NR-SH-01","Surface Mining Equipment","Good","Dipper tooth set","SUR-DIP-410","0.3","Routine issue","false"
"2026-07-10","NR-SH-01","Surface Mining Equipment","Good","Dipper tooth set","SUR-DIP-410","0.4","Routine issue","false"
"2026-07-11","NR-SH-01","Surface Mining Equipment","Good","Dipper tooth set","SUR-DIP-410","0.3","Routine issue","false"
"2026-07-12","NR-SH-01","Surface Mining Equipment","Good","Dipper tooth set","SUR-DIP-410","0.4","Routine issue","false"
"2026-07-13","NR-SH-01","Surface Mining Equipment","Good","Dipper tooth set","SUR-DIP-410","1.2","Maintenance spike","false"
"2026-07-14","NR-SH-01","Surface Mining Equipment","Good","Dipper tooth set","SUR-DIP-410","1.2","Anomaly","true"
"2026-07-15","NR-SH-01","Surface Mining Equipment","Good","Dipper tooth set","SUR-DIP-410","0.3","Routine issue","false"
"2026-07-16","NR-SH-01","Surface Mining Equipment","Good","Dipper tooth set","SUR-DIP-410","0.3","Routine issue","false"
"2026-07-17","NR-SH-01","Surface Mining Equipment","Good","Dipper tooth set","SUR-DIP-410","0.4","Routine issue","false"
"2026-07-18","NR-SH-01","Surface Mining Equipment","Good","Dipper tooth set","SUR-DIP-410","0.3","Routine issue","false"
"2026-07-19","NR-SH-01","Surface Mining Equipment","Good","Dipper tooth set","SUR-DIP-410","0.3","Routine issue","false"
"2026-07-20","NR-SH-01","Surface Mining Equipment","Good","Dipper tooth set","SUR-DIP-410","0.3","Routine issue","false"
"2026-07-21","NR-SH-01","Surface Mining Equipment","Good","Dipper tooth set","SUR-DIP-410","0.3","Routine issue","false"
"2026-07-22","NR-SH-01","Surface Mining Equipment","Good","Dipper tooth set","SUR-DIP-410","0.4","Routine issue","false"
"2026-07-23","NR-SH-01","Surface Mining Equipment","Good","Dipper tooth set","SUR-DIP-410","0.3","Routine issue","false"
"2026-07-24","NR-SH-01","Surface Mining Equipment","Good","Dipper tooth set","SUR-DIP-410","0.4","Routine issue","false"
"2026-07-25","NR-SH-01","Surface Mining Equipment","Good","Dipper tooth set","SUR-DIP-410","0.3","Routine issue","false"
"2026-07-26","NR-SH-01","Surface Mining Equipment","Good","Dipper tooth set","SUR-DIP-410","0.4","Routine issue","false"
"2026-07-27","NR-SH-01","Surface Mining Equipment","Good","Dipper tooth set","SUR-DIP-410","0.3","Routine issue","false"
"2026-07-28","NR-SH-01","Surface Mining Equipment","Good","Dipper tooth set","SUR-DIP-410","0.3","Routine issue","false"
"2026-07-29","NR-SH-01","Surface Mining Equipment","Good","Dipper tooth set","SUR-DIP-410","0.3","Routine issue","false"
"2026-07-30","NR-SH-01","Surface Mining Equipment","Good","Dipper tooth set","SUR-DIP-410","0.3","Routine issue","false"
"2026-07-31","NR-SH-01","Surface Mining Equipment","Good","Dipper tooth set","SUR-DIP-410","0.3","Routine issue","false"
"2026-08-01","NR-SH-01","Surface Mining Equipment","Good","Dipper tooth set","SUR-DIP-410","0.3","Routine issue","false"
"2026-08-02","NR-SH-01","Surface Mining Equipment","Good","Dipper tooth set","SUR-DIP-410","0.3","Routine issue","false"
"2026-08-03","NR-SH-01","Surface Mining Equipment","Good","Dipper tooth set","SUR-DIP-410","0.3","Routine issue","false"
"2026-08-04","NR-SH-01","Surface Mining Equipment","Good","Dipper tooth set","SUR-DIP-410","0.4","Routine issue","false"
"2026-08-05","NR-SH-01","Surface Mining Equipment","Good","Dipper tooth set","SUR-DIP-410","0.3","Routine issue","false"
"2026-08-06","NR-SH-01","Surface Mining Equipment","Good","Dipper tooth set","SUR-DIP-410","0.3","Routine issue","false"
"2026-08-07","NR-SH-01","Surface Mining Equipment","Good","Dipper tooth set","SUR-DIP-410","0.3","Routine issue","false"
"2026-08-08","NR-SH-01","Surface Mining Equipment","Good","Dipper tooth set","SUR-DIP-410","0.3","Routine issue","false"
"2026-08-09","NR-SH-01","Surface Mining Equipment","Good","Dipper tooth set","SUR-DIP-410","0.4","Routine issue","false"
"2026-08-10","NR-SH-01","Surface Mining Equipment","Good","Dipper tooth set","SUR-DIP-410","0.4","Routine issue","false"
"2026-08-11","NR-SH-01","Surface Mining Equipment","Good","Dipper tooth set","SUR-DIP-410","0.3","Routine issue","false"
"2026-08-12","NR-SH-01","Surface Mining Equipment","Good","Dipper tooth set","SUR-DIP-410","0.3","Routine issue","false"
"2026-08-13","NR-SH-01","Surface Mining Equipment","Good","Dipper tooth set","SUR-DIP-410","0.4","Routine issue","false"
"2026-08-14","NR-SH-01","Surface Mining Equipment","Good","Dipper tooth set","SUR-DIP-410","0.3","Routine issue","false"
"2026-08-15","NR-SH-01","Surface Mining Equipment","Good","Dipper tooth set","SUR-DIP-410","0.3","Routine issue","false"
"2026-08-16","NR-SH-01","Surface Mining Equipment","Good","Dipper tooth set","SUR-DIP-410","0.3","Routine issue","false"
"2026-08-17","NR-SH-01","Surface Mining Equipment","Good","Dipper tooth set","SUR-DIP-410","0.4","Routine issue","false"
"2026-08-18","NR-SH-01","Surface Mining Equipment","Good","Dipper tooth set","SUR-DIP-410","0.4","Routine issue","false"
"2026-08-19","NR-SH-01","Surface Mining Equipment","Good","Dipper tooth set","SUR-DIP-410","1.2","Maintenance spike","false"
"2026-08-20","NR-SH-01","Surface Mining Equipment","Good","Dipper tooth set","SUR-DIP-410","0.3","Routine issue","false"
"2026-08-21","NR-SH-01","Surface Mining Equipment","Good","Dipper tooth set","SUR-DIP-410","0.3","Routine issue","false"
"2026-08-22","NR-SH-01","Surface Mining Equipment","Good","Dipper tooth set","SUR-DIP-410","0.3","Routine issue","false"
"2026-08-23","NR-SH-01","Surface Mining Equipment","Good","Dipper tooth set","SUR-DIP-410","0.3","Routine issue","false"
"2026-08-24","NR-SH-01","Surface Mining Equipment","Good","Dipper tooth set","SUR-DIP-410","0.3","Routine issue","false"
"2026-08-25","NR-SH-01","Surface Mining Equipment","Good","Dipper tooth set","SUR-DIP-410","0.3","Routine issue","false"
"2026-08-26","NR-SH-01","Surface Mining Equipment","Good","Dipper tooth set","SUR-DIP-410","0.4","Routine issue","false"
"2026-08-27","NR-SH-01","Surface Mining Equipment","Good","Dipper tooth set","SUR-DIP-410","0.4","Routine issue","false"
"2026-08-28","NR-SH-01","Surface Mining Equipment","Good","Dipper tooth set","SUR-DIP-410","0.3","Routine issue","false"
"2026-08-29","NR-SH-01","Surface Mining Equipment","Good","Dipper tooth set","SUR-DIP-410","0.3","Routine issue","false"
"2026-08-30","NR-SH-01","Surface Mining Equipment","Good","Dipper tooth set","SUR-DIP-410","0.3","Routine issue","false"
"2026-08-31","NR-SH-01","Surface Mining Equipment","Good","Dipper tooth set","SUR-DIP-410","0.4","Routine issue","false"
"2026-09-01","NR-SH-01","Surface Mining Equipment","Good","Dipper tooth set","SUR-DIP-410","0.4","Routine issue","false"
"2026-09-02","NR-SH-01","Surface Mining Equipment","Good","Dipper tooth set","SUR-DIP-410","0.3","Routine issue","false"
"2026-09-03","NR-SH-01","Surface Mining Equipment","Good","Dipper tooth set","SUR-DIP-410","0.3","Routine issue","false"
"2026-09-04","NR-SH-01","Surface Mining Equipment","Good","Dipper tooth set","SUR-DIP-410","0.3","Routine issue","false"
"2026-09-05","NR-SH-01","Surface Mining Equipment","Good","Dipper tooth set","SUR-DIP-410","0.3","Routine issue","false"
"2026-09-06","NR-SH-01","Surface Mining Equipment","Good","Dipper tooth set","SUR-DIP-410","0.3","Routine issue","false"
"2026-09-07","NR-SH-01","Surface Mining Equipment","Good","Dipper tooth set","SUR-DIP-410","0.3","Routine issue","false"
"2026-09-08","NR-SH-01","Surface Mining Equipment","Good","Dipper tooth set","SUR-DIP-410","0.3","Routine issue","false"
"2026-09-09","NR-SH-01","Surface Mining Equipment","Good","Dipper tooth set","SUR-DIP-410","0.4","Routine issue","false"
"2026-09-10","NR-SH-01","Surface Mining Equipment","Good","Dipper tooth set","SUR-DIP-410","0.3","Routine issue","false"
"2026-09-11","NR-SH-01","Surface Mining Equipment","Good","Dipper tooth set","SUR-DIP-410","0.3","Routine issue","false"
"2026-09-12","NR-SH-01","Surface Mining Equipment","Good","Dipper tooth set","SUR-DIP-410","0.3","Routine issue","false"
"2026-09-13","NR-SH-01","Surface Mining Equipment","Good","Dipper tooth set","SUR-DIP-410","0.3","Routine issue","false"
"2026-03-18","NR-DG-02","Surface Mining Equipment","Fair","Drag rope assembly","SUR-ROP-875","0.1","Routine issue","false"
"2026-03-19","NR-DG-02","Surface Mining Equipment","Fair","Drag rope assembly","SUR-ROP-875","0.1","Routine issue","false"
"2026-03-20","NR-DG-02","Surface Mining Equipment","Fair","Drag rope assembly","SUR-ROP-875","0.1","Routine issue","false"
"2026-03-21","NR-DG-02","Surface Mining Equipment","Fair","Drag rope assembly","SUR-ROP-875","0.1","Routine issue","false"
"2026-03-22","NR-DG-02","Surface Mining Equipment","Fair","Drag rope assembly","SUR-ROP-875","0.1","Routine issue","false"
"2026-03-23","NR-DG-02","Surface Mining Equipment","Fair","Drag rope assembly","SUR-ROP-875","0.1","Routine issue","false"
"2026-03-24","NR-DG-02","Surface Mining Equipment","Fair","Drag rope assembly","SUR-ROP-875","0.1","Routine issue","false"
"2026-03-25","NR-DG-02","Surface Mining Equipment","Fair","Drag rope assembly","SUR-ROP-875","0.1","Routine issue","false"
"2026-03-26","NR-DG-02","Surface Mining Equipment","Fair","Drag rope assembly","SUR-ROP-875","0.1","Routine issue","false"
"2026-03-27","NR-DG-02","Surface Mining Equipment","Fair","Drag rope assembly","SUR-ROP-875","0.1","Routine issue","false"
"2026-03-28","NR-DG-02","Surface Mining Equipment","Fair","Drag rope assembly","SUR-ROP-875","0.1","Routine issue","false"
"2026-03-29","NR-DG-02","Surface Mining Equipment","Fair","Drag rope assembly","SUR-ROP-875","0.1","Routine issue","false"
"2026-03-30","NR-DG-02","Surface Mining Equipment","Fair","Drag rope assembly","SUR-ROP-875","0.1","Routine issue","false"
"2026-03-31","NR-DG-02","Surface Mining Equipment","Fair","Drag rope assembly","SUR-ROP-875","0.1","Routine issue","false"
"2026-04-01","NR-DG-02","Surface Mining Equipment","Fair","Drag rope assembly","SUR-ROP-875","0.1","Routine issue","false"
"2026-04-02","NR-DG-02","Surface Mining Equipment","Fair","Drag rope assembly","SUR-ROP-875","0.1","Routine issue","false"
"2026-04-03","NR-DG-02","Surface Mining Equipment","Fair","Drag rope assembly","SUR-ROP-875","0.1","Routine issue","false"
"2026-04-04","NR-DG-02","Surface Mining Equipment","Fair","Drag rope assembly","SUR-ROP-875","0.1","Routine issue","false"
"2026-04-05","NR-DG-02","Surface Mining Equipment","Fair","Drag rope assembly","SUR-ROP-875","0.1","Routine issue","false"
"2026-04-06","NR-DG-02","Surface Mining Equipment","Fair","Drag rope assembly","SUR-ROP-875","0.1","Routine issue","false"
"2026-04-07","NR-DG-02","Surface Mining Equipment","Fair","Drag rope assembly","SUR-ROP-875","0.1","Routine issue","false"
"2026-04-08","NR-DG-02","Surface Mining Equipment","Fair","Drag rope assembly","SUR-ROP-875","0.4","Anomaly","true"
"2026-04-09","NR-DG-02","Surface Mining Equipment","Fair","Drag rope assembly","SUR-ROP-875","0.1","Routine issue","false"
"2026-04-10","NR-DG-02","Surface Mining Equipment","Fair","Drag rope assembly","SUR-ROP-875","0.1","Routine issue","false"
"2026-04-11","NR-DG-02","Surface Mining Equipment","Fair","Drag rope assembly","SUR-ROP-875","0.1","Routine issue","false"
"2026-04-12","NR-DG-02","Surface Mining Equipment","Fair","Drag rope assembly","SUR-ROP-875","0.1","Routine issue","false"
"2026-04-13","NR-DG-02","Surface Mining Equipment","Fair","Drag rope assembly","SUR-ROP-875","0.1","Routine issue","false"
"2026-04-14","NR-DG-02","Surface Mining Equipment","Fair","Drag rope assembly","SUR-ROP-875","0.1","Routine issue","false"
"2026-04-15","NR-DG-02","Surface Mining Equipment","Fair","Drag rope assembly","SUR-ROP-875","0.1","Routine issue","false"
"2026-04-16","NR-DG-02","Surface Mining Equipment","Fair","Drag rope assembly","SUR-ROP-875","0.1","Routine issue","false"
"2026-04-17","NR-DG-02","Surface Mining Equipment","Fair","Drag rope assembly","SUR-ROP-875","0.1","Routine issue","false"
"2026-04-18","NR-DG-02","Surface Mining Equipment","Fair","Drag rope assembly","SUR-ROP-875","0.1","Routine issue","false"
"2026-04-19","NR-DG-02","Surface Mining Equipment","Fair","Drag rope assembly","SUR-ROP-875","0.1","Routine issue","false"
"2026-04-20","NR-DG-02","Surface Mining Equipment","Fair","Drag rope assembly","SUR-ROP-875","0.3","Anomaly","true"
"2026-04-21","NR-DG-02","Surface Mining Equipment","Fair","Drag rope assembly","SUR-ROP-875","0.1","Routine issue","false"
"2026-04-22","NR-DG-02","Surface Mining Equipment","Fair","Drag rope assembly","SUR-ROP-875","0.1","Routine issue","false"
"2026-04-23","NR-DG-02","Surface Mining Equipment","Fair","Drag rope assembly","SUR-ROP-875","0.1","Routine issue","false"
"2026-04-24","NR-DG-02","Surface Mining Equipment","Fair","Drag rope assembly","SUR-ROP-875","0.4","Maintenance spike","false"
"2026-04-25","NR-DG-02","Surface Mining Equipment","Fair","Drag rope assembly","SUR-ROP-875","0.1","Routine issue","false"
"2026-04-26","NR-DG-02","Surface Mining Equipment","Fair","Drag rope assembly","SUR-ROP-875","0.1","Routine issue","false"
"2026-04-27","NR-DG-02","Surface Mining Equipment","Fair","Drag rope assembly","SUR-ROP-875","0.1","Routine issue","false"
"2026-04-28","NR-DG-02","Surface Mining Equipment","Fair","Drag rope assembly","SUR-ROP-875","0.1","Routine issue","false"
"2026-04-29","NR-DG-02","Surface Mining Equipment","Fair","Drag rope assembly","SUR-ROP-875","0.1","Routine issue","false"
"2026-04-30","NR-DG-02","Surface Mining Equipment","Fair","Drag rope assembly","SUR-ROP-875","0.1","Routine issue","false"
"2026-05-01","NR-DG-02","Surface Mining Equipment","Fair","Drag rope assembly","SUR-ROP-875","0.1","Routine issue","false"
"2026-05-02","NR-DG-02","Surface Mining Equipment","Fair","Drag rope assembly","SUR-ROP-875","0.1","Routine issue","false"
"2026-05-03","NR-DG-02","Surface Mining Equipment","Fair","Drag rope assembly","SUR-ROP-875","0.1","Routine issue","false"
"2026-05-04","NR-DG-02","Surface Mining Equipment","Fair","Drag rope assembly","SUR-ROP-875","0.1","Routine issue","false"
"2026-05-05","NR-DG-02","Surface Mining Equipment","Fair","Drag rope assembly","SUR-ROP-875","0.1","Routine issue","false"
"2026-05-06","NR-DG-02","Surface Mining Equipment","Fair","Drag rope assembly","SUR-ROP-875","0.1","Routine issue","false"
"2026-05-07","NR-DG-02","Surface Mining Equipment","Fair","Drag rope assembly","SUR-ROP-875","0.1","Routine issue","false"
"2026-05-08","NR-DG-02","Surface Mining Equipment","Fair","Drag rope assembly","SUR-ROP-875","0.1","Routine issue","false"
"2026-05-09","NR-DG-02","Surface Mining Equipment","Fair","Drag rope assembly","SUR-ROP-875","0.1","Routine issue","false"
"2026-05-10","NR-DG-02","Surface Mining Equipment","Fair","Drag rope assembly","SUR-ROP-875","0.1","Routine issue","false"
"2026-05-11","NR-DG-02","Surface Mining Equipment","Fair","Drag rope assembly","SUR-ROP-875","0.1","Routine issue","false"
"2026-05-12","NR-DG-02","Surface Mining Equipment","Fair","Drag rope assembly","SUR-ROP-875","0.1","Routine issue","false"
"2026-05-13","NR-DG-02","Surface Mining Equipment","Fair","Drag rope assembly","SUR-ROP-875","0.1","Routine issue","false"
"2026-05-14","NR-DG-02","Surface Mining Equipment","Fair","Drag rope assembly","SUR-ROP-875","0.3","Anomaly","true"
"2026-05-15","NR-DG-02","Surface Mining Equipment","Fair","Drag rope assembly","SUR-ROP-875","0.1","Routine issue","false"
"2026-05-16","NR-DG-02","Surface Mining Equipment","Fair","Drag rope assembly","SUR-ROP-875","0.1","Routine issue","false"
"2026-05-17","NR-DG-02","Surface Mining Equipment","Fair","Drag rope assembly","SUR-ROP-875","0.1","Routine issue","false"
"2026-05-18","NR-DG-02","Surface Mining Equipment","Fair","Drag rope assembly","SUR-ROP-875","0.1","Routine issue","false"
"2026-05-19","NR-DG-02","Surface Mining Equipment","Fair","Drag rope assembly","SUR-ROP-875","0.1","Routine issue","false"
"2026-05-20","NR-DG-02","Surface Mining Equipment","Fair","Drag rope assembly","SUR-ROP-875","0.1","Routine issue","false"
"2026-05-21","NR-DG-02","Surface Mining Equipment","Fair","Drag rope assembly","SUR-ROP-875","0.1","Routine issue","false"
"2026-05-22","NR-DG-02","Surface Mining Equipment","Fair","Drag rope assembly","SUR-ROP-875","0.1","Routine issue","false"
"2026-05-23","NR-DG-02","Surface Mining Equipment","Fair","Drag rope assembly","SUR-ROP-875","0.1","Routine issue","false"
"2026-05-24","NR-DG-02","Surface Mining Equipment","Fair","Drag rope assembly","SUR-ROP-875","0.1","Routine issue","false"
"2026-05-25","NR-DG-02","Surface Mining Equipment","Fair","Drag rope assembly","SUR-ROP-875","0.1","Routine issue","false"
"2026-05-26","NR-DG-02","Surface Mining Equipment","Fair","Drag rope assembly","SUR-ROP-875","0.1","Routine issue","false"
"2026-05-27","NR-DG-02","Surface Mining Equipment","Fair","Drag rope assembly","SUR-ROP-875","0.1","Routine issue","false"
"2026-05-28","NR-DG-02","Surface Mining Equipment","Fair","Drag rope assembly","SUR-ROP-875","0.1","Routine issue","false"
"2026-05-29","NR-DG-02","Surface Mining Equipment","Fair","Drag rope assembly","SUR-ROP-875","0.1","Routine issue","false"
"2026-05-30","NR-DG-02","Surface Mining Equipment","Fair","Drag rope assembly","SUR-ROP-875","0.1","Routine issue","false"
"2026-05-31","NR-DG-02","Surface Mining Equipment","Fair","Drag rope assembly","SUR-ROP-875","0.3","Maintenance spike","false"
"2026-06-01","NR-DG-02","Surface Mining Equipment","Fair","Drag rope assembly","SUR-ROP-875","0.1","Routine issue","false"
"2026-06-02","NR-DG-02","Surface Mining Equipment","Fair","Drag rope assembly","SUR-ROP-875","0.1","Routine issue","false"
"2026-06-03","NR-DG-02","Surface Mining Equipment","Fair","Drag rope assembly","SUR-ROP-875","0.1","Routine issue","false"
"2026-06-04","NR-DG-02","Surface Mining Equipment","Fair","Drag rope assembly","SUR-ROP-875","0.1","Routine issue","false"
"2026-06-05","NR-DG-02","Surface Mining Equipment","Fair","Drag rope assembly","SUR-ROP-875","0.1","Routine issue","false"
"2026-06-06","NR-DG-02","Surface Mining Equipment","Fair","Drag rope assembly","SUR-ROP-875","0.1","Routine issue","false"
"2026-06-07","NR-DG-02","Surface Mining Equipment","Fair","Drag rope assembly","SUR-ROP-875","0.1","Routine issue","false"
"2026-06-08","NR-DG-02","Surface Mining Equipment","Fair","Drag rope assembly","SUR-ROP-875","0.1","Routine issue","false"
"2026-06-09","NR-DG-02","Surface Mining Equipment","Fair","Drag rope assembly","SUR-ROP-875","0.1","Routine issue","false"
"2026-06-10","NR-DG-02","Surface Mining Equipment","Fair","Drag rope assembly","SUR-ROP-875","0.1","Routine issue","false"
"2026-06-11","NR-DG-02","Surface Mining Equipment","Fair","Drag rope assembly","SUR-ROP-875","0.1","Routine issue","false"
"2026-06-12","NR-DG-02","Surface Mining Equipment","Fair","Drag rope assembly","SUR-ROP-875","0.1","Routine issue","false"
"2026-06-13","NR-DG-02","Surface Mining Equipment","Fair","Drag rope assembly","SUR-ROP-875","0.1","Routine issue","false"
"2026-06-14","NR-DG-02","Surface Mining Equipment","Fair","Drag rope assembly","SUR-ROP-875","0.1","Routine issue","false"
"2026-06-15","NR-DG-02","Surface Mining Equipment","Fair","Drag rope assembly","SUR-ROP-875","0.1","Routine issue","false"
"2026-06-16","NR-DG-02","Surface Mining Equipment","Fair","Drag rope assembly","SUR-ROP-875","0.1","Routine issue","false"
"2026-06-17","NR-DG-02","Surface Mining Equipment","Fair","Drag rope assembly","SUR-ROP-875","0.1","Routine issue","false"
"2026-06-18","NR-DG-02","Surface Mining Equipment","Fair","Drag rope assembly","SUR-ROP-875","0.1","Routine issue","false"
"2026-06-19","NR-DG-02","Surface Mining Equipment","Fair","Drag rope assembly","SUR-ROP-875","0.1","Routine issue","false"
"2026-06-20","NR-DG-02","Surface Mining Equipment","Fair","Drag rope assembly","SUR-ROP-875","0.1","Routine issue","false"
"2026-06-21","NR-DG-02","Surface Mining Equipment","Fair","Drag rope assembly","SUR-ROP-875","0.1","Routine issue","false"
"2026-06-22","NR-DG-02","Surface Mining Equipment","Fair","Drag rope assembly","SUR-ROP-875","0.1","Routine issue","false"
"2026-06-23","NR-DG-02","Surface Mining Equipment","Fair","Drag rope assembly","SUR-ROP-875","0.1","Routine issue","false"
"2026-06-24","NR-DG-02","Surface Mining Equipment","Fair","Drag rope assembly","SUR-ROP-875","0.1","Routine issue","false"
"2026-06-25","NR-DG-02","Surface Mining Equipment","Fair","Drag rope assembly","SUR-ROP-875","0.1","Routine issue","false"
"2026-06-26","NR-DG-02","Surface Mining Equipment","Fair","Drag rope assembly","SUR-ROP-875","0.1","Routine issue","false"
"2026-06-27","NR-DG-02","Surface Mining Equipment","Fair","Drag rope assembly","SUR-ROP-875","0.1","Routine issue","false"
"2026-06-28","NR-DG-02","Surface Mining Equipment","Fair","Drag rope assembly","SUR-ROP-875","0.1","Routine issue","false"
"2026-06-29","NR-DG-02","Surface Mining Equipment","Fair","Drag rope assembly","SUR-ROP-875","0.1","Routine issue","false"
"2026-06-30","NR-DG-02","Surface Mining Equipment","Fair","Drag rope assembly","SUR-ROP-875","0.1","Routine issue","false"
"2026-07-01","NR-DG-02","Surface Mining Equipment","Fair","Drag rope assembly","SUR-ROP-875","0.1","Routine issue","false"
"2026-07-02","NR-DG-02","Surface Mining Equipment","Fair","Drag rope assembly","SUR-ROP-875","0.1","Routine issue","false"
"2026-07-03","NR-DG-02","Surface Mining Equipment","Fair","Drag rope assembly","SUR-ROP-875","0.1","Routine issue","false"
"2026-07-04","NR-DG-02","Surface Mining Equipment","Fair","Drag rope assembly","SUR-ROP-875","0.1","Routine issue","false"
"2026-07-05","NR-DG-02","Surface Mining Equipment","Fair","Drag rope assembly","SUR-ROP-875","0.1","Routine issue","false"
"2026-07-06","NR-DG-02","Surface Mining Equipment","Fair","Drag rope assembly","SUR-ROP-875","0.1","Routine issue","false"
"2026-07-07","NR-DG-02","Surface Mining Equipment","Fair","Drag rope assembly","SUR-ROP-875","0.3","Maintenance spike","false"
"2026-07-08","NR-DG-02","Surface Mining Equipment","Fair","Drag rope assembly","SUR-ROP-875","0.1","Routine issue","false"
"2026-07-09","NR-DG-02","Surface Mining Equipment","Fair","Drag rope assembly","SUR-ROP-875","0.1","Routine issue","false"
"2026-07-10","NR-DG-02","Surface Mining Equipment","Fair","Drag rope assembly","SUR-ROP-875","0.1","Routine issue","false"
"2026-07-11","NR-DG-02","Surface Mining Equipment","Fair","Drag rope assembly","SUR-ROP-875","0.1","Routine issue","false"
"2026-07-12","NR-DG-02","Surface Mining Equipment","Fair","Drag rope assembly","SUR-ROP-875","0.1","Routine issue","false"
"2026-07-13","NR-DG-02","Surface Mining Equipment","Fair","Drag rope assembly","SUR-ROP-875","0.1","Routine issue","false"
"2026-07-14","NR-DG-02","Surface Mining Equipment","Fair","Drag rope assembly","SUR-ROP-875","0.1","Routine issue","false"
"2026-07-15","NR-DG-02","Surface Mining Equipment","Fair","Drag rope assembly","SUR-ROP-875","0.1","Routine issue","false"
"2026-07-16","NR-DG-02","Surface Mining Equipment","Fair","Drag rope assembly","SUR-ROP-875","0.1","Routine issue","false"
"2026-07-17","NR-DG-02","Surface Mining Equipment","Fair","Drag rope assembly","SUR-ROP-875","0.1","Routine issue","false"
"2026-07-18","NR-DG-02","Surface Mining Equipment","Fair","Drag rope assembly","SUR-ROP-875","0.1","Routine issue","false"
"2026-07-19","NR-DG-02","Surface Mining Equipment","Fair","Drag rope assembly","SUR-ROP-875","0.1","Routine issue","false"
"2026-07-20","NR-DG-02","Surface Mining Equipment","Fair","Drag rope assembly","SUR-ROP-875","0.1","Routine issue","false"
"2026-07-21","NR-DG-02","Surface Mining Equipment","Fair","Drag rope assembly","SUR-ROP-875","0.1","Routine issue","false"
"2026-07-22","NR-DG-02","Surface Mining Equipment","Fair","Drag rope assembly","SUR-ROP-875","0.1","Routine issue","false"
"2026-07-23","NR-DG-02","Surface Mining Equipment","Fair","Drag rope assembly","SUR-ROP-875","0.1","Routine issue","false"
"2026-07-24","NR-DG-02","Surface Mining Equipment","Fair","Drag rope assembly","SUR-ROP-875","0.1","Routine issue","false"
"2026-07-25","NR-DG-02","Surface Mining Equipment","Fair","Drag rope assembly","SUR-ROP-875","0.1","Routine issue","false"
"2026-07-26","NR-DG-02","Surface Mining Equipment","Fair","Drag rope assembly","SUR-ROP-875","0.1","Routine issue","false"
"2026-07-27","NR-DG-02","Surface Mining Equipment","Fair","Drag rope assembly","SUR-ROP-875","0.1","Routine issue","false"
"2026-07-28","NR-DG-02","Surface Mining Equipment","Fair","Drag rope assembly","SUR-ROP-875","0.1","Routine issue","false"
"2026-07-29","NR-DG-02","Surface Mining Equipment","Fair","Drag rope assembly","SUR-ROP-875","0.1","Routine issue","false"
"2026-07-30","NR-DG-02","Surface Mining Equipment","Fair","Drag rope assembly","SUR-ROP-875","0.1","Routine issue","false"
"2026-07-31","NR-DG-02","Surface Mining Equipment","Fair","Drag rope assembly","SUR-ROP-875","0.1","Routine issue","false"
"2026-08-01","NR-DG-02","Surface Mining Equipment","Fair","Drag rope assembly","SUR-ROP-875","0.1","Routine issue","false"
"2026-08-02","NR-DG-02","Surface Mining Equipment","Fair","Drag rope assembly","SUR-ROP-875","0.1","Routine issue","false"
"2026-08-03","NR-DG-02","Surface Mining Equipment","Fair","Drag rope assembly","SUR-ROP-875","0.1","Routine issue","false"
"2026-08-04","NR-DG-02","Surface Mining Equipment","Fair","Drag rope assembly","SUR-ROP-875","0.1","Routine issue","false"
"2026-08-05","NR-DG-02","Surface Mining Equipment","Fair","Drag rope assembly","SUR-ROP-875","0.1","Routine issue","false"
"2026-08-06","NR-DG-02","Surface Mining Equipment","Fair","Drag rope assembly","SUR-ROP-875","0.1","Routine issue","false"
"2026-08-07","NR-DG-02","Surface Mining Equipment","Fair","Drag rope assembly","SUR-ROP-875","0.1","Routine issue","false"
"2026-08-08","NR-DG-02","Surface Mining Equipment","Fair","Drag rope assembly","SUR-ROP-875","0.1","Routine issue","false"
"2026-08-09","NR-DG-02","Surface Mining Equipment","Fair","Drag rope assembly","SUR-ROP-875","0.1","Routine issue","false"
"2026-08-10","NR-DG-02","Surface Mining Equipment","Fair","Drag rope assembly","SUR-ROP-875","0.1","Routine issue","false"
"2026-08-11","NR-DG-02","Surface Mining Equipment","Fair","Drag rope assembly","SUR-ROP-875","0.1","Routine issue","false"
"2026-08-12","NR-DG-02","Surface Mining Equipment","Fair","Drag rope assembly","SUR-ROP-875","0.1","Routine issue","false"
"2026-08-13","NR-DG-02","Surface Mining Equipment","Fair","Drag rope assembly","SUR-ROP-875","0.3","Maintenance spike","false"
"2026-08-14","NR-DG-02","Surface Mining Equipment","Fair","Drag rope assembly","SUR-ROP-875","0.1","Routine issue","false"
"2026-08-15","NR-DG-02","Surface Mining Equipment","Fair","Drag rope assembly","SUR-ROP-875","0.1","Routine issue","false"
"2026-08-16","NR-DG-02","Surface Mining Equipment","Fair","Drag rope assembly","SUR-ROP-875","0.1","Routine issue","false"
"2026-08-17","NR-DG-02","Surface Mining Equipment","Fair","Drag rope assembly","SUR-ROP-875","0.1","Routine issue","false"
"2026-08-18","NR-DG-02","Surface Mining Equipment","Fair","Drag rope assembly","SUR-ROP-875","0.1","Routine issue","false"
"2026-08-19","NR-DG-02","Surface Mining Equipment","Fair","Drag rope assembly","SUR-ROP-875","0.1","Routine issue","false"
"2026-08-20","NR-DG-02","Surface Mining Equipment","Fair","Drag rope assembly","SUR-ROP-875","0.1","Routine issue","false"
"2026-08-21","NR-DG-02","Surface Mining Equipment","Fair","Drag rope assembly","SUR-ROP-875","0.1","Routine issue","false"
"2026-08-22","NR-DG-02","Surface Mining Equipment","Fair","Drag rope assembly","SUR-ROP-875","0.1","Routine issue","false"
"2026-08-23","NR-DG-02","Surface Mining Equipment","Fair","Drag rope assembly","SUR-ROP-875","0.1","Routine issue","false"
"2026-08-24","NR-DG-02","Surface Mining Equipment","Fair","Drag rope assembly","SUR-ROP-875","0.1","Routine issue","false"
"2026-08-25","NR-DG-02","Surface Mining Equipment","Fair","Drag rope assembly","SUR-ROP-875","0.1","Routine issue","false"
"2026-08-26","NR-DG-02","Surface Mining Equipment","Fair","Drag rope assembly","SUR-ROP-875","0.1","Routine issue","false"
"2026-08-27","NR-DG-02","Surface Mining Equipment","Fair","Drag rope assembly","SUR-ROP-875","0.1","Routine issue","false"
"2026-08-28","NR-DG-02","Surface Mining Equipment","Fair","Drag rope assembly","SUR-ROP-875","0.1","Routine issue","false"
"2026-08-29","NR-DG-02","Surface Mining Equipment","Fair","Drag rope assembly","SUR-ROP-875","0.1","Routine issue","false"
"2026-08-30","NR-DG-02","Surface Mining Equipment","Fair","Drag rope assembly","SUR-ROP-875","0.1","Routine issue","false"
"2026-08-31","NR-DG-02","Surface Mining Equipment","Fair","Drag rope assembly","SUR-ROP-875","0.1","Routine issue","false"
"2026-09-01","NR-DG-02","Surface Mining Equipment","Fair","Drag rope assembly","SUR-ROP-875","0.1","Routine issue","false"
"2026-09-02","NR-DG-02","Surface Mining Equipment","Fair","Drag rope assembly","SUR-ROP-875","0.1","Routine issue","false"
"2026-09-03","NR-DG-02","Surface Mining Equipment","Fair","Drag rope assembly","SUR-ROP-875","0.1","Routine issue","false"
"2026-09-04","NR-DG-02","Surface Mining Equipment","Fair","Drag rope assembly","SUR-ROP-875","0.1","Routine issue","false"
"2026-09-05","NR-DG-02","Surface Mining Equipment","Fair","Drag rope assembly","SUR-ROP-875","0.1","Routine issue","false"
"2026-09-06","NR-DG-02","Surface Mining Equipment","Fair","Drag rope assembly","SUR-ROP-875","0.1","Routine issue","false"
"2026-09-07","NR-DG-02","Surface Mining Equipment","Fair","Drag rope assembly","SUR-ROP-875","0.1","Routine issue","false"
"2026-09-08","NR-DG-02","Surface Mining Equipment","Fair","Drag rope assembly","SUR-ROP-875","0.1","Routine issue","false"
"2026-09-09","NR-DG-02","Surface Mining Equipment","Fair","Drag rope assembly","SUR-ROP-875","0.1","Routine issue","false"
"2026-09-10","NR-DG-02","Surface Mining Equipment","Fair","Drag rope assembly","SUR-ROP-875","0.1","Routine issue","false"
"2026-09-11","NR-DG-02","Surface Mining Equipment","Fair","Drag rope assembly","SUR-ROP-875","0.1","Routine issue","false"
"2026-09-12","NR-DG-02","Surface Mining Equipment","Fair","Drag rope assembly","SUR-ROP-875","0.1","Routine issue","false"
"2026-09-13","NR-DG-02","Surface Mining Equipment","Fair","Drag rope assembly","SUR-ROP-875","0.1","Routine issue","false"
"2026-03-18","UG-CM-01","Underground Mining Equipment","Good","Cutting head pick set","UG-PCK-030","0.3","Routine issue","false"
"2026-03-19","UG-CM-01","Underground Mining Equipment","Good","Cutting head pick set","UG-PCK-030","1","Maintenance spike","false"
"2026-03-20","UG-CM-01","Underground Mining Equipment","Good","Cutting head pick set","UG-PCK-030","0.3","Routine issue","false"
"2026-03-21","UG-CM-01","Underground Mining Equipment","Good","Cutting head pick set","UG-PCK-030","0.3","Routine issue","false"
"2026-03-22","UG-CM-01","Underground Mining Equipment","Good","Cutting head pick set","UG-PCK-030","0.3","Routine issue","false"
"2026-03-23","UG-CM-01","Underground Mining Equipment","Good","Cutting head pick set","UG-PCK-030","0.3","Routine issue","false"
"2026-03-24","UG-CM-01","Underground Mining Equipment","Good","Cutting head pick set","UG-PCK-030","0.3","Routine issue","false"
"2026-03-25","UG-CM-01","Underground Mining Equipment","Good","Cutting head pick set","UG-PCK-030","0.3","Routine issue","false"
"2026-03-26","UG-CM-01","Underground Mining Equipment","Good","Cutting head pick set","UG-PCK-030","0.3","Routine issue","false"
"2026-03-27","UG-CM-01","Underground Mining Equipment","Good","Cutting head pick set","UG-PCK-030","0.3","Routine issue","false"
"2026-03-28","UG-CM-01","Underground Mining Equipment","Good","Cutting head pick set","UG-PCK-030","0.3","Routine issue","false"
"2026-03-29","UG-CM-01","Underground Mining Equipment","Good","Cutting head pick set","UG-PCK-030","0.3","Routine issue","false"
"2026-03-30","UG-CM-01","Underground Mining Equipment","Good","Cutting head pick set","UG-PCK-030","0.3","Routine issue","false"
"2026-03-31","UG-CM-01","Underground Mining Equipment","Good","Cutting head pick set","UG-PCK-030","0.3","Routine issue","false"
"2026-04-01","UG-CM-01","Underground Mining Equipment","Good","Cutting head pick set","UG-PCK-030","0.3","Routine issue","false"
"2026-04-02","UG-CM-01","Underground Mining Equipment","Good","Cutting head pick set","UG-PCK-030","0.3","Routine issue","false"
"2026-04-03","UG-CM-01","Underground Mining Equipment","Good","Cutting head pick set","UG-PCK-030","0.3","Routine issue","false"
"2026-04-04","UG-CM-01","Underground Mining Equipment","Good","Cutting head pick set","UG-PCK-030","0.3","Routine issue","false"
"2026-04-05","UG-CM-01","Underground Mining Equipment","Good","Cutting head pick set","UG-PCK-030","0.3","Routine issue","false"
"2026-04-06","UG-CM-01","Underground Mining Equipment","Good","Cutting head pick set","UG-PCK-030","0.3","Routine issue","false"
"2026-04-07","UG-CM-01","Underground Mining Equipment","Good","Cutting head pick set","UG-PCK-030","0.3","Routine issue","false"
"2026-04-08","UG-CM-01","Underground Mining Equipment","Good","Cutting head pick set","UG-PCK-030","0.3","Routine issue","false"
"2026-04-09","UG-CM-01","Underground Mining Equipment","Good","Cutting head pick set","UG-PCK-030","0.3","Routine issue","false"
"2026-04-10","UG-CM-01","Underground Mining Equipment","Good","Cutting head pick set","UG-PCK-030","0.3","Routine issue","false"
"2026-04-11","UG-CM-01","Underground Mining Equipment","Good","Cutting head pick set","UG-PCK-030","0.3","Routine issue","false"
"2026-04-12","UG-CM-01","Underground Mining Equipment","Good","Cutting head pick set","UG-PCK-030","0.3","Routine issue","false"
"2026-04-13","UG-CM-01","Underground Mining Equipment","Good","Cutting head pick set","UG-PCK-030","0.3","Routine issue","false"
"2026-04-14","UG-CM-01","Underground Mining Equipment","Good","Cutting head pick set","UG-PCK-030","0.3","Routine issue","false"
"2026-04-15","UG-CM-01","Underground Mining Equipment","Good","Cutting head pick set","UG-PCK-030","0.3","Routine issue","false"
"2026-04-16","UG-CM-01","Underground Mining Equipment","Good","Cutting head pick set","UG-PCK-030","0.3","Routine issue","false"
"2026-04-17","UG-CM-01","Underground Mining Equipment","Good","Cutting head pick set","UG-PCK-030","0.3","Routine issue","false"
"2026-04-18","UG-CM-01","Underground Mining Equipment","Good","Cutting head pick set","UG-PCK-030","0.3","Routine issue","false"
"2026-04-19","UG-CM-01","Underground Mining Equipment","Good","Cutting head pick set","UG-PCK-030","0.3","Routine issue","false"
"2026-04-20","UG-CM-01","Underground Mining Equipment","Good","Cutting head pick set","UG-PCK-030","0.3","Routine issue","false"
"2026-04-21","UG-CM-01","Underground Mining Equipment","Good","Cutting head pick set","UG-PCK-030","0.3","Routine issue","false"
"2026-04-22","UG-CM-01","Underground Mining Equipment","Good","Cutting head pick set","UG-PCK-030","0.3","Routine issue","false"
"2026-04-23","UG-CM-01","Underground Mining Equipment","Good","Cutting head pick set","UG-PCK-030","0.3","Routine issue","false"
"2026-04-24","UG-CM-01","Underground Mining Equipment","Good","Cutting head pick set","UG-PCK-030","1.1","Anomaly","true"
"2026-04-25","UG-CM-01","Underground Mining Equipment","Good","Cutting head pick set","UG-PCK-030","1","Maintenance spike","false"
"2026-04-26","UG-CM-01","Underground Mining Equipment","Good","Cutting head pick set","UG-PCK-030","0.3","Routine issue","false"
"2026-04-27","UG-CM-01","Underground Mining Equipment","Good","Cutting head pick set","UG-PCK-030","0.3","Routine issue","false"
"2026-04-28","UG-CM-01","Underground Mining Equipment","Good","Cutting head pick set","UG-PCK-030","0.3","Routine issue","false"
"2026-04-29","UG-CM-01","Underground Mining Equipment","Good","Cutting head pick set","UG-PCK-030","0.4","Routine issue","false"
"2026-04-30","UG-CM-01","Underground Mining Equipment","Good","Cutting head pick set","UG-PCK-030","0.3","Routine issue","false"
"2026-05-01","UG-CM-01","Underground Mining Equipment","Good","Cutting head pick set","UG-PCK-030","0.4","Routine issue","false"
"2026-05-02","UG-CM-01","Underground Mining Equipment","Good","Cutting head pick set","UG-PCK-030","0.3","Routine issue","false"
"2026-05-03","UG-CM-01","Underground Mining Equipment","Good","Cutting head pick set","UG-PCK-030","0.3","Routine issue","false"
"2026-05-04","UG-CM-01","Underground Mining Equipment","Good","Cutting head pick set","UG-PCK-030","0.3","Routine issue","false"
"2026-05-05","UG-CM-01","Underground Mining Equipment","Good","Cutting head pick set","UG-PCK-030","0.3","Routine issue","false"
"2026-05-06","UG-CM-01","Underground Mining Equipment","Good","Cutting head pick set","UG-PCK-030","0.3","Routine issue","false"
"2026-05-07","UG-CM-01","Underground Mining Equipment","Good","Cutting head pick set","UG-PCK-030","0.3","Routine issue","false"
"2026-05-08","UG-CM-01","Underground Mining Equipment","Good","Cutting head pick set","UG-PCK-030","0.3","Routine issue","false"
"2026-05-09","UG-CM-01","Underground Mining Equipment","Good","Cutting head pick set","UG-PCK-030","0.3","Routine issue","false"
"2026-05-10","UG-CM-01","Underground Mining Equipment","Good","Cutting head pick set","UG-PCK-030","0.3","Routine issue","false"
"2026-05-11","UG-CM-01","Underground Mining Equipment","Good","Cutting head pick set","UG-PCK-030","0.3","Routine issue","false"
"2026-05-12","UG-CM-01","Underground Mining Equipment","Good","Cutting head pick set","UG-PCK-030","0.3","Routine issue","false"
"2026-05-13","UG-CM-01","Underground Mining Equipment","Good","Cutting head pick set","UG-PCK-030","0.3","Routine issue","false"
"2026-05-14","UG-CM-01","Underground Mining Equipment","Good","Cutting head pick set","UG-PCK-030","0.3","Routine issue","false"
"2026-05-15","UG-CM-01","Underground Mining Equipment","Good","Cutting head pick set","UG-PCK-030","0.4","Routine issue","false"
"2026-05-16","UG-CM-01","Underground Mining Equipment","Good","Cutting head pick set","UG-PCK-030","0.3","Routine issue","false"
"2026-05-17","UG-CM-01","Underground Mining Equipment","Good","Cutting head pick set","UG-PCK-030","0.3","Routine issue","false"
"2026-05-18","UG-CM-01","Underground Mining Equipment","Good","Cutting head pick set","UG-PCK-030","0.3","Routine issue","false"
"2026-05-19","UG-CM-01","Underground Mining Equipment","Good","Cutting head pick set","UG-PCK-030","0.3","Routine issue","false"
"2026-05-20","UG-CM-01","Underground Mining Equipment","Good","Cutting head pick set","UG-PCK-030","0.3","Routine issue","false"
"2026-05-21","UG-CM-01","Underground Mining Equipment","Good","Cutting head pick set","UG-PCK-030","0.3","Routine issue","false"
"2026-05-22","UG-CM-01","Underground Mining Equipment","Good","Cutting head pick set","UG-PCK-030","0.3","Routine issue","false"
"2026-05-23","UG-CM-01","Underground Mining Equipment","Good","Cutting head pick set","UG-PCK-030","0.3","Routine issue","false"
"2026-05-24","UG-CM-01","Underground Mining Equipment","Good","Cutting head pick set","UG-PCK-030","0.3","Routine issue","false"
"2026-05-25","UG-CM-01","Underground Mining Equipment","Good","Cutting head pick set","UG-PCK-030","0.3","Routine issue","false"
"2026-05-26","UG-CM-01","Underground Mining Equipment","Good","Cutting head pick set","UG-PCK-030","0.3","Routine issue","false"
"2026-05-27","UG-CM-01","Underground Mining Equipment","Good","Cutting head pick set","UG-PCK-030","0.3","Routine issue","false"
"2026-05-28","UG-CM-01","Underground Mining Equipment","Good","Cutting head pick set","UG-PCK-030","0.3","Routine issue","false"
"2026-05-29","UG-CM-01","Underground Mining Equipment","Good","Cutting head pick set","UG-PCK-030","0.3","Routine issue","false"
"2026-05-30","UG-CM-01","Underground Mining Equipment","Good","Cutting head pick set","UG-PCK-030","0.3","Routine issue","false"
"2026-05-31","UG-CM-01","Underground Mining Equipment","Good","Cutting head pick set","UG-PCK-030","0.3","Routine issue","false"
"2026-06-01","UG-CM-01","Underground Mining Equipment","Good","Cutting head pick set","UG-PCK-030","1","Maintenance spike","false"
"2026-06-02","UG-CM-01","Underground Mining Equipment","Good","Cutting head pick set","UG-PCK-030","0.3","Routine issue","false"
"2026-06-03","UG-CM-01","Underground Mining Equipment","Good","Cutting head pick set","UG-PCK-030","0.3","Routine issue","false"
"2026-06-04","UG-CM-01","Underground Mining Equipment","Good","Cutting head pick set","UG-PCK-030","0.3","Routine issue","false"
"2026-06-05","UG-CM-01","Underground Mining Equipment","Good","Cutting head pick set","UG-PCK-030","0.3","Routine issue","false"
"2026-06-06","UG-CM-01","Underground Mining Equipment","Good","Cutting head pick set","UG-PCK-030","0.3","Routine issue","false"
"2026-06-07","UG-CM-01","Underground Mining Equipment","Good","Cutting head pick set","UG-PCK-030","0.3","Routine issue","false"
"2026-06-08","UG-CM-01","Underground Mining Equipment","Good","Cutting head pick set","UG-PCK-030","0.3","Routine issue","false"
"2026-06-09","UG-CM-01","Underground Mining Equipment","Good","Cutting head pick set","UG-PCK-030","0.3","Routine issue","false"
"2026-06-10","UG-CM-01","Underground Mining Equipment","Good","Cutting head pick set","UG-PCK-030","0.3","Routine issue","false"
"2026-06-11","UG-CM-01","Underground Mining Equipment","Good","Cutting head pick set","UG-PCK-030","0.3","Routine issue","false"
"2026-06-12","UG-CM-01","Underground Mining Equipment","Good","Cutting head pick set","UG-PCK-030","0.3","Routine issue","false"
"2026-06-13","UG-CM-01","Underground Mining Equipment","Good","Cutting head pick set","UG-PCK-030","0.3","Routine issue","false"
"2026-06-14","UG-CM-01","Underground Mining Equipment","Good","Cutting head pick set","UG-PCK-030","1","Anomaly","true"
"2026-06-15","UG-CM-01","Underground Mining Equipment","Good","Cutting head pick set","UG-PCK-030","0.3","Routine issue","false"
"2026-06-16","UG-CM-01","Underground Mining Equipment","Good","Cutting head pick set","UG-PCK-030","0.3","Routine issue","false"
"2026-06-17","UG-CM-01","Underground Mining Equipment","Good","Cutting head pick set","UG-PCK-030","0.3","Routine issue","false"
"2026-06-18","UG-CM-01","Underground Mining Equipment","Good","Cutting head pick set","UG-PCK-030","0.3","Routine issue","false"
"2026-06-19","UG-CM-01","Underground Mining Equipment","Good","Cutting head pick set","UG-PCK-030","0.3","Routine issue","false"
"2026-06-20","UG-CM-01","Underground Mining Equipment","Good","Cutting head pick set","UG-PCK-030","0.3","Routine issue","false"
"2026-06-21","UG-CM-01","Underground Mining Equipment","Good","Cutting head pick set","UG-PCK-030","0.3","Routine issue","false"
"2026-06-22","UG-CM-01","Underground Mining Equipment","Good","Cutting head pick set","UG-PCK-030","0.3","Routine issue","false"
"2026-06-23","UG-CM-01","Underground Mining Equipment","Good","Cutting head pick set","UG-PCK-030","0.3","Routine issue","false"
"2026-06-24","UG-CM-01","Underground Mining Equipment","Good","Cutting head pick set","UG-PCK-030","0.3","Routine issue","false"
"2026-06-25","UG-CM-01","Underground Mining Equipment","Good","Cutting head pick set","UG-PCK-030","0.3","Routine issue","false"
"2026-06-26","UG-CM-01","Underground Mining Equipment","Good","Cutting head pick set","UG-PCK-030","0.3","Routine issue","false"
"2026-06-27","UG-CM-01","Underground Mining Equipment","Good","Cutting head pick set","UG-PCK-030","0.3","Routine issue","false"
"2026-06-28","UG-CM-01","Underground Mining Equipment","Good","Cutting head pick set","UG-PCK-030","0.3","Routine issue","false"
"2026-06-29","UG-CM-01","Underground Mining Equipment","Good","Cutting head pick set","UG-PCK-030","0.3","Routine issue","false"
"2026-06-30","UG-CM-01","Underground Mining Equipment","Good","Cutting head pick set","UG-PCK-030","0.3","Routine issue","false"
"2026-07-01","UG-CM-01","Underground Mining Equipment","Good","Cutting head pick set","UG-PCK-030","0.3","Routine issue","false"
"2026-07-02","UG-CM-01","Underground Mining Equipment","Good","Cutting head pick set","UG-PCK-030","0.3","Routine issue","false"
"2026-07-03","UG-CM-01","Underground Mining Equipment","Good","Cutting head pick set","UG-PCK-030","0.2","Routine issue","false"
"2026-07-04","UG-CM-01","Underground Mining Equipment","Good","Cutting head pick set","UG-PCK-030","0.3","Routine issue","false"
"2026-07-05","UG-CM-01","Underground Mining Equipment","Good","Cutting head pick set","UG-PCK-030","0.3","Routine issue","false"
"2026-07-06","UG-CM-01","Underground Mining Equipment","Good","Cutting head pick set","UG-PCK-030","0.3","Routine issue","false"
"2026-07-07","UG-CM-01","Underground Mining Equipment","Good","Cutting head pick set","UG-PCK-030","0.3","Routine issue","false"
"2026-07-08","UG-CM-01","Underground Mining Equipment","Good","Cutting head pick set","UG-PCK-030","1","Maintenance spike","false"
"2026-07-09","UG-CM-01","Underground Mining Equipment","Good","Cutting head pick set","UG-PCK-030","0.3","Routine issue","false"
"2026-07-10","UG-CM-01","Underground Mining Equipment","Good","Cutting head pick set","UG-PCK-030","0.3","Routine issue","false"
"2026-07-11","UG-CM-01","Underground Mining Equipment","Good","Cutting head pick set","UG-PCK-030","0.3","Routine issue","false"
"2026-07-12","UG-CM-01","Underground Mining Equipment","Good","Cutting head pick set","UG-PCK-030","0.3","Routine issue","false"
"2026-07-13","UG-CM-01","Underground Mining Equipment","Good","Cutting head pick set","UG-PCK-030","0.2","Routine issue","false"
"2026-07-14","UG-CM-01","Underground Mining Equipment","Good","Cutting head pick set","UG-PCK-030","0.3","Routine issue","false"
"2026-07-15","UG-CM-01","Underground Mining Equipment","Good","Cutting head pick set","UG-PCK-030","0.3","Routine issue","false"
"2026-07-16","UG-CM-01","Underground Mining Equipment","Good","Cutting head pick set","UG-PCK-030","0.3","Routine issue","false"
"2026-07-17","UG-CM-01","Underground Mining Equipment","Good","Cutting head pick set","UG-PCK-030","0.3","Routine issue","false"
"2026-07-18","UG-CM-01","Underground Mining Equipment","Good","Cutting head pick set","UG-PCK-030","0.2","Routine issue","false"
"2026-07-19","UG-CM-01","Underground Mining Equipment","Good","Cutting head pick set","UG-PCK-030","0.3","Routine issue","false"
"2026-07-20","UG-CM-01","Underground Mining Equipment","Good","Cutting head pick set","UG-PCK-030","0.3","Routine issue","false"
"2026-07-21","UG-CM-01","Underground Mining Equipment","Good","Cutting head pick set","UG-PCK-030","0.2","Routine issue","false"
"2026-07-22","UG-CM-01","Underground Mining Equipment","Good","Cutting head pick set","UG-PCK-030","0.3","Routine issue","false"
"2026-07-23","UG-CM-01","Underground Mining Equipment","Good","Cutting head pick set","UG-PCK-030","0.3","Routine issue","false"
"2026-07-24","UG-CM-01","Underground Mining Equipment","Good","Cutting head pick set","UG-PCK-030","0.3","Routine issue","false"
"2026-07-25","UG-CM-01","Underground Mining Equipment","Good","Cutting head pick set","UG-PCK-030","0.3","Routine issue","false"
"2026-07-26","UG-CM-01","Underground Mining Equipment","Good","Cutting head pick set","UG-PCK-030","0.2","Routine issue","false"
"2026-07-27","UG-CM-01","Underground Mining Equipment","Good","Cutting head pick set","UG-PCK-030","0.3","Routine issue","false"
"2026-07-28","UG-CM-01","Underground Mining Equipment","Good","Cutting head pick set","UG-PCK-030","0.3","Routine issue","false"
"2026-07-29","UG-CM-01","Underground Mining Equipment","Good","Cutting head pick set","UG-PCK-030","0.3","Routine issue","false"
"2026-07-30","UG-CM-01","Underground Mining Equipment","Good","Cutting head pick set","UG-PCK-030","0.3","Routine issue","false"
"2026-07-31","UG-CM-01","Underground Mining Equipment","Good","Cutting head pick set","UG-PCK-030","0.3","Routine issue","false"
"2026-08-01","UG-CM-01","Underground Mining Equipment","Good","Cutting head pick set","UG-PCK-030","0.3","Routine issue","false"
"2026-08-02","UG-CM-01","Underground Mining Equipment","Good","Cutting head pick set","UG-PCK-030","0.3","Routine issue","false"
"2026-08-03","UG-CM-01","Underground Mining Equipment","Good","Cutting head pick set","UG-PCK-030","0.3","Routine issue","false"
"2026-08-04","UG-CM-01","Underground Mining Equipment","Good","Cutting head pick set","UG-PCK-030","0.3","Routine issue","false"
"2026-08-05","UG-CM-01","Underground Mining Equipment","Good","Cutting head pick set","UG-PCK-030","0.3","Routine issue","false"
"2026-08-06","UG-CM-01","Underground Mining Equipment","Good","Cutting head pick set","UG-PCK-030","0.3","Routine issue","false"
"2026-08-07","UG-CM-01","Underground Mining Equipment","Good","Cutting head pick set","UG-PCK-030","0.3","Routine issue","false"
"2026-08-08","UG-CM-01","Underground Mining Equipment","Good","Cutting head pick set","UG-PCK-030","0.3","Routine issue","false"
"2026-08-09","UG-CM-01","Underground Mining Equipment","Good","Cutting head pick set","UG-PCK-030","0.3","Routine issue","false"
"2026-08-10","UG-CM-01","Underground Mining Equipment","Good","Cutting head pick set","UG-PCK-030","0.2","Routine issue","false"
"2026-08-11","UG-CM-01","Underground Mining Equipment","Good","Cutting head pick set","UG-PCK-030","0.3","Routine issue","false"
"2026-08-12","UG-CM-01","Underground Mining Equipment","Good","Cutting head pick set","UG-PCK-030","0.3","Routine issue","false"
"2026-08-13","UG-CM-01","Underground Mining Equipment","Good","Cutting head pick set","UG-PCK-030","0.3","Routine issue","false"
"2026-08-14","UG-CM-01","Underground Mining Equipment","Good","Cutting head pick set","UG-PCK-030","1","Maintenance spike","false"
"2026-08-15","UG-CM-01","Underground Mining Equipment","Good","Cutting head pick set","UG-PCK-030","0.3","Routine issue","false"
"2026-08-16","UG-CM-01","Underground Mining Equipment","Good","Cutting head pick set","UG-PCK-030","0.3","Routine issue","false"
"2026-08-17","UG-CM-01","Underground Mining Equipment","Good","Cutting head pick set","UG-PCK-030","0.3","Routine issue","false"
"2026-08-18","UG-CM-01","Underground Mining Equipment","Good","Cutting head pick set","UG-PCK-030","0.3","Routine issue","false"
"2026-08-19","UG-CM-01","Underground Mining Equipment","Good","Cutting head pick set","UG-PCK-030","0.3","Routine issue","false"
"2026-08-20","UG-CM-01","Underground Mining Equipment","Good","Cutting head pick set","UG-PCK-030","0.3","Routine issue","false"
"2026-08-21","UG-CM-01","Underground Mining Equipment","Good","Cutting head pick set","UG-PCK-030","0.3","Routine issue","false"
"2026-08-22","UG-CM-01","Underground Mining Equipment","Good","Cutting head pick set","UG-PCK-030","0.3","Routine issue","false"
"2026-08-23","UG-CM-01","Underground Mining Equipment","Good","Cutting head pick set","UG-PCK-030","0.3","Routine issue","false"
"2026-08-24","UG-CM-01","Underground Mining Equipment","Good","Cutting head pick set","UG-PCK-030","0.3","Routine issue","false"
"2026-08-25","UG-CM-01","Underground Mining Equipment","Good","Cutting head pick set","UG-PCK-030","0.3","Routine issue","false"
"2026-08-26","UG-CM-01","Underground Mining Equipment","Good","Cutting head pick set","UG-PCK-030","0.2","Routine issue","false"
"2026-08-27","UG-CM-01","Underground Mining Equipment","Good","Cutting head pick set","UG-PCK-030","0.3","Routine issue","false"
"2026-08-28","UG-CM-01","Underground Mining Equipment","Good","Cutting head pick set","UG-PCK-030","0.3","Routine issue","false"
"2026-08-29","UG-CM-01","Underground Mining Equipment","Good","Cutting head pick set","UG-PCK-030","0.3","Routine issue","false"
"2026-08-30","UG-CM-01","Underground Mining Equipment","Good","Cutting head pick set","UG-PCK-030","0.3","Routine issue","false"
"2026-08-31","UG-CM-01","Underground Mining Equipment","Good","Cutting head pick set","UG-PCK-030","0.3","Routine issue","false"
"2026-09-01","UG-CM-01","Underground Mining Equipment","Good","Cutting head pick set","UG-PCK-030","0.3","Routine issue","false"
"2026-09-02","UG-CM-01","Underground Mining Equipment","Good","Cutting head pick set","UG-PCK-030","0.3","Routine issue","false"
"2026-09-03","UG-CM-01","Underground Mining Equipment","Good","Cutting head pick set","UG-PCK-030","0.3","Routine issue","false"
"2026-09-04","UG-CM-01","Underground Mining Equipment","Good","Cutting head pick set","UG-PCK-030","0.3","Routine issue","false"
"2026-09-05","UG-CM-01","Underground Mining Equipment","Good","Cutting head pick set","UG-PCK-030","0.3","Routine issue","false"
"2026-09-06","UG-CM-01","Underground Mining Equipment","Good","Cutting head pick set","UG-PCK-030","0.3","Routine issue","false"
"2026-09-07","UG-CM-01","Underground Mining Equipment","Good","Cutting head pick set","UG-PCK-030","0.3","Routine issue","false"
"2026-09-08","UG-CM-01","Underground Mining Equipment","Good","Cutting head pick set","UG-PCK-030","0.3","Routine issue","false"
"2026-09-09","UG-CM-01","Underground Mining Equipment","Good","Cutting head pick set","UG-PCK-030","0.3","Routine issue","false"
"2026-09-10","UG-CM-01","Underground Mining Equipment","Good","Cutting head pick set","UG-PCK-030","0.3","Routine issue","false"
"2026-09-11","UG-CM-01","Underground Mining Equipment","Good","Cutting head pick set","UG-PCK-030","0.3","Routine issue","false"
"2026-09-12","UG-CM-01","Underground Mining Equipment","Good","Cutting head pick set","UG-PCK-030","0.3","Routine issue","false"
"2026-09-13","UG-CM-01","Underground Mining Equipment","Good","Cutting head pick set","UG-PCK-030","0.3","Routine issue","false"
"2026-03-18","UG-LHD-02","Underground Mining Equipment","Fair","Lift-cylinder seal kit","UG-LFT-517","0.2","Routine issue","false"
"2026-03-19","UG-LHD-02","Underground Mining Equipment","Fair","Lift-cylinder seal kit","UG-LFT-517","0.2","Routine issue","false"
"2026-03-20","UG-LHD-02","Underground Mining Equipment","Fair","Lift-cylinder seal kit","UG-LFT-517","0.5","Maintenance spike","false"
"2026-03-21","UG-LHD-02","Underground Mining Equipment","Fair","Lift-cylinder seal kit","UG-LFT-517","0.2","Routine issue","false"
"2026-03-22","UG-LHD-02","Underground Mining Equipment","Fair","Lift-cylinder seal kit","UG-LFT-517","0.2","Routine issue","false"
"2026-03-23","UG-LHD-02","Underground Mining Equipment","Fair","Lift-cylinder seal kit","UG-LFT-517","0.2","Routine issue","false"
"2026-03-24","UG-LHD-02","Underground Mining Equipment","Fair","Lift-cylinder seal kit","UG-LFT-517","0.2","Routine issue","false"
"2026-03-25","UG-LHD-02","Underground Mining Equipment","Fair","Lift-cylinder seal kit","UG-LFT-517","0.2","Routine issue","false"
"2026-03-26","UG-LHD-02","Underground Mining Equipment","Fair","Lift-cylinder seal kit","UG-LFT-517","0.2","Routine issue","false"
"2026-03-27","UG-LHD-02","Underground Mining Equipment","Fair","Lift-cylinder seal kit","UG-LFT-517","0.2","Routine issue","false"
"2026-03-28","UG-LHD-02","Underground Mining Equipment","Fair","Lift-cylinder seal kit","UG-LFT-517","0.2","Routine issue","false"
"2026-03-29","UG-LHD-02","Underground Mining Equipment","Fair","Lift-cylinder seal kit","UG-LFT-517","0.2","Routine issue","false"
"2026-03-30","UG-LHD-02","Underground Mining Equipment","Fair","Lift-cylinder seal kit","UG-LFT-517","0.2","Routine issue","false"
"2026-03-31","UG-LHD-02","Underground Mining Equipment","Fair","Lift-cylinder seal kit","UG-LFT-517","0.2","Routine issue","false"
"2026-04-01","UG-LHD-02","Underground Mining Equipment","Fair","Lift-cylinder seal kit","UG-LFT-517","0.2","Routine issue","false"
"2026-04-02","UG-LHD-02","Underground Mining Equipment","Fair","Lift-cylinder seal kit","UG-LFT-517","0.2","Routine issue","false"
"2026-04-03","UG-LHD-02","Underground Mining Equipment","Fair","Lift-cylinder seal kit","UG-LFT-517","0.2","Routine issue","false"
"2026-04-04","UG-LHD-02","Underground Mining Equipment","Fair","Lift-cylinder seal kit","UG-LFT-517","0.2","Routine issue","false"
"2026-04-05","UG-LHD-02","Underground Mining Equipment","Fair","Lift-cylinder seal kit","UG-LFT-517","0.2","Routine issue","false"
"2026-04-06","UG-LHD-02","Underground Mining Equipment","Fair","Lift-cylinder seal kit","UG-LFT-517","0.2","Routine issue","false"
"2026-04-07","UG-LHD-02","Underground Mining Equipment","Fair","Lift-cylinder seal kit","UG-LFT-517","0.2","Routine issue","false"
"2026-04-08","UG-LHD-02","Underground Mining Equipment","Fair","Lift-cylinder seal kit","UG-LFT-517","0.2","Routine issue","false"
"2026-04-09","UG-LHD-02","Underground Mining Equipment","Fair","Lift-cylinder seal kit","UG-LFT-517","0.2","Routine issue","false"
"2026-04-10","UG-LHD-02","Underground Mining Equipment","Fair","Lift-cylinder seal kit","UG-LFT-517","0.2","Routine issue","false"
"2026-04-11","UG-LHD-02","Underground Mining Equipment","Fair","Lift-cylinder seal kit","UG-LFT-517","0.2","Routine issue","false"
"2026-04-12","UG-LHD-02","Underground Mining Equipment","Fair","Lift-cylinder seal kit","UG-LFT-517","0.2","Routine issue","false"
"2026-04-13","UG-LHD-02","Underground Mining Equipment","Fair","Lift-cylinder seal kit","UG-LFT-517","0.2","Routine issue","false"
"2026-04-14","UG-LHD-02","Underground Mining Equipment","Fair","Lift-cylinder seal kit","UG-LFT-517","0.2","Routine issue","false"
"2026-04-15","UG-LHD-02","Underground Mining Equipment","Fair","Lift-cylinder seal kit","UG-LFT-517","0.2","Routine issue","false"
"2026-04-16","UG-LHD-02","Underground Mining Equipment","Fair","Lift-cylinder seal kit","UG-LFT-517","0.2","Routine issue","false"
"2026-04-17","UG-LHD-02","Underground Mining Equipment","Fair","Lift-cylinder seal kit","UG-LFT-517","0.2","Routine issue","false"
"2026-04-18","UG-LHD-02","Underground Mining Equipment","Fair","Lift-cylinder seal kit","UG-LFT-517","0.2","Routine issue","false"
"2026-04-19","UG-LHD-02","Underground Mining Equipment","Fair","Lift-cylinder seal kit","UG-LFT-517","0.2","Routine issue","false"
"2026-04-20","UG-LHD-02","Underground Mining Equipment","Fair","Lift-cylinder seal kit","UG-LFT-517","0.2","Routine issue","false"
"2026-04-21","UG-LHD-02","Underground Mining Equipment","Fair","Lift-cylinder seal kit","UG-LFT-517","0.2","Routine issue","false"
"2026-04-22","UG-LHD-02","Underground Mining Equipment","Fair","Lift-cylinder seal kit","UG-LFT-517","0.2","Routine issue","false"
"2026-04-23","UG-LHD-02","Underground Mining Equipment","Fair","Lift-cylinder seal kit","UG-LFT-517","0.2","Routine issue","false"
"2026-04-24","UG-LHD-02","Underground Mining Equipment","Fair","Lift-cylinder seal kit","UG-LFT-517","0.2","Routine issue","false"
"2026-04-25","UG-LHD-02","Underground Mining Equipment","Fair","Lift-cylinder seal kit","UG-LFT-517","0.2","Routine issue","false"
"2026-04-26","UG-LHD-02","Underground Mining Equipment","Fair","Lift-cylinder seal kit","UG-LFT-517","0.5","Maintenance spike","false"
"2026-04-27","UG-LHD-02","Underground Mining Equipment","Fair","Lift-cylinder seal kit","UG-LFT-517","0.2","Routine issue","false"
"2026-04-28","UG-LHD-02","Underground Mining Equipment","Fair","Lift-cylinder seal kit","UG-LFT-517","0.2","Routine issue","false"
"2026-04-29","UG-LHD-02","Underground Mining Equipment","Fair","Lift-cylinder seal kit","UG-LFT-517","0.2","Routine issue","false"
"2026-04-30","UG-LHD-02","Underground Mining Equipment","Fair","Lift-cylinder seal kit","UG-LFT-517","0.2","Routine issue","false"
"2026-05-01","UG-LHD-02","Underground Mining Equipment","Fair","Lift-cylinder seal kit","UG-LFT-517","0.2","Routine issue","false"
"2026-05-02","UG-LHD-02","Underground Mining Equipment","Fair","Lift-cylinder seal kit","UG-LFT-517","0.2","Routine issue","false"
"2026-05-03","UG-LHD-02","Underground Mining Equipment","Fair","Lift-cylinder seal kit","UG-LFT-517","0.2","Routine issue","false"
"2026-05-04","UG-LHD-02","Underground Mining Equipment","Fair","Lift-cylinder seal kit","UG-LFT-517","0.2","Routine issue","false"
"2026-05-05","UG-LHD-02","Underground Mining Equipment","Fair","Lift-cylinder seal kit","UG-LFT-517","0.2","Routine issue","false"
"2026-05-06","UG-LHD-02","Underground Mining Equipment","Fair","Lift-cylinder seal kit","UG-LFT-517","0.2","Routine issue","false"
"2026-05-07","UG-LHD-02","Underground Mining Equipment","Fair","Lift-cylinder seal kit","UG-LFT-517","0.2","Routine issue","false"
"2026-05-08","UG-LHD-02","Underground Mining Equipment","Fair","Lift-cylinder seal kit","UG-LFT-517","0.2","Routine issue","false"
"2026-05-09","UG-LHD-02","Underground Mining Equipment","Fair","Lift-cylinder seal kit","UG-LFT-517","0.2","Routine issue","false"
"2026-05-10","UG-LHD-02","Underground Mining Equipment","Fair","Lift-cylinder seal kit","UG-LFT-517","0.2","Routine issue","false"
"2026-05-11","UG-LHD-02","Underground Mining Equipment","Fair","Lift-cylinder seal kit","UG-LFT-517","0.2","Routine issue","false"
"2026-05-12","UG-LHD-02","Underground Mining Equipment","Fair","Lift-cylinder seal kit","UG-LFT-517","0.2","Routine issue","false"
"2026-05-13","UG-LHD-02","Underground Mining Equipment","Fair","Lift-cylinder seal kit","UG-LFT-517","0.2","Routine issue","false"
"2026-05-14","UG-LHD-02","Underground Mining Equipment","Fair","Lift-cylinder seal kit","UG-LFT-517","0.2","Routine issue","false"
"2026-05-15","UG-LHD-02","Underground Mining Equipment","Fair","Lift-cylinder seal kit","UG-LFT-517","0.2","Routine issue","false"
"2026-05-16","UG-LHD-02","Underground Mining Equipment","Fair","Lift-cylinder seal kit","UG-LFT-517","0.2","Routine issue","false"
"2026-05-17","UG-LHD-02","Underground Mining Equipment","Fair","Lift-cylinder seal kit","UG-LFT-517","0.2","Routine issue","false"
"2026-05-18","UG-LHD-02","Underground Mining Equipment","Fair","Lift-cylinder seal kit","UG-LFT-517","0.2","Routine issue","false"
"2026-05-19","UG-LHD-02","Underground Mining Equipment","Fair","Lift-cylinder seal kit","UG-LFT-517","0.2","Routine issue","false"
"2026-05-20","UG-LHD-02","Underground Mining Equipment","Fair","Lift-cylinder seal kit","UG-LFT-517","0.2","Routine issue","false"
"2026-05-21","UG-LHD-02","Underground Mining Equipment","Fair","Lift-cylinder seal kit","UG-LFT-517","0.2","Routine issue","false"
"2026-05-22","UG-LHD-02","Underground Mining Equipment","Fair","Lift-cylinder seal kit","UG-LFT-517","0.2","Routine issue","false"
"2026-05-23","UG-LHD-02","Underground Mining Equipment","Fair","Lift-cylinder seal kit","UG-LFT-517","0.2","Routine issue","false"
"2026-05-24","UG-LHD-02","Underground Mining Equipment","Fair","Lift-cylinder seal kit","UG-LFT-517","0.2","Routine issue","false"
"2026-05-25","UG-LHD-02","Underground Mining Equipment","Fair","Lift-cylinder seal kit","UG-LFT-517","0.2","Routine issue","false"
"2026-05-26","UG-LHD-02","Underground Mining Equipment","Fair","Lift-cylinder seal kit","UG-LFT-517","0.2","Routine issue","false"
"2026-05-27","UG-LHD-02","Underground Mining Equipment","Fair","Lift-cylinder seal kit","UG-LFT-517","0.2","Routine issue","false"
"2026-05-28","UG-LHD-02","Underground Mining Equipment","Fair","Lift-cylinder seal kit","UG-LFT-517","0.2","Routine issue","false"
"2026-05-29","UG-LHD-02","Underground Mining Equipment","Fair","Lift-cylinder seal kit","UG-LFT-517","0.2","Routine issue","false"
"2026-05-30","UG-LHD-02","Underground Mining Equipment","Fair","Lift-cylinder seal kit","UG-LFT-517","0.2","Routine issue","false"
"2026-05-31","UG-LHD-02","Underground Mining Equipment","Fair","Lift-cylinder seal kit","UG-LFT-517","0.2","Routine issue","false"
"2026-06-01","UG-LHD-02","Underground Mining Equipment","Fair","Lift-cylinder seal kit","UG-LFT-517","0.2","Routine issue","false"
"2026-06-02","UG-LHD-02","Underground Mining Equipment","Fair","Lift-cylinder seal kit","UG-LFT-517","0.5","Maintenance spike","false"
"2026-06-03","UG-LHD-02","Underground Mining Equipment","Fair","Lift-cylinder seal kit","UG-LFT-517","0.2","Routine issue","false"
"2026-06-04","UG-LHD-02","Underground Mining Equipment","Fair","Lift-cylinder seal kit","UG-LFT-517","0.2","Routine issue","false"
"2026-06-05","UG-LHD-02","Underground Mining Equipment","Fair","Lift-cylinder seal kit","UG-LFT-517","0.2","Routine issue","false"
"2026-06-06","UG-LHD-02","Underground Mining Equipment","Fair","Lift-cylinder seal kit","UG-LFT-517","0.2","Routine issue","false"
"2026-06-07","UG-LHD-02","Underground Mining Equipment","Fair","Lift-cylinder seal kit","UG-LFT-517","0.2","Routine issue","false"
"2026-06-08","UG-LHD-02","Underground Mining Equipment","Fair","Lift-cylinder seal kit","UG-LFT-517","0.2","Routine issue","false"
"2026-06-09","UG-LHD-02","Underground Mining Equipment","Fair","Lift-cylinder seal kit","UG-LFT-517","0.2","Routine issue","false"
"2026-06-10","UG-LHD-02","Underground Mining Equipment","Fair","Lift-cylinder seal kit","UG-LFT-517","0.2","Routine issue","false"
"2026-06-11","UG-LHD-02","Underground Mining Equipment","Fair","Lift-cylinder seal kit","UG-LFT-517","0.2","Routine issue","false"
"2026-06-12","UG-LHD-02","Underground Mining Equipment","Fair","Lift-cylinder seal kit","UG-LFT-517","0.2","Routine issue","false"
"2026-06-13","UG-LHD-02","Underground Mining Equipment","Fair","Lift-cylinder seal kit","UG-LFT-517","0.5","Anomaly","true"
"2026-06-14","UG-LHD-02","Underground Mining Equipment","Fair","Lift-cylinder seal kit","UG-LFT-517","0.2","Routine issue","false"
"2026-06-15","UG-LHD-02","Underground Mining Equipment","Fair","Lift-cylinder seal kit","UG-LFT-517","0.2","Routine issue","false"
"2026-06-16","UG-LHD-02","Underground Mining Equipment","Fair","Lift-cylinder seal kit","UG-LFT-517","0.5","Anomaly","true"
"2026-06-17","UG-LHD-02","Underground Mining Equipment","Fair","Lift-cylinder seal kit","UG-LFT-517","0.2","Routine issue","false"
"2026-06-18","UG-LHD-02","Underground Mining Equipment","Fair","Lift-cylinder seal kit","UG-LFT-517","0.2","Routine issue","false"
"2026-06-19","UG-LHD-02","Underground Mining Equipment","Fair","Lift-cylinder seal kit","UG-LFT-517","0.2","Routine issue","false"
"2026-06-20","UG-LHD-02","Underground Mining Equipment","Fair","Lift-cylinder seal kit","UG-LFT-517","0.2","Routine issue","false"
"2026-06-21","UG-LHD-02","Underground Mining Equipment","Fair","Lift-cylinder seal kit","UG-LFT-517","0.2","Routine issue","false"
"2026-06-22","UG-LHD-02","Underground Mining Equipment","Fair","Lift-cylinder seal kit","UG-LFT-517","0.2","Routine issue","false"
"2026-06-23","UG-LHD-02","Underground Mining Equipment","Fair","Lift-cylinder seal kit","UG-LFT-517","0.2","Routine issue","false"
"2026-06-24","UG-LHD-02","Underground Mining Equipment","Fair","Lift-cylinder seal kit","UG-LFT-517","0.2","Routine issue","false"
"2026-06-25","UG-LHD-02","Underground Mining Equipment","Fair","Lift-cylinder seal kit","UG-LFT-517","0.2","Routine issue","false"
"2026-06-26","UG-LHD-02","Underground Mining Equipment","Fair","Lift-cylinder seal kit","UG-LFT-517","0.1","Routine issue","false"
"2026-06-27","UG-LHD-02","Underground Mining Equipment","Fair","Lift-cylinder seal kit","UG-LFT-517","0.2","Routine issue","false"
"2026-06-28","UG-LHD-02","Underground Mining Equipment","Fair","Lift-cylinder seal kit","UG-LFT-517","0.2","Routine issue","false"
"2026-06-29","UG-LHD-02","Underground Mining Equipment","Fair","Lift-cylinder seal kit","UG-LFT-517","0.2","Routine issue","false"
"2026-06-30","UG-LHD-02","Underground Mining Equipment","Fair","Lift-cylinder seal kit","UG-LFT-517","0.2","Routine issue","false"
"2026-07-01","UG-LHD-02","Underground Mining Equipment","Fair","Lift-cylinder seal kit","UG-LFT-517","0.5","Anomaly","true"
"2026-07-02","UG-LHD-02","Underground Mining Equipment","Fair","Lift-cylinder seal kit","UG-LFT-517","0.2","Routine issue","false"
"2026-07-03","UG-LHD-02","Underground Mining Equipment","Fair","Lift-cylinder seal kit","UG-LFT-517","0.2","Routine issue","false"
"2026-07-04","UG-LHD-02","Underground Mining Equipment","Fair","Lift-cylinder seal kit","UG-LFT-517","0.1","Routine issue","false"
"2026-07-05","UG-LHD-02","Underground Mining Equipment","Fair","Lift-cylinder seal kit","UG-LFT-517","0.2","Routine issue","false"
"2026-07-06","UG-LHD-02","Underground Mining Equipment","Fair","Lift-cylinder seal kit","UG-LFT-517","0.2","Routine issue","false"
"2026-07-07","UG-LHD-02","Underground Mining Equipment","Fair","Lift-cylinder seal kit","UG-LFT-517","0.2","Routine issue","false"
"2026-07-08","UG-LHD-02","Underground Mining Equipment","Fair","Lift-cylinder seal kit","UG-LFT-517","0.2","Routine issue","false"
"2026-07-09","UG-LHD-02","Underground Mining Equipment","Fair","Lift-cylinder seal kit","UG-LFT-517","0.5","Maintenance spike","false"
"2026-07-10","UG-LHD-02","Underground Mining Equipment","Fair","Lift-cylinder seal kit","UG-LFT-517","0.1","Routine issue","false"
"2026-07-11","UG-LHD-02","Underground Mining Equipment","Fair","Lift-cylinder seal kit","UG-LFT-517","0.2","Routine issue","false"
"2026-07-12","UG-LHD-02","Underground Mining Equipment","Fair","Lift-cylinder seal kit","UG-LFT-517","0.2","Routine issue","false"
"2026-07-13","UG-LHD-02","Underground Mining Equipment","Fair","Lift-cylinder seal kit","UG-LFT-517","0.2","Routine issue","false"
"2026-07-14","UG-LHD-02","Underground Mining Equipment","Fair","Lift-cylinder seal kit","UG-LFT-517","0.1","Routine issue","false"
"2026-07-15","UG-LHD-02","Underground Mining Equipment","Fair","Lift-cylinder seal kit","UG-LFT-517","0.2","Routine issue","false"
"2026-07-16","UG-LHD-02","Underground Mining Equipment","Fair","Lift-cylinder seal kit","UG-LFT-517","0.1","Routine issue","false"
"2026-07-17","UG-LHD-02","Underground Mining Equipment","Fair","Lift-cylinder seal kit","UG-LFT-517","0.2","Routine issue","false"
"2026-07-18","UG-LHD-02","Underground Mining Equipment","Fair","Lift-cylinder seal kit","UG-LFT-517","0.2","Routine issue","false"
"2026-07-19","UG-LHD-02","Underground Mining Equipment","Fair","Lift-cylinder seal kit","UG-LFT-517","0.2","Routine issue","false"
"2026-07-20","UG-LHD-02","Underground Mining Equipment","Fair","Lift-cylinder seal kit","UG-LFT-517","0.2","Routine issue","false"
"2026-07-21","UG-LHD-02","Underground Mining Equipment","Fair","Lift-cylinder seal kit","UG-LFT-517","0.2","Routine issue","false"
"2026-07-22","UG-LHD-02","Underground Mining Equipment","Fair","Lift-cylinder seal kit","UG-LFT-517","0.1","Routine issue","false"
"2026-07-23","UG-LHD-02","Underground Mining Equipment","Fair","Lift-cylinder seal kit","UG-LFT-517","0.1","Routine issue","false"
"2026-07-24","UG-LHD-02","Underground Mining Equipment","Fair","Lift-cylinder seal kit","UG-LFT-517","0.1","Routine issue","false"
"2026-07-25","UG-LHD-02","Underground Mining Equipment","Fair","Lift-cylinder seal kit","UG-LFT-517","0.1","Routine issue","false"
"2026-07-26","UG-LHD-02","Underground Mining Equipment","Fair","Lift-cylinder seal kit","UG-LFT-517","0.1","Routine issue","false"
"2026-07-27","UG-LHD-02","Underground Mining Equipment","Fair","Lift-cylinder seal kit","UG-LFT-517","0.1","Routine issue","false"
"2026-07-28","UG-LHD-02","Underground Mining Equipment","Fair","Lift-cylinder seal kit","UG-LFT-517","0.2","Routine issue","false"
"2026-07-29","UG-LHD-02","Underground Mining Equipment","Fair","Lift-cylinder seal kit","UG-LFT-517","0.2","Routine issue","false"
"2026-07-30","UG-LHD-02","Underground Mining Equipment","Fair","Lift-cylinder seal kit","UG-LFT-517","0.1","Routine issue","false"
"2026-07-31","UG-LHD-02","Underground Mining Equipment","Fair","Lift-cylinder seal kit","UG-LFT-517","0.1","Routine issue","false"
"2026-08-01","UG-LHD-02","Underground Mining Equipment","Fair","Lift-cylinder seal kit","UG-LFT-517","0.1","Routine issue","false"
"2026-08-02","UG-LHD-02","Underground Mining Equipment","Fair","Lift-cylinder seal kit","UG-LFT-517","0.2","Routine issue","false"
"2026-08-03","UG-LHD-02","Underground Mining Equipment","Fair","Lift-cylinder seal kit","UG-LFT-517","0.2","Routine issue","false"
"2026-08-04","UG-LHD-02","Underground Mining Equipment","Fair","Lift-cylinder seal kit","UG-LFT-517","0.2","Routine issue","false"
"2026-08-05","UG-LHD-02","Underground Mining Equipment","Fair","Lift-cylinder seal kit","UG-LFT-517","0.2","Routine issue","false"
"2026-08-06","UG-LHD-02","Underground Mining Equipment","Fair","Lift-cylinder seal kit","UG-LFT-517","0.2","Routine issue","false"
"2026-08-07","UG-LHD-02","Underground Mining Equipment","Fair","Lift-cylinder seal kit","UG-LFT-517","0.1","Routine issue","false"
"2026-08-08","UG-LHD-02","Underground Mining Equipment","Fair","Lift-cylinder seal kit","UG-LFT-517","0.2","Routine issue","false"
"2026-08-09","UG-LHD-02","Underground Mining Equipment","Fair","Lift-cylinder seal kit","UG-LFT-517","0.1","Routine issue","false"
"2026-08-10","UG-LHD-02","Underground Mining Equipment","Fair","Lift-cylinder seal kit","UG-LFT-517","0.1","Routine issue","false"
"2026-08-11","UG-LHD-02","Underground Mining Equipment","Fair","Lift-cylinder seal kit","UG-LFT-517","0.2","Routine issue","false"
"2026-08-12","UG-LHD-02","Underground Mining Equipment","Fair","Lift-cylinder seal kit","UG-LFT-517","0.1","Routine issue","false"
"2026-08-13","UG-LHD-02","Underground Mining Equipment","Fair","Lift-cylinder seal kit","UG-LFT-517","0.1","Routine issue","false"
"2026-08-14","UG-LHD-02","Underground Mining Equipment","Fair","Lift-cylinder seal kit","UG-LFT-517","0.2","Routine issue","false"
"2026-08-15","UG-LHD-02","Underground Mining Equipment","Fair","Lift-cylinder seal kit","UG-LFT-517","0.5","Maintenance spike","false"
"2026-08-16","UG-LHD-02","Underground Mining Equipment","Fair","Lift-cylinder seal kit","UG-LFT-517","0.2","Routine issue","false"
"2026-08-17","UG-LHD-02","Underground Mining Equipment","Fair","Lift-cylinder seal kit","UG-LFT-517","0.2","Routine issue","false"
"2026-08-18","UG-LHD-02","Underground Mining Equipment","Fair","Lift-cylinder seal kit","UG-LFT-517","0.1","Routine issue","false"
"2026-08-19","UG-LHD-02","Underground Mining Equipment","Fair","Lift-cylinder seal kit","UG-LFT-517","0.1","Routine issue","false"
"2026-08-20","UG-LHD-02","Underground Mining Equipment","Fair","Lift-cylinder seal kit","UG-LFT-517","0.2","Routine issue","false"
"2026-08-21","UG-LHD-02","Underground Mining Equipment","Fair","Lift-cylinder seal kit","UG-LFT-517","0.2","Routine issue","false"
"2026-08-22","UG-LHD-02","Underground Mining Equipment","Fair","Lift-cylinder seal kit","UG-LFT-517","0.2","Routine issue","false"
"2026-08-23","UG-LHD-02","Underground Mining Equipment","Fair","Lift-cylinder seal kit","UG-LFT-517","0.2","Routine issue","false"
"2026-08-24","UG-LHD-02","Underground Mining Equipment","Fair","Lift-cylinder seal kit","UG-LFT-517","0.2","Routine issue","false"
"2026-08-25","UG-LHD-02","Underground Mining Equipment","Fair","Lift-cylinder seal kit","UG-LFT-517","0.2","Routine issue","false"
"2026-08-26","UG-LHD-02","Underground Mining Equipment","Fair","Lift-cylinder seal kit","UG-LFT-517","0.2","Routine issue","false"
"2026-08-27","UG-LHD-02","Underground Mining Equipment","Fair","Lift-cylinder seal kit","UG-LFT-517","0.2","Routine issue","false"
"2026-08-28","UG-LHD-02","Underground Mining Equipment","Fair","Lift-cylinder seal kit","UG-LFT-517","0.1","Routine issue","false"
"2026-08-29","UG-LHD-02","Underground Mining Equipment","Fair","Lift-cylinder seal kit","UG-LFT-517","0.1","Routine issue","false"
"2026-08-30","UG-LHD-02","Underground Mining Equipment","Fair","Lift-cylinder seal kit","UG-LFT-517","0.2","Routine issue","false"
"2026-08-31","UG-LHD-02","Underground Mining Equipment","Fair","Lift-cylinder seal kit","UG-LFT-517","0.2","Routine issue","false"
"2026-09-01","UG-LHD-02","Underground Mining Equipment","Fair","Lift-cylinder seal kit","UG-LFT-517","0.2","Routine issue","false"
"2026-09-02","UG-LHD-02","Underground Mining Equipment","Fair","Lift-cylinder seal kit","UG-LFT-517","0.2","Routine issue","false"
"2026-09-03","UG-LHD-02","Underground Mining Equipment","Fair","Lift-cylinder seal kit","UG-LFT-517","0.2","Routine issue","false"
"2026-09-04","UG-LHD-02","Underground Mining Equipment","Fair","Lift-cylinder seal kit","UG-LFT-517","0.2","Routine issue","false"
"2026-09-05","UG-LHD-02","Underground Mining Equipment","Fair","Lift-cylinder seal kit","UG-LFT-517","0.2","Routine issue","false"
"2026-09-06","UG-LHD-02","Underground Mining Equipment","Fair","Lift-cylinder seal kit","UG-LFT-517","0.2","Routine issue","false"
"2026-09-07","UG-LHD-02","Underground Mining Equipment","Fair","Lift-cylinder seal kit","UG-LFT-517","0.2","Routine issue","false"
"2026-09-08","UG-LHD-02","Underground Mining Equipment","Fair","Lift-cylinder seal kit","UG-LFT-517","0.2","Routine issue","false"
"2026-09-09","UG-LHD-02","Underground Mining Equipment","Fair","Lift-cylinder seal kit","UG-LFT-517","0.2","Routine issue","false"
"2026-09-10","UG-LHD-02","Underground Mining Equipment","Fair","Lift-cylinder seal kit","UG-LFT-517","0.2","Routine issue","false"
"2026-09-11","UG-LHD-02","Underground Mining Equipment","Fair","Lift-cylinder seal kit","UG-LFT-517","0.2","Routine issue","false"
"2026-09-12","UG-LHD-02","Underground Mining Equipment","Fair","Lift-cylinder seal kit","UG-LFT-517","0.2","Routine issue","false"
"2026-09-13","UG-LHD-02","Underground Mining Equipment","Fair","Lift-cylinder seal kit","UG-LFT-517","0.2","Routine issue","false"
"2026-03-18","UG-JD-01","Underground Mining Equipment","Good","Boom hose kit","UG-HOS-422","0.1","Routine issue","false"
"2026-03-19","UG-JD-01","Underground Mining Equipment","Good","Boom hose kit","UG-HOS-422","0.1","Routine issue","false"
"2026-03-20","UG-JD-01","Underground Mining Equipment","Good","Boom hose kit","UG-HOS-422","0.1","Routine issue","false"
"2026-03-21","UG-JD-01","Underground Mining Equipment","Good","Boom hose kit","UG-HOS-422","0.4","Maintenance spike","false"
"2026-03-22","UG-JD-01","Underground Mining Equipment","Good","Boom hose kit","UG-HOS-422","0.1","Routine issue","false"
"2026-03-23","UG-JD-01","Underground Mining Equipment","Good","Boom hose kit","UG-HOS-422","0.1","Routine issue","false"
"2026-03-24","UG-JD-01","Underground Mining Equipment","Good","Boom hose kit","UG-HOS-422","0.1","Routine issue","false"
"2026-03-25","UG-JD-01","Underground Mining Equipment","Good","Boom hose kit","UG-HOS-422","0.1","Routine issue","false"
"2026-03-26","UG-JD-01","Underground Mining Equipment","Good","Boom hose kit","UG-HOS-422","0.1","Routine issue","false"
"2026-03-27","UG-JD-01","Underground Mining Equipment","Good","Boom hose kit","UG-HOS-422","0.1","Routine issue","false"
"2026-03-28","UG-JD-01","Underground Mining Equipment","Good","Boom hose kit","UG-HOS-422","0.1","Routine issue","false"
"2026-03-29","UG-JD-01","Underground Mining Equipment","Good","Boom hose kit","UG-HOS-422","0.1","Routine issue","false"
"2026-03-30","UG-JD-01","Underground Mining Equipment","Good","Boom hose kit","UG-HOS-422","0.1","Routine issue","false"
"2026-03-31","UG-JD-01","Underground Mining Equipment","Good","Boom hose kit","UG-HOS-422","0.1","Routine issue","false"
"2026-04-01","UG-JD-01","Underground Mining Equipment","Good","Boom hose kit","UG-HOS-422","0.1","Routine issue","false"
"2026-04-02","UG-JD-01","Underground Mining Equipment","Good","Boom hose kit","UG-HOS-422","0.1","Routine issue","false"
"2026-04-03","UG-JD-01","Underground Mining Equipment","Good","Boom hose kit","UG-HOS-422","0.1","Routine issue","false"
"2026-04-04","UG-JD-01","Underground Mining Equipment","Good","Boom hose kit","UG-HOS-422","0.1","Routine issue","false"
"2026-04-05","UG-JD-01","Underground Mining Equipment","Good","Boom hose kit","UG-HOS-422","0.1","Routine issue","false"
"2026-04-06","UG-JD-01","Underground Mining Equipment","Good","Boom hose kit","UG-HOS-422","0.1","Routine issue","false"
"2026-04-07","UG-JD-01","Underground Mining Equipment","Good","Boom hose kit","UG-HOS-422","0.1","Routine issue","false"
"2026-04-08","UG-JD-01","Underground Mining Equipment","Good","Boom hose kit","UG-HOS-422","0.1","Routine issue","false"
"2026-04-09","UG-JD-01","Underground Mining Equipment","Good","Boom hose kit","UG-HOS-422","0.1","Routine issue","false"
"2026-04-10","UG-JD-01","Underground Mining Equipment","Good","Boom hose kit","UG-HOS-422","0.1","Routine issue","false"
"2026-04-11","UG-JD-01","Underground Mining Equipment","Good","Boom hose kit","UG-HOS-422","0.1","Routine issue","false"
"2026-04-12","UG-JD-01","Underground Mining Equipment","Good","Boom hose kit","UG-HOS-422","0.1","Routine issue","false"
"2026-04-13","UG-JD-01","Underground Mining Equipment","Good","Boom hose kit","UG-HOS-422","0.1","Routine issue","false"
"2026-04-14","UG-JD-01","Underground Mining Equipment","Good","Boom hose kit","UG-HOS-422","0.1","Routine issue","false"
"2026-04-15","UG-JD-01","Underground Mining Equipment","Good","Boom hose kit","UG-HOS-422","0.1","Routine issue","false"
"2026-04-16","UG-JD-01","Underground Mining Equipment","Good","Boom hose kit","UG-HOS-422","0.1","Routine issue","false"
"2026-04-17","UG-JD-01","Underground Mining Equipment","Good","Boom hose kit","UG-HOS-422","0.1","Routine issue","false"
"2026-04-18","UG-JD-01","Underground Mining Equipment","Good","Boom hose kit","UG-HOS-422","0.1","Routine issue","false"
"2026-04-19","UG-JD-01","Underground Mining Equipment","Good","Boom hose kit","UG-HOS-422","0.1","Routine issue","false"
"2026-04-20","UG-JD-01","Underground Mining Equipment","Good","Boom hose kit","UG-HOS-422","0.1","Routine issue","false"
"2026-04-21","UG-JD-01","Underground Mining Equipment","Good","Boom hose kit","UG-HOS-422","0.1","Routine issue","false"
"2026-04-22","UG-JD-01","Underground Mining Equipment","Good","Boom hose kit","UG-HOS-422","0.1","Routine issue","false"
"2026-04-23","UG-JD-01","Underground Mining Equipment","Good","Boom hose kit","UG-HOS-422","0.1","Routine issue","false"
"2026-04-24","UG-JD-01","Underground Mining Equipment","Good","Boom hose kit","UG-HOS-422","0.1","Routine issue","false"
"2026-04-25","UG-JD-01","Underground Mining Equipment","Good","Boom hose kit","UG-HOS-422","0.1","Routine issue","false"
"2026-04-26","UG-JD-01","Underground Mining Equipment","Good","Boom hose kit","UG-HOS-422","0.1","Routine issue","false"
"2026-04-27","UG-JD-01","Underground Mining Equipment","Good","Boom hose kit","UG-HOS-422","0.4","Maintenance spike","false"
"2026-04-28","UG-JD-01","Underground Mining Equipment","Good","Boom hose kit","UG-HOS-422","0.1","Routine issue","false"
"2026-04-29","UG-JD-01","Underground Mining Equipment","Good","Boom hose kit","UG-HOS-422","0.1","Routine issue","false"
"2026-04-30","UG-JD-01","Underground Mining Equipment","Good","Boom hose kit","UG-HOS-422","0.1","Routine issue","false"
"2026-05-01","UG-JD-01","Underground Mining Equipment","Good","Boom hose kit","UG-HOS-422","0.1","Routine issue","false"
"2026-05-02","UG-JD-01","Underground Mining Equipment","Good","Boom hose kit","UG-HOS-422","0.1","Routine issue","false"
"2026-05-03","UG-JD-01","Underground Mining Equipment","Good","Boom hose kit","UG-HOS-422","0.1","Routine issue","false"
"2026-05-04","UG-JD-01","Underground Mining Equipment","Good","Boom hose kit","UG-HOS-422","0.1","Routine issue","false"
"2026-05-05","UG-JD-01","Underground Mining Equipment","Good","Boom hose kit","UG-HOS-422","0.1","Routine issue","false"
"2026-05-06","UG-JD-01","Underground Mining Equipment","Good","Boom hose kit","UG-HOS-422","0.1","Routine issue","false"
"2026-05-07","UG-JD-01","Underground Mining Equipment","Good","Boom hose kit","UG-HOS-422","0.1","Routine issue","false"
"2026-05-08","UG-JD-01","Underground Mining Equipment","Good","Boom hose kit","UG-HOS-422","0.1","Routine issue","false"
"2026-05-09","UG-JD-01","Underground Mining Equipment","Good","Boom hose kit","UG-HOS-422","0.1","Routine issue","false"
"2026-05-10","UG-JD-01","Underground Mining Equipment","Good","Boom hose kit","UG-HOS-422","0.1","Routine issue","false"
"2026-05-11","UG-JD-01","Underground Mining Equipment","Good","Boom hose kit","UG-HOS-422","0.1","Routine issue","false"
"2026-05-12","UG-JD-01","Underground Mining Equipment","Good","Boom hose kit","UG-HOS-422","0.1","Routine issue","false"
"2026-05-13","UG-JD-01","Underground Mining Equipment","Good","Boom hose kit","UG-HOS-422","0.1","Routine issue","false"
"2026-05-14","UG-JD-01","Underground Mining Equipment","Good","Boom hose kit","UG-HOS-422","0.1","Routine issue","false"
"2026-05-15","UG-JD-01","Underground Mining Equipment","Good","Boom hose kit","UG-HOS-422","0.1","Routine issue","false"
"2026-05-16","UG-JD-01","Underground Mining Equipment","Good","Boom hose kit","UG-HOS-422","0.1","Routine issue","false"
"2026-05-17","UG-JD-01","Underground Mining Equipment","Good","Boom hose kit","UG-HOS-422","0.1","Routine issue","false"
"2026-05-18","UG-JD-01","Underground Mining Equipment","Good","Boom hose kit","UG-HOS-422","0.1","Routine issue","false"
"2026-05-19","UG-JD-01","Underground Mining Equipment","Good","Boom hose kit","UG-HOS-422","0.1","Routine issue","false"
"2026-05-20","UG-JD-01","Underground Mining Equipment","Good","Boom hose kit","UG-HOS-422","0.1","Routine issue","false"
"2026-05-21","UG-JD-01","Underground Mining Equipment","Good","Boom hose kit","UG-HOS-422","0.1","Routine issue","false"
"2026-05-22","UG-JD-01","Underground Mining Equipment","Good","Boom hose kit","UG-HOS-422","0.1","Routine issue","false"
"2026-05-23","UG-JD-01","Underground Mining Equipment","Good","Boom hose kit","UG-HOS-422","0.1","Routine issue","false"
"2026-05-24","UG-JD-01","Underground Mining Equipment","Good","Boom hose kit","UG-HOS-422","0.1","Routine issue","false"
"2026-05-25","UG-JD-01","Underground Mining Equipment","Good","Boom hose kit","UG-HOS-422","0.1","Routine issue","false"
"2026-05-26","UG-JD-01","Underground Mining Equipment","Good","Boom hose kit","UG-HOS-422","0.1","Routine issue","false"
"2026-05-27","UG-JD-01","Underground Mining Equipment","Good","Boom hose kit","UG-HOS-422","0.1","Routine issue","false"
"2026-05-28","UG-JD-01","Underground Mining Equipment","Good","Boom hose kit","UG-HOS-422","0.1","Routine issue","false"
"2026-05-29","UG-JD-01","Underground Mining Equipment","Good","Boom hose kit","UG-HOS-422","0.1","Routine issue","false"
"2026-05-30","UG-JD-01","Underground Mining Equipment","Good","Boom hose kit","UG-HOS-422","0.1","Routine issue","false"
"2026-05-31","UG-JD-01","Underground Mining Equipment","Good","Boom hose kit","UG-HOS-422","0.1","Routine issue","false"
"2026-06-01","UG-JD-01","Underground Mining Equipment","Good","Boom hose kit","UG-HOS-422","0.1","Routine issue","false"
"2026-06-02","UG-JD-01","Underground Mining Equipment","Good","Boom hose kit","UG-HOS-422","0.1","Routine issue","false"
"2026-06-03","UG-JD-01","Underground Mining Equipment","Good","Boom hose kit","UG-HOS-422","0.4","Maintenance spike","false"
"2026-06-04","UG-JD-01","Underground Mining Equipment","Good","Boom hose kit","UG-HOS-422","0.1","Routine issue","false"
"2026-06-05","UG-JD-01","Underground Mining Equipment","Good","Boom hose kit","UG-HOS-422","0.1","Routine issue","false"
"2026-06-06","UG-JD-01","Underground Mining Equipment","Good","Boom hose kit","UG-HOS-422","0.1","Routine issue","false"
"2026-06-07","UG-JD-01","Underground Mining Equipment","Good","Boom hose kit","UG-HOS-422","0.1","Routine issue","false"
"2026-06-08","UG-JD-01","Underground Mining Equipment","Good","Boom hose kit","UG-HOS-422","0.1","Routine issue","false"
"2026-06-09","UG-JD-01","Underground Mining Equipment","Good","Boom hose kit","UG-HOS-422","0.1","Routine issue","false"
"2026-06-10","UG-JD-01","Underground Mining Equipment","Good","Boom hose kit","UG-HOS-422","0.1","Routine issue","false"
"2026-06-11","UG-JD-01","Underground Mining Equipment","Good","Boom hose kit","UG-HOS-422","0.1","Routine issue","false"
"2026-06-12","UG-JD-01","Underground Mining Equipment","Good","Boom hose kit","UG-HOS-422","0.1","Routine issue","false"
"2026-06-13","UG-JD-01","Underground Mining Equipment","Good","Boom hose kit","UG-HOS-422","0.1","Routine issue","false"
"2026-06-14","UG-JD-01","Underground Mining Equipment","Good","Boom hose kit","UG-HOS-422","0.1","Routine issue","false"
"2026-06-15","UG-JD-01","Underground Mining Equipment","Good","Boom hose kit","UG-HOS-422","0.1","Routine issue","false"
"2026-06-16","UG-JD-01","Underground Mining Equipment","Good","Boom hose kit","UG-HOS-422","0.1","Routine issue","false"
"2026-06-17","UG-JD-01","Underground Mining Equipment","Good","Boom hose kit","UG-HOS-422","0.1","Routine issue","false"
"2026-06-18","UG-JD-01","Underground Mining Equipment","Good","Boom hose kit","UG-HOS-422","0.1","Routine issue","false"
"2026-06-19","UG-JD-01","Underground Mining Equipment","Good","Boom hose kit","UG-HOS-422","0.1","Routine issue","false"
"2026-06-20","UG-JD-01","Underground Mining Equipment","Good","Boom hose kit","UG-HOS-422","0.1","Routine issue","false"
"2026-06-21","UG-JD-01","Underground Mining Equipment","Good","Boom hose kit","UG-HOS-422","0.1","Routine issue","false"
"2026-06-22","UG-JD-01","Underground Mining Equipment","Good","Boom hose kit","UG-HOS-422","0.1","Routine issue","false"
"2026-06-23","UG-JD-01","Underground Mining Equipment","Good","Boom hose kit","UG-HOS-422","0.1","Routine issue","false"
"2026-06-24","UG-JD-01","Underground Mining Equipment","Good","Boom hose kit","UG-HOS-422","0.1","Routine issue","false"
"2026-06-25","UG-JD-01","Underground Mining Equipment","Good","Boom hose kit","UG-HOS-422","0.1","Routine issue","false"
"2026-06-26","UG-JD-01","Underground Mining Equipment","Good","Boom hose kit","UG-HOS-422","0.1","Routine issue","false"
"2026-06-27","UG-JD-01","Underground Mining Equipment","Good","Boom hose kit","UG-HOS-422","0.1","Routine issue","false"
"2026-06-28","UG-JD-01","Underground Mining Equipment","Good","Boom hose kit","UG-HOS-422","0.4","Anomaly","true"
"2026-06-29","UG-JD-01","Underground Mining Equipment","Good","Boom hose kit","UG-HOS-422","0.1","Routine issue","false"
"2026-06-30","UG-JD-01","Underground Mining Equipment","Good","Boom hose kit","UG-HOS-422","0.1","Routine issue","false"
"2026-07-01","UG-JD-01","Underground Mining Equipment","Good","Boom hose kit","UG-HOS-422","0.1","Routine issue","false"
"2026-07-02","UG-JD-01","Underground Mining Equipment","Good","Boom hose kit","UG-HOS-422","0.1","Routine issue","false"
"2026-07-03","UG-JD-01","Underground Mining Equipment","Good","Boom hose kit","UG-HOS-422","0.1","Routine issue","false"
"2026-07-04","UG-JD-01","Underground Mining Equipment","Good","Boom hose kit","UG-HOS-422","0.1","Routine issue","false"
"2026-07-05","UG-JD-01","Underground Mining Equipment","Good","Boom hose kit","UG-HOS-422","0.1","Routine issue","false"
"2026-07-06","UG-JD-01","Underground Mining Equipment","Good","Boom hose kit","UG-HOS-422","0.1","Routine issue","false"
"2026-07-07","UG-JD-01","Underground Mining Equipment","Good","Boom hose kit","UG-HOS-422","0.1","Routine issue","false"
"2026-07-08","UG-JD-01","Underground Mining Equipment","Good","Boom hose kit","UG-HOS-422","0.1","Routine issue","false"
"2026-07-09","UG-JD-01","Underground Mining Equipment","Good","Boom hose kit","UG-HOS-422","0.1","Routine issue","false"
"2026-07-10","UG-JD-01","Underground Mining Equipment","Good","Boom hose kit","UG-HOS-422","0.4","Maintenance spike","false"
"2026-07-11","UG-JD-01","Underground Mining Equipment","Good","Boom hose kit","UG-HOS-422","0.1","Routine issue","false"
"2026-07-12","UG-JD-01","Underground Mining Equipment","Good","Boom hose kit","UG-HOS-422","0.1","Routine issue","false"
"2026-07-13","UG-JD-01","Underground Mining Equipment","Good","Boom hose kit","UG-HOS-422","0.1","Routine issue","false"
"2026-07-14","UG-JD-01","Underground Mining Equipment","Good","Boom hose kit","UG-HOS-422","0.1","Routine issue","false"
"2026-07-15","UG-JD-01","Underground Mining Equipment","Good","Boom hose kit","UG-HOS-422","0.1","Routine issue","false"
"2026-07-16","UG-JD-01","Underground Mining Equipment","Good","Boom hose kit","UG-HOS-422","0.1","Routine issue","false"
"2026-07-17","UG-JD-01","Underground Mining Equipment","Good","Boom hose kit","UG-HOS-422","0.1","Routine issue","false"
"2026-07-18","UG-JD-01","Underground Mining Equipment","Good","Boom hose kit","UG-HOS-422","0.1","Routine issue","false"
"2026-07-19","UG-JD-01","Underground Mining Equipment","Good","Boom hose kit","UG-HOS-422","0.1","Routine issue","false"
"2026-07-20","UG-JD-01","Underground Mining Equipment","Good","Boom hose kit","UG-HOS-422","0.1","Routine issue","false"
"2026-07-21","UG-JD-01","Underground Mining Equipment","Good","Boom hose kit","UG-HOS-422","0.1","Routine issue","false"
"2026-07-22","UG-JD-01","Underground Mining Equipment","Good","Boom hose kit","UG-HOS-422","0.1","Routine issue","false"
"2026-07-23","UG-JD-01","Underground Mining Equipment","Good","Boom hose kit","UG-HOS-422","0.1","Routine issue","false"
"2026-07-24","UG-JD-01","Underground Mining Equipment","Good","Boom hose kit","UG-HOS-422","0.1","Routine issue","false"
"2026-07-25","UG-JD-01","Underground Mining Equipment","Good","Boom hose kit","UG-HOS-422","0.1","Routine issue","false"
"2026-07-26","UG-JD-01","Underground Mining Equipment","Good","Boom hose kit","UG-HOS-422","0.1","Routine issue","false"
"2026-07-27","UG-JD-01","Underground Mining Equipment","Good","Boom hose kit","UG-HOS-422","0.1","Routine issue","false"
"2026-07-28","UG-JD-01","Underground Mining Equipment","Good","Boom hose kit","UG-HOS-422","0.1","Routine issue","false"
"2026-07-29","UG-JD-01","Underground Mining Equipment","Good","Boom hose kit","UG-HOS-422","0.1","Routine issue","false"
"2026-07-30","UG-JD-01","Underground Mining Equipment","Good","Boom hose kit","UG-HOS-422","0.1","Routine issue","false"
"2026-07-31","UG-JD-01","Underground Mining Equipment","Good","Boom hose kit","UG-HOS-422","0.1","Routine issue","false"
"2026-08-01","UG-JD-01","Underground Mining Equipment","Good","Boom hose kit","UG-HOS-422","0.1","Routine issue","false"
"2026-08-02","UG-JD-01","Underground Mining Equipment","Good","Boom hose kit","UG-HOS-422","0.1","Routine issue","false"
"2026-08-03","UG-JD-01","Underground Mining Equipment","Good","Boom hose kit","UG-HOS-422","0.1","Routine issue","false"
"2026-08-04","UG-JD-01","Underground Mining Equipment","Good","Boom hose kit","UG-HOS-422","0.1","Routine issue","false"
"2026-08-05","UG-JD-01","Underground Mining Equipment","Good","Boom hose kit","UG-HOS-422","0.1","Routine issue","false"
"2026-08-06","UG-JD-01","Underground Mining Equipment","Good","Boom hose kit","UG-HOS-422","0.1","Routine issue","false"
"2026-08-07","UG-JD-01","Underground Mining Equipment","Good","Boom hose kit","UG-HOS-422","0.1","Routine issue","false"
"2026-08-08","UG-JD-01","Underground Mining Equipment","Good","Boom hose kit","UG-HOS-422","0.1","Routine issue","false"
"2026-08-09","UG-JD-01","Underground Mining Equipment","Good","Boom hose kit","UG-HOS-422","0.1","Routine issue","false"
"2026-08-10","UG-JD-01","Underground Mining Equipment","Good","Boom hose kit","UG-HOS-422","0.1","Routine issue","false"
"2026-08-11","UG-JD-01","Underground Mining Equipment","Good","Boom hose kit","UG-HOS-422","0.1","Routine issue","false"
"2026-08-12","UG-JD-01","Underground Mining Equipment","Good","Boom hose kit","UG-HOS-422","0.1","Routine issue","false"
"2026-08-13","UG-JD-01","Underground Mining Equipment","Good","Boom hose kit","UG-HOS-422","0.1","Routine issue","false"
"2026-08-14","UG-JD-01","Underground Mining Equipment","Good","Boom hose kit","UG-HOS-422","0.1","Routine issue","false"
"2026-08-15","UG-JD-01","Underground Mining Equipment","Good","Boom hose kit","UG-HOS-422","0.1","Routine issue","false"
"2026-08-16","UG-JD-01","Underground Mining Equipment","Good","Boom hose kit","UG-HOS-422","0.4","Maintenance spike","false"
"2026-08-17","UG-JD-01","Underground Mining Equipment","Good","Boom hose kit","UG-HOS-422","0.1","Routine issue","false"
"2026-08-18","UG-JD-01","Underground Mining Equipment","Good","Boom hose kit","UG-HOS-422","0.1","Routine issue","false"
"2026-08-19","UG-JD-01","Underground Mining Equipment","Good","Boom hose kit","UG-HOS-422","0.1","Routine issue","false"
"2026-08-20","UG-JD-01","Underground Mining Equipment","Good","Boom hose kit","UG-HOS-422","0.1","Routine issue","false"
"2026-08-21","UG-JD-01","Underground Mining Equipment","Good","Boom hose kit","UG-HOS-422","0.1","Routine issue","false"
"2026-08-22","UG-JD-01","Underground Mining Equipment","Good","Boom hose kit","UG-HOS-422","0.1","Routine issue","false"
"2026-08-23","UG-JD-01","Underground Mining Equipment","Good","Boom hose kit","UG-HOS-422","0.1","Routine issue","false"
"2026-08-24","UG-JD-01","Underground Mining Equipment","Good","Boom hose kit","UG-HOS-422","0.1","Routine issue","false"
"2026-08-25","UG-JD-01","Underground Mining Equipment","Good","Boom hose kit","UG-HOS-422","0.1","Routine issue","false"
"2026-08-26","UG-JD-01","Underground Mining Equipment","Good","Boom hose kit","UG-HOS-422","0.1","Routine issue","false"
"2026-08-27","UG-JD-01","Underground Mining Equipment","Good","Boom hose kit","UG-HOS-422","0.1","Routine issue","false"
"2026-08-28","UG-JD-01","Underground Mining Equipment","Good","Boom hose kit","UG-HOS-422","0.1","Routine issue","false"
"2026-08-29","UG-JD-01","Underground Mining Equipment","Good","Boom hose kit","UG-HOS-422","0.1","Routine issue","false"
"2026-08-30","UG-JD-01","Underground Mining Equipment","Good","Boom hose kit","UG-HOS-422","0.1","Routine issue","false"
"2026-08-31","UG-JD-01","Underground Mining Equipment","Good","Boom hose kit","UG-HOS-422","0.1","Routine issue","false"
"2026-09-01","UG-JD-01","Underground Mining Equipment","Good","Boom hose kit","UG-HOS-422","0.1","Routine issue","false"
"2026-09-02","UG-JD-01","Underground Mining Equipment","Good","Boom hose kit","UG-HOS-422","0.1","Routine issue","false"
"2026-09-03","UG-JD-01","Underground Mining Equipment","Good","Boom hose kit","UG-HOS-422","0.1","Routine issue","false"
"2026-09-04","UG-JD-01","Underground Mining Equipment","Good","Boom hose kit","UG-HOS-422","0.1","Routine issue","false"
"2026-09-05","UG-JD-01","Underground Mining Equipment","Good","Boom hose kit","UG-HOS-422","0.1","Routine issue","false"
"2026-09-06","UG-JD-01","Underground Mining Equipment","Good","Boom hose kit","UG-HOS-422","0.1","Routine issue","false"
"2026-09-07","UG-JD-01","Underground Mining Equipment","Good","Boom hose kit","UG-HOS-422","0.1","Routine issue","false"
"2026-09-08","UG-JD-01","Underground Mining Equipment","Good","Boom hose kit","UG-HOS-422","0.1","Routine issue","false"
"2026-09-09","UG-JD-01","Underground Mining Equipment","Good","Boom hose kit","UG-HOS-422","0.1","Routine issue","false"
"2026-09-10","UG-JD-01","Underground Mining Equipment","Good","Boom hose kit","UG-HOS-422","0.1","Routine issue","false"
"2026-09-11","UG-JD-01","Underground Mining Equipment","Good","Boom hose kit","UG-HOS-422","0.1","Routine issue","false"
"2026-09-12","UG-JD-01","Underground Mining Equipment","Good","Boom hose kit","UG-HOS-422","0.1","Routine issue","false"
"2026-09-13","UG-JD-01","Underground Mining Equipment","Good","Boom hose kit","UG-HOS-422","0.1","Routine issue","false"
"2026-03-18","UG-LW-01","Underground Mining Equipment","Fair","Hydraulic hose assembly","UG-HOS-LW1","0.2","Routine issue","false"
"2026-03-19","UG-LW-01","Underground Mining Equipment","Fair","Hydraulic hose assembly","UG-HOS-LW1","0.2","Routine issue","false"
"2026-03-20","UG-LW-01","Underground Mining Equipment","Fair","Hydraulic hose assembly","UG-HOS-LW1","0.2","Routine issue","false"
"2026-03-21","UG-LW-01","Underground Mining Equipment","Fair","Hydraulic hose assembly","UG-HOS-LW1","0.2","Routine issue","false"
"2026-03-22","UG-LW-01","Underground Mining Equipment","Fair","Hydraulic hose assembly","UG-HOS-LW1","0.5","Maintenance spike","false"
"2026-03-23","UG-LW-01","Underground Mining Equipment","Fair","Hydraulic hose assembly","UG-HOS-LW1","0.2","Routine issue","false"
"2026-03-24","UG-LW-01","Underground Mining Equipment","Fair","Hydraulic hose assembly","UG-HOS-LW1","0.2","Routine issue","false"
"2026-03-25","UG-LW-01","Underground Mining Equipment","Fair","Hydraulic hose assembly","UG-HOS-LW1","0.2","Routine issue","false"
"2026-03-26","UG-LW-01","Underground Mining Equipment","Fair","Hydraulic hose assembly","UG-HOS-LW1","0.2","Routine issue","false"
"2026-03-27","UG-LW-01","Underground Mining Equipment","Fair","Hydraulic hose assembly","UG-HOS-LW1","0.2","Routine issue","false"
"2026-03-28","UG-LW-01","Underground Mining Equipment","Fair","Hydraulic hose assembly","UG-HOS-LW1","0.2","Routine issue","false"
"2026-03-29","UG-LW-01","Underground Mining Equipment","Fair","Hydraulic hose assembly","UG-HOS-LW1","0.2","Routine issue","false"
"2026-03-30","UG-LW-01","Underground Mining Equipment","Fair","Hydraulic hose assembly","UG-HOS-LW1","0.2","Routine issue","false"
"2026-03-31","UG-LW-01","Underground Mining Equipment","Fair","Hydraulic hose assembly","UG-HOS-LW1","0.2","Routine issue","false"
"2026-04-01","UG-LW-01","Underground Mining Equipment","Fair","Hydraulic hose assembly","UG-HOS-LW1","0.2","Routine issue","false"
"2026-04-02","UG-LW-01","Underground Mining Equipment","Fair","Hydraulic hose assembly","UG-HOS-LW1","0.2","Routine issue","false"
"2026-04-03","UG-LW-01","Underground Mining Equipment","Fair","Hydraulic hose assembly","UG-HOS-LW1","0.2","Routine issue","false"
"2026-04-04","UG-LW-01","Underground Mining Equipment","Fair","Hydraulic hose assembly","UG-HOS-LW1","0.2","Routine issue","false"
"2026-04-05","UG-LW-01","Underground Mining Equipment","Fair","Hydraulic hose assembly","UG-HOS-LW1","0.2","Routine issue","false"
"2026-04-06","UG-LW-01","Underground Mining Equipment","Fair","Hydraulic hose assembly","UG-HOS-LW1","0.2","Routine issue","false"
"2026-04-07","UG-LW-01","Underground Mining Equipment","Fair","Hydraulic hose assembly","UG-HOS-LW1","0.2","Routine issue","false"
"2026-04-08","UG-LW-01","Underground Mining Equipment","Fair","Hydraulic hose assembly","UG-HOS-LW1","0.2","Routine issue","false"
"2026-04-09","UG-LW-01","Underground Mining Equipment","Fair","Hydraulic hose assembly","UG-HOS-LW1","0.2","Routine issue","false"
"2026-04-10","UG-LW-01","Underground Mining Equipment","Fair","Hydraulic hose assembly","UG-HOS-LW1","0.2","Routine issue","false"
"2026-04-11","UG-LW-01","Underground Mining Equipment","Fair","Hydraulic hose assembly","UG-HOS-LW1","0.2","Routine issue","false"
"2026-04-12","UG-LW-01","Underground Mining Equipment","Fair","Hydraulic hose assembly","UG-HOS-LW1","0.2","Routine issue","false"
"2026-04-13","UG-LW-01","Underground Mining Equipment","Fair","Hydraulic hose assembly","UG-HOS-LW1","0.2","Routine issue","false"
"2026-04-14","UG-LW-01","Underground Mining Equipment","Fair","Hydraulic hose assembly","UG-HOS-LW1","0.2","Routine issue","false"
"2026-04-15","UG-LW-01","Underground Mining Equipment","Fair","Hydraulic hose assembly","UG-HOS-LW1","0.2","Routine issue","false"
"2026-04-16","UG-LW-01","Underground Mining Equipment","Fair","Hydraulic hose assembly","UG-HOS-LW1","0.2","Routine issue","false"
"2026-04-17","UG-LW-01","Underground Mining Equipment","Fair","Hydraulic hose assembly","UG-HOS-LW1","0.2","Routine issue","false"
"2026-04-18","UG-LW-01","Underground Mining Equipment","Fair","Hydraulic hose assembly","UG-HOS-LW1","0.2","Routine issue","false"
"2026-04-19","UG-LW-01","Underground Mining Equipment","Fair","Hydraulic hose assembly","UG-HOS-LW1","0.2","Routine issue","false"
"2026-04-20","UG-LW-01","Underground Mining Equipment","Fair","Hydraulic hose assembly","UG-HOS-LW1","0.2","Routine issue","false"
"2026-04-21","UG-LW-01","Underground Mining Equipment","Fair","Hydraulic hose assembly","UG-HOS-LW1","0.2","Routine issue","false"
"2026-04-22","UG-LW-01","Underground Mining Equipment","Fair","Hydraulic hose assembly","UG-HOS-LW1","0.2","Routine issue","false"
"2026-04-23","UG-LW-01","Underground Mining Equipment","Fair","Hydraulic hose assembly","UG-HOS-LW1","0.2","Routine issue","false"
"2026-04-24","UG-LW-01","Underground Mining Equipment","Fair","Hydraulic hose assembly","UG-HOS-LW1","0.2","Routine issue","false"
"2026-04-25","UG-LW-01","Underground Mining Equipment","Fair","Hydraulic hose assembly","UG-HOS-LW1","0.2","Routine issue","false"
"2026-04-26","UG-LW-01","Underground Mining Equipment","Fair","Hydraulic hose assembly","UG-HOS-LW1","0.2","Routine issue","false"
"2026-04-27","UG-LW-01","Underground Mining Equipment","Fair","Hydraulic hose assembly","UG-HOS-LW1","0.2","Routine issue","false"
"2026-04-28","UG-LW-01","Underground Mining Equipment","Fair","Hydraulic hose assembly","UG-HOS-LW1","0.5","Maintenance spike","false"
"2026-04-29","UG-LW-01","Underground Mining Equipment","Fair","Hydraulic hose assembly","UG-HOS-LW1","0.2","Routine issue","false"
"2026-04-30","UG-LW-01","Underground Mining Equipment","Fair","Hydraulic hose assembly","UG-HOS-LW1","0.2","Routine issue","false"
"2026-05-01","UG-LW-01","Underground Mining Equipment","Fair","Hydraulic hose assembly","UG-HOS-LW1","0.2","Routine issue","false"
"2026-05-02","UG-LW-01","Underground Mining Equipment","Fair","Hydraulic hose assembly","UG-HOS-LW1","0.2","Routine issue","false"
"2026-05-03","UG-LW-01","Underground Mining Equipment","Fair","Hydraulic hose assembly","UG-HOS-LW1","0.2","Routine issue","false"
"2026-05-04","UG-LW-01","Underground Mining Equipment","Fair","Hydraulic hose assembly","UG-HOS-LW1","0.2","Routine issue","false"
"2026-05-05","UG-LW-01","Underground Mining Equipment","Fair","Hydraulic hose assembly","UG-HOS-LW1","0.2","Routine issue","false"
"2026-05-06","UG-LW-01","Underground Mining Equipment","Fair","Hydraulic hose assembly","UG-HOS-LW1","0.2","Routine issue","false"
"2026-05-07","UG-LW-01","Underground Mining Equipment","Fair","Hydraulic hose assembly","UG-HOS-LW1","0.2","Routine issue","false"
"2026-05-08","UG-LW-01","Underground Mining Equipment","Fair","Hydraulic hose assembly","UG-HOS-LW1","0.2","Routine issue","false"
"2026-05-09","UG-LW-01","Underground Mining Equipment","Fair","Hydraulic hose assembly","UG-HOS-LW1","0.2","Routine issue","false"
"2026-05-10","UG-LW-01","Underground Mining Equipment","Fair","Hydraulic hose assembly","UG-HOS-LW1","0.2","Routine issue","false"
"2026-05-11","UG-LW-01","Underground Mining Equipment","Fair","Hydraulic hose assembly","UG-HOS-LW1","0.2","Routine issue","false"
"2026-05-12","UG-LW-01","Underground Mining Equipment","Fair","Hydraulic hose assembly","UG-HOS-LW1","0.2","Routine issue","false"
"2026-05-13","UG-LW-01","Underground Mining Equipment","Fair","Hydraulic hose assembly","UG-HOS-LW1","0.2","Routine issue","false"
"2026-05-14","UG-LW-01","Underground Mining Equipment","Fair","Hydraulic hose assembly","UG-HOS-LW1","0.2","Routine issue","false"
"2026-05-15","UG-LW-01","Underground Mining Equipment","Fair","Hydraulic hose assembly","UG-HOS-LW1","0.2","Routine issue","false"
"2026-05-16","UG-LW-01","Underground Mining Equipment","Fair","Hydraulic hose assembly","UG-HOS-LW1","0.2","Routine issue","false"
"2026-05-17","UG-LW-01","Underground Mining Equipment","Fair","Hydraulic hose assembly","UG-HOS-LW1","0.2","Routine issue","false"
"2026-05-18","UG-LW-01","Underground Mining Equipment","Fair","Hydraulic hose assembly","UG-HOS-LW1","0.2","Routine issue","false"
"2026-05-19","UG-LW-01","Underground Mining Equipment","Fair","Hydraulic hose assembly","UG-HOS-LW1","0.2","Routine issue","false"
"2026-05-20","UG-LW-01","Underground Mining Equipment","Fair","Hydraulic hose assembly","UG-HOS-LW1","0.2","Routine issue","false"
"2026-05-21","UG-LW-01","Underground Mining Equipment","Fair","Hydraulic hose assembly","UG-HOS-LW1","0.2","Routine issue","false"
"2026-05-22","UG-LW-01","Underground Mining Equipment","Fair","Hydraulic hose assembly","UG-HOS-LW1","0.2","Routine issue","false"
"2026-05-23","UG-LW-01","Underground Mining Equipment","Fair","Hydraulic hose assembly","UG-HOS-LW1","0.2","Routine issue","false"
"2026-05-24","UG-LW-01","Underground Mining Equipment","Fair","Hydraulic hose assembly","UG-HOS-LW1","0.2","Routine issue","false"
"2026-05-25","UG-LW-01","Underground Mining Equipment","Fair","Hydraulic hose assembly","UG-HOS-LW1","0.2","Routine issue","false"
"2026-05-26","UG-LW-01","Underground Mining Equipment","Fair","Hydraulic hose assembly","UG-HOS-LW1","0.2","Routine issue","false"
"2026-05-27","UG-LW-01","Underground Mining Equipment","Fair","Hydraulic hose assembly","UG-HOS-LW1","0.2","Routine issue","false"
"2026-05-28","UG-LW-01","Underground Mining Equipment","Fair","Hydraulic hose assembly","UG-HOS-LW1","0.2","Routine issue","false"
"2026-05-29","UG-LW-01","Underground Mining Equipment","Fair","Hydraulic hose assembly","UG-HOS-LW1","0.2","Routine issue","false"
"2026-05-30","UG-LW-01","Underground Mining Equipment","Fair","Hydraulic hose assembly","UG-HOS-LW1","0.2","Routine issue","false"
"2026-05-31","UG-LW-01","Underground Mining Equipment","Fair","Hydraulic hose assembly","UG-HOS-LW1","0.2","Routine issue","false"
"2026-06-01","UG-LW-01","Underground Mining Equipment","Fair","Hydraulic hose assembly","UG-HOS-LW1","0.2","Routine issue","false"
"2026-06-02","UG-LW-01","Underground Mining Equipment","Fair","Hydraulic hose assembly","UG-HOS-LW1","0.2","Routine issue","false"
"2026-06-03","UG-LW-01","Underground Mining Equipment","Fair","Hydraulic hose assembly","UG-HOS-LW1","0.2","Routine issue","false"
"2026-06-04","UG-LW-01","Underground Mining Equipment","Fair","Hydraulic hose assembly","UG-HOS-LW1","0.5","Maintenance spike","false"
"2026-06-05","UG-LW-01","Underground Mining Equipment","Fair","Hydraulic hose assembly","UG-HOS-LW1","0.1","Routine issue","false"
"2026-06-06","UG-LW-01","Underground Mining Equipment","Fair","Hydraulic hose assembly","UG-HOS-LW1","0.2","Routine issue","false"
"2026-06-07","UG-LW-01","Underground Mining Equipment","Fair","Hydraulic hose assembly","UG-HOS-LW1","0.2","Routine issue","false"
"2026-06-08","UG-LW-01","Underground Mining Equipment","Fair","Hydraulic hose assembly","UG-HOS-LW1","0.2","Routine issue","false"
"2026-06-09","UG-LW-01","Underground Mining Equipment","Fair","Hydraulic hose assembly","UG-HOS-LW1","0.2","Routine issue","false"
"2026-06-10","UG-LW-01","Underground Mining Equipment","Fair","Hydraulic hose assembly","UG-HOS-LW1","0.2","Routine issue","false"
"2026-06-11","UG-LW-01","Underground Mining Equipment","Fair","Hydraulic hose assembly","UG-HOS-LW1","0.2","Routine issue","false"
"2026-06-12","UG-LW-01","Underground Mining Equipment","Fair","Hydraulic hose assembly","UG-HOS-LW1","0.2","Routine issue","false"
"2026-06-13","UG-LW-01","Underground Mining Equipment","Fair","Hydraulic hose assembly","UG-HOS-LW1","0.2","Routine issue","false"
"2026-06-14","UG-LW-01","Underground Mining Equipment","Fair","Hydraulic hose assembly","UG-HOS-LW1","0.2","Routine issue","false"
"2026-06-15","UG-LW-01","Underground Mining Equipment","Fair","Hydraulic hose assembly","UG-HOS-LW1","0.2","Routine issue","false"
"2026-06-16","UG-LW-01","Underground Mining Equipment","Fair","Hydraulic hose assembly","UG-HOS-LW1","0.2","Routine issue","false"
"2026-06-17","UG-LW-01","Underground Mining Equipment","Fair","Hydraulic hose assembly","UG-HOS-LW1","0.2","Routine issue","false"
"2026-06-18","UG-LW-01","Underground Mining Equipment","Fair","Hydraulic hose assembly","UG-HOS-LW1","0.2","Routine issue","false"
"2026-06-19","UG-LW-01","Underground Mining Equipment","Fair","Hydraulic hose assembly","UG-HOS-LW1","0.2","Routine issue","false"
"2026-06-20","UG-LW-01","Underground Mining Equipment","Fair","Hydraulic hose assembly","UG-HOS-LW1","0.1","Routine issue","false"
"2026-06-21","UG-LW-01","Underground Mining Equipment","Fair","Hydraulic hose assembly","UG-HOS-LW1","0.2","Routine issue","false"
"2026-06-22","UG-LW-01","Underground Mining Equipment","Fair","Hydraulic hose assembly","UG-HOS-LW1","0.2","Routine issue","false"
"2026-06-23","UG-LW-01","Underground Mining Equipment","Fair","Hydraulic hose assembly","UG-HOS-LW1","0.5","Anomaly","true"
"2026-06-24","UG-LW-01","Underground Mining Equipment","Fair","Hydraulic hose assembly","UG-HOS-LW1","0.2","Routine issue","false"
"2026-06-25","UG-LW-01","Underground Mining Equipment","Fair","Hydraulic hose assembly","UG-HOS-LW1","0.2","Routine issue","false"
"2026-06-26","UG-LW-01","Underground Mining Equipment","Fair","Hydraulic hose assembly","UG-HOS-LW1","0.2","Routine issue","false"
"2026-06-27","UG-LW-01","Underground Mining Equipment","Fair","Hydraulic hose assembly","UG-HOS-LW1","0.1","Routine issue","false"
"2026-06-28","UG-LW-01","Underground Mining Equipment","Fair","Hydraulic hose assembly","UG-HOS-LW1","0.2","Routine issue","false"
"2026-06-29","UG-LW-01","Underground Mining Equipment","Fair","Hydraulic hose assembly","UG-HOS-LW1","0.2","Routine issue","false"
"2026-06-30","UG-LW-01","Underground Mining Equipment","Fair","Hydraulic hose assembly","UG-HOS-LW1","0.2","Routine issue","false"
"2026-07-01","UG-LW-01","Underground Mining Equipment","Fair","Hydraulic hose assembly","UG-HOS-LW1","0.2","Routine issue","false"
"2026-07-02","UG-LW-01","Underground Mining Equipment","Fair","Hydraulic hose assembly","UG-HOS-LW1","0.2","Routine issue","false"
"2026-07-03","UG-LW-01","Underground Mining Equipment","Fair","Hydraulic hose assembly","UG-HOS-LW1","0.2","Routine issue","false"
"2026-07-04","UG-LW-01","Underground Mining Equipment","Fair","Hydraulic hose assembly","UG-HOS-LW1","0.2","Routine issue","false"
"2026-07-05","UG-LW-01","Underground Mining Equipment","Fair","Hydraulic hose assembly","UG-HOS-LW1","0.2","Routine issue","false"
"2026-07-06","UG-LW-01","Underground Mining Equipment","Fair","Hydraulic hose assembly","UG-HOS-LW1","0.1","Routine issue","false"
"2026-07-07","UG-LW-01","Underground Mining Equipment","Fair","Hydraulic hose assembly","UG-HOS-LW1","0.1","Routine issue","false"
"2026-07-08","UG-LW-01","Underground Mining Equipment","Fair","Hydraulic hose assembly","UG-HOS-LW1","0.2","Routine issue","false"
"2026-07-09","UG-LW-01","Underground Mining Equipment","Fair","Hydraulic hose assembly","UG-HOS-LW1","0.1","Routine issue","false"
"2026-07-10","UG-LW-01","Underground Mining Equipment","Fair","Hydraulic hose assembly","UG-HOS-LW1","0.1","Routine issue","false"
"2026-07-11","UG-LW-01","Underground Mining Equipment","Fair","Hydraulic hose assembly","UG-HOS-LW1","0.5","Maintenance spike","false"
"2026-07-12","UG-LW-01","Underground Mining Equipment","Fair","Hydraulic hose assembly","UG-HOS-LW1","0.2","Routine issue","false"
"2026-07-13","UG-LW-01","Underground Mining Equipment","Fair","Hydraulic hose assembly","UG-HOS-LW1","0.2","Routine issue","false"
"2026-07-14","UG-LW-01","Underground Mining Equipment","Fair","Hydraulic hose assembly","UG-HOS-LW1","0.2","Routine issue","false"
"2026-07-15","UG-LW-01","Underground Mining Equipment","Fair","Hydraulic hose assembly","UG-HOS-LW1","0.1","Routine issue","false"
"2026-07-16","UG-LW-01","Underground Mining Equipment","Fair","Hydraulic hose assembly","UG-HOS-LW1","0.1","Routine issue","false"
"2026-07-17","UG-LW-01","Underground Mining Equipment","Fair","Hydraulic hose assembly","UG-HOS-LW1","0.2","Routine issue","false"
"2026-07-18","UG-LW-01","Underground Mining Equipment","Fair","Hydraulic hose assembly","UG-HOS-LW1","0.2","Routine issue","false"
"2026-07-19","UG-LW-01","Underground Mining Equipment","Fair","Hydraulic hose assembly","UG-HOS-LW1","0.2","Routine issue","false"
"2026-07-20","UG-LW-01","Underground Mining Equipment","Fair","Hydraulic hose assembly","UG-HOS-LW1","0.2","Routine issue","false"
"2026-07-21","UG-LW-01","Underground Mining Equipment","Fair","Hydraulic hose assembly","UG-HOS-LW1","0.2","Routine issue","false"
"2026-07-22","UG-LW-01","Underground Mining Equipment","Fair","Hydraulic hose assembly","UG-HOS-LW1","0.1","Routine issue","false"
"2026-07-23","UG-LW-01","Underground Mining Equipment","Fair","Hydraulic hose assembly","UG-HOS-LW1","0.2","Routine issue","false"
"2026-07-24","UG-LW-01","Underground Mining Equipment","Fair","Hydraulic hose assembly","UG-HOS-LW1","0.2","Routine issue","false"
"2026-07-25","UG-LW-01","Underground Mining Equipment","Fair","Hydraulic hose assembly","UG-HOS-LW1","0.1","Routine issue","false"
"2026-07-26","UG-LW-01","Underground Mining Equipment","Fair","Hydraulic hose assembly","UG-HOS-LW1","0.1","Routine issue","false"
"2026-07-27","UG-LW-01","Underground Mining Equipment","Fair","Hydraulic hose assembly","UG-HOS-LW1","0.2","Routine issue","false"
"2026-07-28","UG-LW-01","Underground Mining Equipment","Fair","Hydraulic hose assembly","UG-HOS-LW1","0.5","Anomaly","true"
"2026-07-29","UG-LW-01","Underground Mining Equipment","Fair","Hydraulic hose assembly","UG-HOS-LW1","0.2","Routine issue","false"
"2026-07-30","UG-LW-01","Underground Mining Equipment","Fair","Hydraulic hose assembly","UG-HOS-LW1","0.2","Routine issue","false"
"2026-07-31","UG-LW-01","Underground Mining Equipment","Fair","Hydraulic hose assembly","UG-HOS-LW1","0.2","Routine issue","false"
"2026-08-01","UG-LW-01","Underground Mining Equipment","Fair","Hydraulic hose assembly","UG-HOS-LW1","0.1","Routine issue","false"
"2026-08-02","UG-LW-01","Underground Mining Equipment","Fair","Hydraulic hose assembly","UG-HOS-LW1","0.2","Routine issue","false"
"2026-08-03","UG-LW-01","Underground Mining Equipment","Fair","Hydraulic hose assembly","UG-HOS-LW1","0.1","Routine issue","false"
"2026-08-04","UG-LW-01","Underground Mining Equipment","Fair","Hydraulic hose assembly","UG-HOS-LW1","0.2","Routine issue","false"
"2026-08-05","UG-LW-01","Underground Mining Equipment","Fair","Hydraulic hose assembly","UG-HOS-LW1","0.2","Routine issue","false"
"2026-08-06","UG-LW-01","Underground Mining Equipment","Fair","Hydraulic hose assembly","UG-HOS-LW1","0.5","Anomaly","true"
"2026-08-07","UG-LW-01","Underground Mining Equipment","Fair","Hydraulic hose assembly","UG-HOS-LW1","0.2","Routine issue","false"
"2026-08-08","UG-LW-01","Underground Mining Equipment","Fair","Hydraulic hose assembly","UG-HOS-LW1","0.2","Routine issue","false"
"2026-08-09","UG-LW-01","Underground Mining Equipment","Fair","Hydraulic hose assembly","UG-HOS-LW1","0.1","Routine issue","false"
"2026-08-10","UG-LW-01","Underground Mining Equipment","Fair","Hydraulic hose assembly","UG-HOS-LW1","0.2","Routine issue","false"
"2026-08-11","UG-LW-01","Underground Mining Equipment","Fair","Hydraulic hose assembly","UG-HOS-LW1","0.2","Routine issue","false"
"2026-08-12","UG-LW-01","Underground Mining Equipment","Fair","Hydraulic hose assembly","UG-HOS-LW1","0.1","Routine issue","false"
"2026-08-13","UG-LW-01","Underground Mining Equipment","Fair","Hydraulic hose assembly","UG-HOS-LW1","0.2","Routine issue","false"
"2026-08-14","UG-LW-01","Underground Mining Equipment","Fair","Hydraulic hose assembly","UG-HOS-LW1","0.1","Routine issue","false"
"2026-08-15","UG-LW-01","Underground Mining Equipment","Fair","Hydraulic hose assembly","UG-HOS-LW1","0.2","Routine issue","false"
"2026-08-16","UG-LW-01","Underground Mining Equipment","Fair","Hydraulic hose assembly","UG-HOS-LW1","0.2","Routine issue","false"
"2026-08-17","UG-LW-01","Underground Mining Equipment","Fair","Hydraulic hose assembly","UG-HOS-LW1","0.5","Maintenance spike","false"
"2026-08-18","UG-LW-01","Underground Mining Equipment","Fair","Hydraulic hose assembly","UG-HOS-LW1","0.2","Routine issue","false"
"2026-08-19","UG-LW-01","Underground Mining Equipment","Fair","Hydraulic hose assembly","UG-HOS-LW1","0.2","Routine issue","false"
"2026-08-20","UG-LW-01","Underground Mining Equipment","Fair","Hydraulic hose assembly","UG-HOS-LW1","0.1","Routine issue","false"
"2026-08-21","UG-LW-01","Underground Mining Equipment","Fair","Hydraulic hose assembly","UG-HOS-LW1","0.2","Routine issue","false"
"2026-08-22","UG-LW-01","Underground Mining Equipment","Fair","Hydraulic hose assembly","UG-HOS-LW1","0.2","Routine issue","false"
"2026-08-23","UG-LW-01","Underground Mining Equipment","Fair","Hydraulic hose assembly","UG-HOS-LW1","0.2","Routine issue","false"
"2026-08-24","UG-LW-01","Underground Mining Equipment","Fair","Hydraulic hose assembly","UG-HOS-LW1","0.2","Routine issue","false"
"2026-08-25","UG-LW-01","Underground Mining Equipment","Fair","Hydraulic hose assembly","UG-HOS-LW1","0.1","Routine issue","false"
"2026-08-26","UG-LW-01","Underground Mining Equipment","Fair","Hydraulic hose assembly","UG-HOS-LW1","0.1","Routine issue","false"
"2026-08-27","UG-LW-01","Underground Mining Equipment","Fair","Hydraulic hose assembly","UG-HOS-LW1","0.2","Routine issue","false"
"2026-08-28","UG-LW-01","Underground Mining Equipment","Fair","Hydraulic hose assembly","UG-HOS-LW1","0.2","Routine issue","false"
"2026-08-29","UG-LW-01","Underground Mining Equipment","Fair","Hydraulic hose assembly","UG-HOS-LW1","0.2","Routine issue","false"
"2026-08-30","UG-LW-01","Underground Mining Equipment","Fair","Hydraulic hose assembly","UG-HOS-LW1","0.2","Routine issue","false"
"2026-08-31","UG-LW-01","Underground Mining Equipment","Fair","Hydraulic hose assembly","UG-HOS-LW1","0.2","Routine issue","false"
"2026-09-01","UG-LW-01","Underground Mining Equipment","Fair","Hydraulic hose assembly","UG-HOS-LW1","0.2","Routine issue","false"
"2026-09-02","UG-LW-01","Underground Mining Equipment","Fair","Hydraulic hose assembly","UG-HOS-LW1","0.2","Routine issue","false"
"2026-09-03","UG-LW-01","Underground Mining Equipment","Fair","Hydraulic hose assembly","UG-HOS-LW1","0.2","Routine issue","false"
"2026-09-04","UG-LW-01","Underground Mining Equipment","Fair","Hydraulic hose assembly","UG-HOS-LW1","0.2","Routine issue","false"
"2026-09-05","UG-LW-01","Underground Mining Equipment","Fair","Hydraulic hose assembly","UG-HOS-LW1","0.1","Routine issue","false"
"2026-09-06","UG-LW-01","Underground Mining Equipment","Fair","Hydraulic hose assembly","UG-HOS-LW1","0.2","Routine issue","false"
"2026-09-07","UG-LW-01","Underground Mining Equipment","Fair","Hydraulic hose assembly","UG-HOS-LW1","0.2","Routine issue","false"
"2026-09-08","UG-LW-01","Underground Mining Equipment","Fair","Hydraulic hose assembly","UG-HOS-LW1","0.2","Routine issue","false"
"2026-09-09","UG-LW-01","Underground Mining Equipment","Fair","Hydraulic hose assembly","UG-HOS-LW1","0.2","Routine issue","false"
"2026-09-10","UG-LW-01","Underground Mining Equipment","Fair","Hydraulic hose assembly","UG-HOS-LW1","0.5","Anomaly","true"
"2026-09-11","UG-LW-01","Underground Mining Equipment","Fair","Hydraulic hose assembly","UG-HOS-LW1","0.2","Routine issue","false"
"2026-09-12","UG-LW-01","Underground Mining Equipment","Fair","Hydraulic hose assembly","UG-HOS-LW1","0.1","Routine issue","false"
"2026-09-13","UG-LW-01","Underground Mining Equipment","Fair","Hydraulic hose assembly","UG-HOS-LW1","0.2","Routine issue","false"
"2026-03-18","PR-CR-01","Processing & Support Equipment","Good","Hydraulic accumulator","PR-ACC-450","0.1","Routine issue","false"
"2026-03-19","PR-CR-01","Processing & Support Equipment","Good","Hydraulic accumulator","PR-ACC-450","0.1","Routine issue","false"
"2026-03-20","PR-CR-01","Processing & Support Equipment","Good","Hydraulic accumulator","PR-ACC-450","0.1","Routine issue","false"
"2026-03-21","PR-CR-01","Processing & Support Equipment","Good","Hydraulic accumulator","PR-ACC-450","0.1","Routine issue","false"
"2026-03-22","PR-CR-01","Processing & Support Equipment","Good","Hydraulic accumulator","PR-ACC-450","0.1","Routine issue","false"
"2026-03-23","PR-CR-01","Processing & Support Equipment","Good","Hydraulic accumulator","PR-ACC-450","0.3","Maintenance spike","false"
"2026-03-24","PR-CR-01","Processing & Support Equipment","Good","Hydraulic accumulator","PR-ACC-450","0.1","Routine issue","false"
"2026-03-25","PR-CR-01","Processing & Support Equipment","Good","Hydraulic accumulator","PR-ACC-450","0.1","Routine issue","false"
"2026-03-26","PR-CR-01","Processing & Support Equipment","Good","Hydraulic accumulator","PR-ACC-450","0.1","Routine issue","false"
"2026-03-27","PR-CR-01","Processing & Support Equipment","Good","Hydraulic accumulator","PR-ACC-450","0.1","Routine issue","false"
"2026-03-28","PR-CR-01","Processing & Support Equipment","Good","Hydraulic accumulator","PR-ACC-450","0.1","Routine issue","false"
"2026-03-29","PR-CR-01","Processing & Support Equipment","Good","Hydraulic accumulator","PR-ACC-450","0.1","Routine issue","false"
"2026-03-30","PR-CR-01","Processing & Support Equipment","Good","Hydraulic accumulator","PR-ACC-450","0.1","Routine issue","false"
"2026-03-31","PR-CR-01","Processing & Support Equipment","Good","Hydraulic accumulator","PR-ACC-450","0.1","Routine issue","false"
"2026-04-01","PR-CR-01","Processing & Support Equipment","Good","Hydraulic accumulator","PR-ACC-450","0.1","Routine issue","false"
"2026-04-02","PR-CR-01","Processing & Support Equipment","Good","Hydraulic accumulator","PR-ACC-450","0.1","Routine issue","false"
"2026-04-03","PR-CR-01","Processing & Support Equipment","Good","Hydraulic accumulator","PR-ACC-450","0.1","Routine issue","false"
"2026-04-04","PR-CR-01","Processing & Support Equipment","Good","Hydraulic accumulator","PR-ACC-450","0.1","Routine issue","false"
"2026-04-05","PR-CR-01","Processing & Support Equipment","Good","Hydraulic accumulator","PR-ACC-450","0.1","Routine issue","false"
"2026-04-06","PR-CR-01","Processing & Support Equipment","Good","Hydraulic accumulator","PR-ACC-450","0.1","Routine issue","false"
"2026-04-07","PR-CR-01","Processing & Support Equipment","Good","Hydraulic accumulator","PR-ACC-450","0.1","Routine issue","false"
"2026-04-08","PR-CR-01","Processing & Support Equipment","Good","Hydraulic accumulator","PR-ACC-450","0.1","Routine issue","false"
"2026-04-09","PR-CR-01","Processing & Support Equipment","Good","Hydraulic accumulator","PR-ACC-450","0.1","Routine issue","false"
"2026-04-10","PR-CR-01","Processing & Support Equipment","Good","Hydraulic accumulator","PR-ACC-450","0.1","Routine issue","false"
"2026-04-11","PR-CR-01","Processing & Support Equipment","Good","Hydraulic accumulator","PR-ACC-450","0.1","Routine issue","false"
"2026-04-12","PR-CR-01","Processing & Support Equipment","Good","Hydraulic accumulator","PR-ACC-450","0.1","Routine issue","false"
"2026-04-13","PR-CR-01","Processing & Support Equipment","Good","Hydraulic accumulator","PR-ACC-450","0.1","Routine issue","false"
"2026-04-14","PR-CR-01","Processing & Support Equipment","Good","Hydraulic accumulator","PR-ACC-450","0.1","Routine issue","false"
"2026-04-15","PR-CR-01","Processing & Support Equipment","Good","Hydraulic accumulator","PR-ACC-450","0.1","Routine issue","false"
"2026-04-16","PR-CR-01","Processing & Support Equipment","Good","Hydraulic accumulator","PR-ACC-450","0.1","Routine issue","false"
"2026-04-17","PR-CR-01","Processing & Support Equipment","Good","Hydraulic accumulator","PR-ACC-450","0.1","Routine issue","false"
"2026-04-18","PR-CR-01","Processing & Support Equipment","Good","Hydraulic accumulator","PR-ACC-450","0.1","Routine issue","false"
"2026-04-19","PR-CR-01","Processing & Support Equipment","Good","Hydraulic accumulator","PR-ACC-450","0.1","Routine issue","false"
"2026-04-20","PR-CR-01","Processing & Support Equipment","Good","Hydraulic accumulator","PR-ACC-450","0.1","Routine issue","false"
"2026-04-21","PR-CR-01","Processing & Support Equipment","Good","Hydraulic accumulator","PR-ACC-450","0.1","Routine issue","false"
"2026-04-22","PR-CR-01","Processing & Support Equipment","Good","Hydraulic accumulator","PR-ACC-450","0.1","Routine issue","false"
"2026-04-23","PR-CR-01","Processing & Support Equipment","Good","Hydraulic accumulator","PR-ACC-450","0.1","Routine issue","false"
"2026-04-24","PR-CR-01","Processing & Support Equipment","Good","Hydraulic accumulator","PR-ACC-450","0.1","Routine issue","false"
"2026-04-25","PR-CR-01","Processing & Support Equipment","Good","Hydraulic accumulator","PR-ACC-450","0.1","Routine issue","false"
"2026-04-26","PR-CR-01","Processing & Support Equipment","Good","Hydraulic accumulator","PR-ACC-450","0.1","Routine issue","false"
"2026-04-27","PR-CR-01","Processing & Support Equipment","Good","Hydraulic accumulator","PR-ACC-450","0.1","Routine issue","false"
"2026-04-28","PR-CR-01","Processing & Support Equipment","Good","Hydraulic accumulator","PR-ACC-450","0.1","Routine issue","false"
"2026-04-29","PR-CR-01","Processing & Support Equipment","Good","Hydraulic accumulator","PR-ACC-450","0.3","Maintenance spike","false"
"2026-04-30","PR-CR-01","Processing & Support Equipment","Good","Hydraulic accumulator","PR-ACC-450","0.1","Routine issue","false"
"2026-05-01","PR-CR-01","Processing & Support Equipment","Good","Hydraulic accumulator","PR-ACC-450","0.1","Routine issue","false"
"2026-05-02","PR-CR-01","Processing & Support Equipment","Good","Hydraulic accumulator","PR-ACC-450","0.1","Routine issue","false"
"2026-05-03","PR-CR-01","Processing & Support Equipment","Good","Hydraulic accumulator","PR-ACC-450","0.1","Routine issue","false"
"2026-05-04","PR-CR-01","Processing & Support Equipment","Good","Hydraulic accumulator","PR-ACC-450","0.1","Routine issue","false"
"2026-05-05","PR-CR-01","Processing & Support Equipment","Good","Hydraulic accumulator","PR-ACC-450","0.1","Routine issue","false"
"2026-05-06","PR-CR-01","Processing & Support Equipment","Good","Hydraulic accumulator","PR-ACC-450","0.1","Routine issue","false"
"2026-05-07","PR-CR-01","Processing & Support Equipment","Good","Hydraulic accumulator","PR-ACC-450","0.1","Routine issue","false"
"2026-05-08","PR-CR-01","Processing & Support Equipment","Good","Hydraulic accumulator","PR-ACC-450","0.1","Routine issue","false"
"2026-05-09","PR-CR-01","Processing & Support Equipment","Good","Hydraulic accumulator","PR-ACC-450","0.1","Routine issue","false"
"2026-05-10","PR-CR-01","Processing & Support Equipment","Good","Hydraulic accumulator","PR-ACC-450","0.1","Routine issue","false"
"2026-05-11","PR-CR-01","Processing & Support Equipment","Good","Hydraulic accumulator","PR-ACC-450","0.1","Routine issue","false"
"2026-05-12","PR-CR-01","Processing & Support Equipment","Good","Hydraulic accumulator","PR-ACC-450","0.1","Routine issue","false"
"2026-05-13","PR-CR-01","Processing & Support Equipment","Good","Hydraulic accumulator","PR-ACC-450","0.1","Routine issue","false"
"2026-05-14","PR-CR-01","Processing & Support Equipment","Good","Hydraulic accumulator","PR-ACC-450","0.1","Routine issue","false"
"2026-05-15","PR-CR-01","Processing & Support Equipment","Good","Hydraulic accumulator","PR-ACC-450","0.1","Routine issue","false"
"2026-05-16","PR-CR-01","Processing & Support Equipment","Good","Hydraulic accumulator","PR-ACC-450","0.1","Routine issue","false"
"2026-05-17","PR-CR-01","Processing & Support Equipment","Good","Hydraulic accumulator","PR-ACC-450","0.1","Routine issue","false"
"2026-05-18","PR-CR-01","Processing & Support Equipment","Good","Hydraulic accumulator","PR-ACC-450","0.1","Routine issue","false"
"2026-05-19","PR-CR-01","Processing & Support Equipment","Good","Hydraulic accumulator","PR-ACC-450","0.1","Routine issue","false"
"2026-05-20","PR-CR-01","Processing & Support Equipment","Good","Hydraulic accumulator","PR-ACC-450","0.1","Routine issue","false"
"2026-05-21","PR-CR-01","Processing & Support Equipment","Good","Hydraulic accumulator","PR-ACC-450","0.1","Routine issue","false"
"2026-05-22","PR-CR-01","Processing & Support Equipment","Good","Hydraulic accumulator","PR-ACC-450","0.1","Routine issue","false"
"2026-05-23","PR-CR-01","Processing & Support Equipment","Good","Hydraulic accumulator","PR-ACC-450","0.1","Routine issue","false"
"2026-05-24","PR-CR-01","Processing & Support Equipment","Good","Hydraulic accumulator","PR-ACC-450","0.1","Routine issue","false"
"2026-05-25","PR-CR-01","Processing & Support Equipment","Good","Hydraulic accumulator","PR-ACC-450","0.1","Routine issue","false"
"2026-05-26","PR-CR-01","Processing & Support Equipment","Good","Hydraulic accumulator","PR-ACC-450","0.1","Routine issue","false"
"2026-05-27","PR-CR-01","Processing & Support Equipment","Good","Hydraulic accumulator","PR-ACC-450","0.1","Routine issue","false"
"2026-05-28","PR-CR-01","Processing & Support Equipment","Good","Hydraulic accumulator","PR-ACC-450","0.1","Routine issue","false"
"2026-05-29","PR-CR-01","Processing & Support Equipment","Good","Hydraulic accumulator","PR-ACC-450","0.1","Routine issue","false"
"2026-05-30","PR-CR-01","Processing & Support Equipment","Good","Hydraulic accumulator","PR-ACC-450","0.1","Routine issue","false"
"2026-05-31","PR-CR-01","Processing & Support Equipment","Good","Hydraulic accumulator","PR-ACC-450","0.1","Routine issue","false"
"2026-06-01","PR-CR-01","Processing & Support Equipment","Good","Hydraulic accumulator","PR-ACC-450","0.1","Routine issue","false"
"2026-06-02","PR-CR-01","Processing & Support Equipment","Good","Hydraulic accumulator","PR-ACC-450","0.1","Routine issue","false"
"2026-06-03","PR-CR-01","Processing & Support Equipment","Good","Hydraulic accumulator","PR-ACC-450","0.1","Routine issue","false"
"2026-06-04","PR-CR-01","Processing & Support Equipment","Good","Hydraulic accumulator","PR-ACC-450","0.1","Routine issue","false"
"2026-06-05","PR-CR-01","Processing & Support Equipment","Good","Hydraulic accumulator","PR-ACC-450","0.3","Maintenance spike","false"
"2026-06-06","PR-CR-01","Processing & Support Equipment","Good","Hydraulic accumulator","PR-ACC-450","0.1","Routine issue","false"
"2026-06-07","PR-CR-01","Processing & Support Equipment","Good","Hydraulic accumulator","PR-ACC-450","0.1","Routine issue","false"
"2026-06-08","PR-CR-01","Processing & Support Equipment","Good","Hydraulic accumulator","PR-ACC-450","0.1","Routine issue","false"
"2026-06-09","PR-CR-01","Processing & Support Equipment","Good","Hydraulic accumulator","PR-ACC-450","0.1","Routine issue","false"
"2026-06-10","PR-CR-01","Processing & Support Equipment","Good","Hydraulic accumulator","PR-ACC-450","0.1","Routine issue","false"
"2026-06-11","PR-CR-01","Processing & Support Equipment","Good","Hydraulic accumulator","PR-ACC-450","0.1","Routine issue","false"
"2026-06-12","PR-CR-01","Processing & Support Equipment","Good","Hydraulic accumulator","PR-ACC-450","0.1","Routine issue","false"
"2026-06-13","PR-CR-01","Processing & Support Equipment","Good","Hydraulic accumulator","PR-ACC-450","0.1","Routine issue","false"
"2026-06-14","PR-CR-01","Processing & Support Equipment","Good","Hydraulic accumulator","PR-ACC-450","0.1","Routine issue","false"
"2026-06-15","PR-CR-01","Processing & Support Equipment","Good","Hydraulic accumulator","PR-ACC-450","0.1","Routine issue","false"
"2026-06-16","PR-CR-01","Processing & Support Equipment","Good","Hydraulic accumulator","PR-ACC-450","0.1","Routine issue","false"
"2026-06-17","PR-CR-01","Processing & Support Equipment","Good","Hydraulic accumulator","PR-ACC-450","0.1","Routine issue","false"
"2026-06-18","PR-CR-01","Processing & Support Equipment","Good","Hydraulic accumulator","PR-ACC-450","0.1","Routine issue","false"
"2026-06-19","PR-CR-01","Processing & Support Equipment","Good","Hydraulic accumulator","PR-ACC-450","0.1","Routine issue","false"
"2026-06-20","PR-CR-01","Processing & Support Equipment","Good","Hydraulic accumulator","PR-ACC-450","0.1","Routine issue","false"
"2026-06-21","PR-CR-01","Processing & Support Equipment","Good","Hydraulic accumulator","PR-ACC-450","0.1","Routine issue","false"
"2026-06-22","PR-CR-01","Processing & Support Equipment","Good","Hydraulic accumulator","PR-ACC-450","0.1","Routine issue","false"
"2026-06-23","PR-CR-01","Processing & Support Equipment","Good","Hydraulic accumulator","PR-ACC-450","0.1","Routine issue","false"
"2026-06-24","PR-CR-01","Processing & Support Equipment","Good","Hydraulic accumulator","PR-ACC-450","0.1","Routine issue","false"
"2026-06-25","PR-CR-01","Processing & Support Equipment","Good","Hydraulic accumulator","PR-ACC-450","0.1","Routine issue","false"
"2026-06-26","PR-CR-01","Processing & Support Equipment","Good","Hydraulic accumulator","PR-ACC-450","0.1","Routine issue","false"
"2026-06-27","PR-CR-01","Processing & Support Equipment","Good","Hydraulic accumulator","PR-ACC-450","0.1","Routine issue","false"
"2026-06-28","PR-CR-01","Processing & Support Equipment","Good","Hydraulic accumulator","PR-ACC-450","0.1","Routine issue","false"
"2026-06-29","PR-CR-01","Processing & Support Equipment","Good","Hydraulic accumulator","PR-ACC-450","0.1","Routine issue","false"
"2026-06-30","PR-CR-01","Processing & Support Equipment","Good","Hydraulic accumulator","PR-ACC-450","0.1","Routine issue","false"
"2026-07-01","PR-CR-01","Processing & Support Equipment","Good","Hydraulic accumulator","PR-ACC-450","0.1","Routine issue","false"
"2026-07-02","PR-CR-01","Processing & Support Equipment","Good","Hydraulic accumulator","PR-ACC-450","0.1","Routine issue","false"
"2026-07-03","PR-CR-01","Processing & Support Equipment","Good","Hydraulic accumulator","PR-ACC-450","0.1","Routine issue","false"
"2026-07-04","PR-CR-01","Processing & Support Equipment","Good","Hydraulic accumulator","PR-ACC-450","0.1","Routine issue","false"
"2026-07-05","PR-CR-01","Processing & Support Equipment","Good","Hydraulic accumulator","PR-ACC-450","0.1","Routine issue","false"
"2026-07-06","PR-CR-01","Processing & Support Equipment","Good","Hydraulic accumulator","PR-ACC-450","0.1","Routine issue","false"
"2026-07-07","PR-CR-01","Processing & Support Equipment","Good","Hydraulic accumulator","PR-ACC-450","0.1","Routine issue","false"
"2026-07-08","PR-CR-01","Processing & Support Equipment","Good","Hydraulic accumulator","PR-ACC-450","0.1","Routine issue","false"
"2026-07-09","PR-CR-01","Processing & Support Equipment","Good","Hydraulic accumulator","PR-ACC-450","0.1","Routine issue","false"
"2026-07-10","PR-CR-01","Processing & Support Equipment","Good","Hydraulic accumulator","PR-ACC-450","0.1","Routine issue","false"
"2026-07-11","PR-CR-01","Processing & Support Equipment","Good","Hydraulic accumulator","PR-ACC-450","0.1","Routine issue","false"
"2026-07-12","PR-CR-01","Processing & Support Equipment","Good","Hydraulic accumulator","PR-ACC-450","0.3","Maintenance spike","false"
"2026-07-13","PR-CR-01","Processing & Support Equipment","Good","Hydraulic accumulator","PR-ACC-450","0.1","Routine issue","false"
"2026-07-14","PR-CR-01","Processing & Support Equipment","Good","Hydraulic accumulator","PR-ACC-450","0.1","Routine issue","false"
"2026-07-15","PR-CR-01","Processing & Support Equipment","Good","Hydraulic accumulator","PR-ACC-450","0.1","Routine issue","false"
"2026-07-16","PR-CR-01","Processing & Support Equipment","Good","Hydraulic accumulator","PR-ACC-450","0.1","Routine issue","false"
"2026-07-17","PR-CR-01","Processing & Support Equipment","Good","Hydraulic accumulator","PR-ACC-450","0.1","Routine issue","false"
"2026-07-18","PR-CR-01","Processing & Support Equipment","Good","Hydraulic accumulator","PR-ACC-450","0.1","Routine issue","false"
"2026-07-19","PR-CR-01","Processing & Support Equipment","Good","Hydraulic accumulator","PR-ACC-450","0.1","Routine issue","false"
"2026-07-20","PR-CR-01","Processing & Support Equipment","Good","Hydraulic accumulator","PR-ACC-450","0.1","Routine issue","false"
"2026-07-21","PR-CR-01","Processing & Support Equipment","Good","Hydraulic accumulator","PR-ACC-450","0.1","Routine issue","false"
"2026-07-22","PR-CR-01","Processing & Support Equipment","Good","Hydraulic accumulator","PR-ACC-450","0.1","Routine issue","false"
"2026-07-23","PR-CR-01","Processing & Support Equipment","Good","Hydraulic accumulator","PR-ACC-450","0.3","Anomaly","true"
"2026-07-24","PR-CR-01","Processing & Support Equipment","Good","Hydraulic accumulator","PR-ACC-450","0.3","Anomaly","true"
"2026-07-25","PR-CR-01","Processing & Support Equipment","Good","Hydraulic accumulator","PR-ACC-450","0.1","Routine issue","false"
"2026-07-26","PR-CR-01","Processing & Support Equipment","Good","Hydraulic accumulator","PR-ACC-450","0.1","Routine issue","false"
"2026-07-27","PR-CR-01","Processing & Support Equipment","Good","Hydraulic accumulator","PR-ACC-450","0.1","Routine issue","false"
"2026-07-28","PR-CR-01","Processing & Support Equipment","Good","Hydraulic accumulator","PR-ACC-450","0.1","Routine issue","false"
"2026-07-29","PR-CR-01","Processing & Support Equipment","Good","Hydraulic accumulator","PR-ACC-450","0.1","Routine issue","false"
"2026-07-30","PR-CR-01","Processing & Support Equipment","Good","Hydraulic accumulator","PR-ACC-450","0.1","Routine issue","false"
"2026-07-31","PR-CR-01","Processing & Support Equipment","Good","Hydraulic accumulator","PR-ACC-450","0.1","Routine issue","false"
"2026-08-01","PR-CR-01","Processing & Support Equipment","Good","Hydraulic accumulator","PR-ACC-450","0.1","Routine issue","false"
"2026-08-02","PR-CR-01","Processing & Support Equipment","Good","Hydraulic accumulator","PR-ACC-450","0.1","Routine issue","false"
"2026-08-03","PR-CR-01","Processing & Support Equipment","Good","Hydraulic accumulator","PR-ACC-450","0.1","Routine issue","false"
"2026-08-04","PR-CR-01","Processing & Support Equipment","Good","Hydraulic accumulator","PR-ACC-450","0.1","Routine issue","false"
"2026-08-05","PR-CR-01","Processing & Support Equipment","Good","Hydraulic accumulator","PR-ACC-450","0.1","Routine issue","false"
"2026-08-06","PR-CR-01","Processing & Support Equipment","Good","Hydraulic accumulator","PR-ACC-450","0.1","Routine issue","false"
"2026-08-07","PR-CR-01","Processing & Support Equipment","Good","Hydraulic accumulator","PR-ACC-450","0.1","Routine issue","false"
"2026-08-08","PR-CR-01","Processing & Support Equipment","Good","Hydraulic accumulator","PR-ACC-450","0.1","Routine issue","false"
"2026-08-09","PR-CR-01","Processing & Support Equipment","Good","Hydraulic accumulator","PR-ACC-450","0.1","Routine issue","false"
"2026-08-10","PR-CR-01","Processing & Support Equipment","Good","Hydraulic accumulator","PR-ACC-450","0.1","Routine issue","false"
"2026-08-11","PR-CR-01","Processing & Support Equipment","Good","Hydraulic accumulator","PR-ACC-450","0.1","Routine issue","false"
"2026-08-12","PR-CR-01","Processing & Support Equipment","Good","Hydraulic accumulator","PR-ACC-450","0.1","Routine issue","false"
"2026-08-13","PR-CR-01","Processing & Support Equipment","Good","Hydraulic accumulator","PR-ACC-450","0.1","Routine issue","false"
"2026-08-14","PR-CR-01","Processing & Support Equipment","Good","Hydraulic accumulator","PR-ACC-450","0.1","Routine issue","false"
"2026-08-15","PR-CR-01","Processing & Support Equipment","Good","Hydraulic accumulator","PR-ACC-450","0.1","Routine issue","false"
"2026-08-16","PR-CR-01","Processing & Support Equipment","Good","Hydraulic accumulator","PR-ACC-450","0.1","Routine issue","false"
"2026-08-17","PR-CR-01","Processing & Support Equipment","Good","Hydraulic accumulator","PR-ACC-450","0.1","Routine issue","false"
"2026-08-18","PR-CR-01","Processing & Support Equipment","Good","Hydraulic accumulator","PR-ACC-450","0.3","Maintenance spike","false"
"2026-08-19","PR-CR-01","Processing & Support Equipment","Good","Hydraulic accumulator","PR-ACC-450","0.1","Routine issue","false"
"2026-08-20","PR-CR-01","Processing & Support Equipment","Good","Hydraulic accumulator","PR-ACC-450","0.1","Routine issue","false"
"2026-08-21","PR-CR-01","Processing & Support Equipment","Good","Hydraulic accumulator","PR-ACC-450","0.1","Routine issue","false"
"2026-08-22","PR-CR-01","Processing & Support Equipment","Good","Hydraulic accumulator","PR-ACC-450","0.1","Routine issue","false"
"2026-08-23","PR-CR-01","Processing & Support Equipment","Good","Hydraulic accumulator","PR-ACC-450","0.1","Routine issue","false"
"2026-08-24","PR-CR-01","Processing & Support Equipment","Good","Hydraulic accumulator","PR-ACC-450","0.1","Routine issue","false"
"2026-08-25","PR-CR-01","Processing & Support Equipment","Good","Hydraulic accumulator","PR-ACC-450","0.1","Routine issue","false"
"2026-08-26","PR-CR-01","Processing & Support Equipment","Good","Hydraulic accumulator","PR-ACC-450","0.1","Routine issue","false"
"2026-08-27","PR-CR-01","Processing & Support Equipment","Good","Hydraulic accumulator","PR-ACC-450","0.1","Routine issue","false"
"2026-08-28","PR-CR-01","Processing & Support Equipment","Good","Hydraulic accumulator","PR-ACC-450","0.1","Routine issue","false"
"2026-08-29","PR-CR-01","Processing & Support Equipment","Good","Hydraulic accumulator","PR-ACC-450","0.1","Routine issue","false"
"2026-08-30","PR-CR-01","Processing & Support Equipment","Good","Hydraulic accumulator","PR-ACC-450","0.1","Routine issue","false"
"2026-08-31","PR-CR-01","Processing & Support Equipment","Good","Hydraulic accumulator","PR-ACC-450","0.1","Routine issue","false"
"2026-09-01","PR-CR-01","Processing & Support Equipment","Good","Hydraulic accumulator","PR-ACC-450","0.1","Routine issue","false"
"2026-09-02","PR-CR-01","Processing & Support Equipment","Good","Hydraulic accumulator","PR-ACC-450","0.1","Routine issue","false"
"2026-09-03","PR-CR-01","Processing & Support Equipment","Good","Hydraulic accumulator","PR-ACC-450","0.1","Routine issue","false"
"2026-09-04","PR-CR-01","Processing & Support Equipment","Good","Hydraulic accumulator","PR-ACC-450","0.1","Routine issue","false"
"2026-09-05","PR-CR-01","Processing & Support Equipment","Good","Hydraulic accumulator","PR-ACC-450","0.1","Routine issue","false"
"2026-09-06","PR-CR-01","Processing & Support Equipment","Good","Hydraulic accumulator","PR-ACC-450","0.1","Routine issue","false"
"2026-09-07","PR-CR-01","Processing & Support Equipment","Good","Hydraulic accumulator","PR-ACC-450","0.1","Routine issue","false"
"2026-09-08","PR-CR-01","Processing & Support Equipment","Good","Hydraulic accumulator","PR-ACC-450","0.1","Routine issue","false"
"2026-09-09","PR-CR-01","Processing & Support Equipment","Good","Hydraulic accumulator","PR-ACC-450","0.1","Routine issue","false"
"2026-09-10","PR-CR-01","Processing & Support Equipment","Good","Hydraulic accumulator","PR-ACC-450","0.1","Routine issue","false"
"2026-09-11","PR-CR-01","Processing & Support Equipment","Good","Hydraulic accumulator","PR-ACC-450","0.1","Routine issue","false"
"2026-09-12","PR-CR-01","Processing & Support Equipment","Good","Hydraulic accumulator","PR-ACC-450","0.1","Routine issue","false"
"2026-09-13","PR-CR-01","Processing & Support Equipment","Good","Hydraulic accumulator","PR-ACC-450","0.1","Routine issue","false"
"2026-03-18","PR-GM-02","Processing & Support Equipment","Fair","Mill bearing pad","PR-BRG-SAG","0.1","Routine issue","false"
"2026-03-19","PR-GM-02","Processing & Support Equipment","Fair","Mill bearing pad","PR-BRG-SAG","0.1","Routine issue","false"
"2026-03-20","PR-GM-02","Processing & Support Equipment","Fair","Mill bearing pad","PR-BRG-SAG","0.1","Routine issue","false"
"2026-03-21","PR-GM-02","Processing & Support Equipment","Fair","Mill bearing pad","PR-BRG-SAG","0.1","Routine issue","false"
"2026-03-22","PR-GM-02","Processing & Support Equipment","Fair","Mill bearing pad","PR-BRG-SAG","0.1","Routine issue","false"
"2026-03-23","PR-GM-02","Processing & Support Equipment","Fair","Mill bearing pad","PR-BRG-SAG","0.1","Routine issue","false"
"2026-03-24","PR-GM-02","Processing & Support Equipment","Fair","Mill bearing pad","PR-BRG-SAG","0.3","Maintenance spike","false"
"2026-03-25","PR-GM-02","Processing & Support Equipment","Fair","Mill bearing pad","PR-BRG-SAG","0.1","Routine issue","false"
"2026-03-26","PR-GM-02","Processing & Support Equipment","Fair","Mill bearing pad","PR-BRG-SAG","0.1","Routine issue","false"
"2026-03-27","PR-GM-02","Processing & Support Equipment","Fair","Mill bearing pad","PR-BRG-SAG","0.1","Routine issue","false"
"2026-03-28","PR-GM-02","Processing & Support Equipment","Fair","Mill bearing pad","PR-BRG-SAG","0.1","Routine issue","false"
"2026-03-29","PR-GM-02","Processing & Support Equipment","Fair","Mill bearing pad","PR-BRG-SAG","0.1","Routine issue","false"
"2026-03-30","PR-GM-02","Processing & Support Equipment","Fair","Mill bearing pad","PR-BRG-SAG","0.1","Routine issue","false"
"2026-03-31","PR-GM-02","Processing & Support Equipment","Fair","Mill bearing pad","PR-BRG-SAG","0.1","Routine issue","false"
"2026-04-01","PR-GM-02","Processing & Support Equipment","Fair","Mill bearing pad","PR-BRG-SAG","0.1","Routine issue","false"
"2026-04-02","PR-GM-02","Processing & Support Equipment","Fair","Mill bearing pad","PR-BRG-SAG","0.1","Routine issue","false"
"2026-04-03","PR-GM-02","Processing & Support Equipment","Fair","Mill bearing pad","PR-BRG-SAG","0.3","Anomaly","true"
"2026-04-04","PR-GM-02","Processing & Support Equipment","Fair","Mill bearing pad","PR-BRG-SAG","0.1","Routine issue","false"
"2026-04-05","PR-GM-02","Processing & Support Equipment","Fair","Mill bearing pad","PR-BRG-SAG","0.1","Routine issue","false"
"2026-04-06","PR-GM-02","Processing & Support Equipment","Fair","Mill bearing pad","PR-BRG-SAG","0.1","Routine issue","false"
"2026-04-07","PR-GM-02","Processing & Support Equipment","Fair","Mill bearing pad","PR-BRG-SAG","0.1","Routine issue","false"
"2026-04-08","PR-GM-02","Processing & Support Equipment","Fair","Mill bearing pad","PR-BRG-SAG","0.1","Routine issue","false"
"2026-04-09","PR-GM-02","Processing & Support Equipment","Fair","Mill bearing pad","PR-BRG-SAG","0.1","Routine issue","false"
"2026-04-10","PR-GM-02","Processing & Support Equipment","Fair","Mill bearing pad","PR-BRG-SAG","0.1","Routine issue","false"
"2026-04-11","PR-GM-02","Processing & Support Equipment","Fair","Mill bearing pad","PR-BRG-SAG","0.1","Routine issue","false"
"2026-04-12","PR-GM-02","Processing & Support Equipment","Fair","Mill bearing pad","PR-BRG-SAG","0.1","Routine issue","false"
"2026-04-13","PR-GM-02","Processing & Support Equipment","Fair","Mill bearing pad","PR-BRG-SAG","0.1","Routine issue","false"
"2026-04-14","PR-GM-02","Processing & Support Equipment","Fair","Mill bearing pad","PR-BRG-SAG","0.1","Routine issue","false"
"2026-04-15","PR-GM-02","Processing & Support Equipment","Fair","Mill bearing pad","PR-BRG-SAG","0.1","Routine issue","false"
"2026-04-16","PR-GM-02","Processing & Support Equipment","Fair","Mill bearing pad","PR-BRG-SAG","0.1","Routine issue","false"
"2026-04-17","PR-GM-02","Processing & Support Equipment","Fair","Mill bearing pad","PR-BRG-SAG","0.1","Routine issue","false"
"2026-04-18","PR-GM-02","Processing & Support Equipment","Fair","Mill bearing pad","PR-BRG-SAG","0.1","Routine issue","false"
"2026-04-19","PR-GM-02","Processing & Support Equipment","Fair","Mill bearing pad","PR-BRG-SAG","0.1","Routine issue","false"
"2026-04-20","PR-GM-02","Processing & Support Equipment","Fair","Mill bearing pad","PR-BRG-SAG","0.1","Routine issue","false"
"2026-04-21","PR-GM-02","Processing & Support Equipment","Fair","Mill bearing pad","PR-BRG-SAG","0.1","Routine issue","false"
"2026-04-22","PR-GM-02","Processing & Support Equipment","Fair","Mill bearing pad","PR-BRG-SAG","0.1","Routine issue","false"
"2026-04-23","PR-GM-02","Processing & Support Equipment","Fair","Mill bearing pad","PR-BRG-SAG","0.1","Routine issue","false"
"2026-04-24","PR-GM-02","Processing & Support Equipment","Fair","Mill bearing pad","PR-BRG-SAG","0.1","Routine issue","false"
"2026-04-25","PR-GM-02","Processing & Support Equipment","Fair","Mill bearing pad","PR-BRG-SAG","0.1","Routine issue","false"
"2026-04-26","PR-GM-02","Processing & Support Equipment","Fair","Mill bearing pad","PR-BRG-SAG","0.1","Routine issue","false"
"2026-04-27","PR-GM-02","Processing & Support Equipment","Fair","Mill bearing pad","PR-BRG-SAG","0.3","Anomaly","true"
"2026-04-28","PR-GM-02","Processing & Support Equipment","Fair","Mill bearing pad","PR-BRG-SAG","0.1","Routine issue","false"
"2026-04-29","PR-GM-02","Processing & Support Equipment","Fair","Mill bearing pad","PR-BRG-SAG","0.1","Routine issue","false"
"2026-04-30","PR-GM-02","Processing & Support Equipment","Fair","Mill bearing pad","PR-BRG-SAG","0.3","Maintenance spike","false"
"2026-05-01","PR-GM-02","Processing & Support Equipment","Fair","Mill bearing pad","PR-BRG-SAG","0.1","Routine issue","false"
"2026-05-02","PR-GM-02","Processing & Support Equipment","Fair","Mill bearing pad","PR-BRG-SAG","0.1","Routine issue","false"
"2026-05-03","PR-GM-02","Processing & Support Equipment","Fair","Mill bearing pad","PR-BRG-SAG","0.1","Routine issue","false"
"2026-05-04","PR-GM-02","Processing & Support Equipment","Fair","Mill bearing pad","PR-BRG-SAG","0.1","Routine issue","false"
"2026-05-05","PR-GM-02","Processing & Support Equipment","Fair","Mill bearing pad","PR-BRG-SAG","0.1","Routine issue","false"
"2026-05-06","PR-GM-02","Processing & Support Equipment","Fair","Mill bearing pad","PR-BRG-SAG","0.1","Routine issue","false"
"2026-05-07","PR-GM-02","Processing & Support Equipment","Fair","Mill bearing pad","PR-BRG-SAG","0.1","Routine issue","false"
"2026-05-08","PR-GM-02","Processing & Support Equipment","Fair","Mill bearing pad","PR-BRG-SAG","0.1","Routine issue","false"
"2026-05-09","PR-GM-02","Processing & Support Equipment","Fair","Mill bearing pad","PR-BRG-SAG","0.1","Routine issue","false"
"2026-05-10","PR-GM-02","Processing & Support Equipment","Fair","Mill bearing pad","PR-BRG-SAG","0.1","Routine issue","false"
"2026-05-11","PR-GM-02","Processing & Support Equipment","Fair","Mill bearing pad","PR-BRG-SAG","0.1","Routine issue","false"
"2026-05-12","PR-GM-02","Processing & Support Equipment","Fair","Mill bearing pad","PR-BRG-SAG","0.1","Routine issue","false"
"2026-05-13","PR-GM-02","Processing & Support Equipment","Fair","Mill bearing pad","PR-BRG-SAG","0.1","Routine issue","false"
"2026-05-14","PR-GM-02","Processing & Support Equipment","Fair","Mill bearing pad","PR-BRG-SAG","0.1","Routine issue","false"
"2026-05-15","PR-GM-02","Processing & Support Equipment","Fair","Mill bearing pad","PR-BRG-SAG","0.1","Routine issue","false"
"2026-05-16","PR-GM-02","Processing & Support Equipment","Fair","Mill bearing pad","PR-BRG-SAG","0.1","Routine issue","false"
"2026-05-17","PR-GM-02","Processing & Support Equipment","Fair","Mill bearing pad","PR-BRG-SAG","0.1","Routine issue","false"
"2026-05-18","PR-GM-02","Processing & Support Equipment","Fair","Mill bearing pad","PR-BRG-SAG","0.1","Routine issue","false"
"2026-05-19","PR-GM-02","Processing & Support Equipment","Fair","Mill bearing pad","PR-BRG-SAG","0.1","Routine issue","false"
"2026-05-20","PR-GM-02","Processing & Support Equipment","Fair","Mill bearing pad","PR-BRG-SAG","0.1","Routine issue","false"
"2026-05-21","PR-GM-02","Processing & Support Equipment","Fair","Mill bearing pad","PR-BRG-SAG","0.1","Routine issue","false"
"2026-05-22","PR-GM-02","Processing & Support Equipment","Fair","Mill bearing pad","PR-BRG-SAG","0.1","Routine issue","false"
"2026-05-23","PR-GM-02","Processing & Support Equipment","Fair","Mill bearing pad","PR-BRG-SAG","0.1","Routine issue","false"
"2026-05-24","PR-GM-02","Processing & Support Equipment","Fair","Mill bearing pad","PR-BRG-SAG","0.1","Routine issue","false"
"2026-05-25","PR-GM-02","Processing & Support Equipment","Fair","Mill bearing pad","PR-BRG-SAG","0.1","Routine issue","false"
"2026-05-26","PR-GM-02","Processing & Support Equipment","Fair","Mill bearing pad","PR-BRG-SAG","0.1","Routine issue","false"
"2026-05-27","PR-GM-02","Processing & Support Equipment","Fair","Mill bearing pad","PR-BRG-SAG","0.1","Routine issue","false"
"2026-05-28","PR-GM-02","Processing & Support Equipment","Fair","Mill bearing pad","PR-BRG-SAG","0.1","Routine issue","false"
"2026-05-29","PR-GM-02","Processing & Support Equipment","Fair","Mill bearing pad","PR-BRG-SAG","0.1","Routine issue","false"
"2026-05-30","PR-GM-02","Processing & Support Equipment","Fair","Mill bearing pad","PR-BRG-SAG","0.1","Routine issue","false"
"2026-05-31","PR-GM-02","Processing & Support Equipment","Fair","Mill bearing pad","PR-BRG-SAG","0.1","Routine issue","false"
"2026-06-01","PR-GM-02","Processing & Support Equipment","Fair","Mill bearing pad","PR-BRG-SAG","0.1","Routine issue","false"
"2026-06-02","PR-GM-02","Processing & Support Equipment","Fair","Mill bearing pad","PR-BRG-SAG","0.1","Routine issue","false"
"2026-06-03","PR-GM-02","Processing & Support Equipment","Fair","Mill bearing pad","PR-BRG-SAG","0.1","Routine issue","false"
"2026-06-04","PR-GM-02","Processing & Support Equipment","Fair","Mill bearing pad","PR-BRG-SAG","0.1","Routine issue","false"
"2026-06-05","PR-GM-02","Processing & Support Equipment","Fair","Mill bearing pad","PR-BRG-SAG","0.1","Routine issue","false"
"2026-06-06","PR-GM-02","Processing & Support Equipment","Fair","Mill bearing pad","PR-BRG-SAG","0.2","Maintenance spike","false"
"2026-06-07","PR-GM-02","Processing & Support Equipment","Fair","Mill bearing pad","PR-BRG-SAG","0.1","Routine issue","false"
"2026-06-08","PR-GM-02","Processing & Support Equipment","Fair","Mill bearing pad","PR-BRG-SAG","0.1","Routine issue","false"
"2026-06-09","PR-GM-02","Processing & Support Equipment","Fair","Mill bearing pad","PR-BRG-SAG","0.1","Routine issue","false"
"2026-06-10","PR-GM-02","Processing & Support Equipment","Fair","Mill bearing pad","PR-BRG-SAG","0.1","Routine issue","false"
"2026-06-11","PR-GM-02","Processing & Support Equipment","Fair","Mill bearing pad","PR-BRG-SAG","0.1","Routine issue","false"
"2026-06-12","PR-GM-02","Processing & Support Equipment","Fair","Mill bearing pad","PR-BRG-SAG","0.1","Routine issue","false"
"2026-06-13","PR-GM-02","Processing & Support Equipment","Fair","Mill bearing pad","PR-BRG-SAG","0.1","Routine issue","false"
"2026-06-14","PR-GM-02","Processing & Support Equipment","Fair","Mill bearing pad","PR-BRG-SAG","0.1","Routine issue","false"
"2026-06-15","PR-GM-02","Processing & Support Equipment","Fair","Mill bearing pad","PR-BRG-SAG","0.1","Routine issue","false"
"2026-06-16","PR-GM-02","Processing & Support Equipment","Fair","Mill bearing pad","PR-BRG-SAG","0.1","Routine issue","false"
"2026-06-17","PR-GM-02","Processing & Support Equipment","Fair","Mill bearing pad","PR-BRG-SAG","0.1","Routine issue","false"
"2026-06-18","PR-GM-02","Processing & Support Equipment","Fair","Mill bearing pad","PR-BRG-SAG","0.1","Routine issue","false"
"2026-06-19","PR-GM-02","Processing & Support Equipment","Fair","Mill bearing pad","PR-BRG-SAG","0.1","Routine issue","false"
"2026-06-20","PR-GM-02","Processing & Support Equipment","Fair","Mill bearing pad","PR-BRG-SAG","0.1","Routine issue","false"
"2026-06-21","PR-GM-02","Processing & Support Equipment","Fair","Mill bearing pad","PR-BRG-SAG","0.1","Routine issue","false"
"2026-06-22","PR-GM-02","Processing & Support Equipment","Fair","Mill bearing pad","PR-BRG-SAG","0.1","Routine issue","false"
"2026-06-23","PR-GM-02","Processing & Support Equipment","Fair","Mill bearing pad","PR-BRG-SAG","0.1","Routine issue","false"
"2026-06-24","PR-GM-02","Processing & Support Equipment","Fair","Mill bearing pad","PR-BRG-SAG","0.1","Routine issue","false"
"2026-06-25","PR-GM-02","Processing & Support Equipment","Fair","Mill bearing pad","PR-BRG-SAG","0.1","Routine issue","false"
"2026-06-26","PR-GM-02","Processing & Support Equipment","Fair","Mill bearing pad","PR-BRG-SAG","0.1","Routine issue","false"
"2026-06-27","PR-GM-02","Processing & Support Equipment","Fair","Mill bearing pad","PR-BRG-SAG","0.1","Routine issue","false"
"2026-06-28","PR-GM-02","Processing & Support Equipment","Fair","Mill bearing pad","PR-BRG-SAG","0.1","Routine issue","false"
"2026-06-29","PR-GM-02","Processing & Support Equipment","Fair","Mill bearing pad","PR-BRG-SAG","0.1","Routine issue","false"
"2026-06-30","PR-GM-02","Processing & Support Equipment","Fair","Mill bearing pad","PR-BRG-SAG","0.1","Routine issue","false"
"2026-07-01","PR-GM-02","Processing & Support Equipment","Fair","Mill bearing pad","PR-BRG-SAG","0.1","Routine issue","false"
"2026-07-02","PR-GM-02","Processing & Support Equipment","Fair","Mill bearing pad","PR-BRG-SAG","0.1","Routine issue","false"
"2026-07-03","PR-GM-02","Processing & Support Equipment","Fair","Mill bearing pad","PR-BRG-SAG","0.1","Routine issue","false"
"2026-07-04","PR-GM-02","Processing & Support Equipment","Fair","Mill bearing pad","PR-BRG-SAG","0.1","Routine issue","false"
"2026-07-05","PR-GM-02","Processing & Support Equipment","Fair","Mill bearing pad","PR-BRG-SAG","0.1","Routine issue","false"
"2026-07-06","PR-GM-02","Processing & Support Equipment","Fair","Mill bearing pad","PR-BRG-SAG","0.1","Routine issue","false"
"2026-07-07","PR-GM-02","Processing & Support Equipment","Fair","Mill bearing pad","PR-BRG-SAG","0.1","Routine issue","false"
"2026-07-08","PR-GM-02","Processing & Support Equipment","Fair","Mill bearing pad","PR-BRG-SAG","0.1","Routine issue","false"
"2026-07-09","PR-GM-02","Processing & Support Equipment","Fair","Mill bearing pad","PR-BRG-SAG","0.1","Routine issue","false"
"2026-07-10","PR-GM-02","Processing & Support Equipment","Fair","Mill bearing pad","PR-BRG-SAG","0.1","Routine issue","false"
"2026-07-11","PR-GM-02","Processing & Support Equipment","Fair","Mill bearing pad","PR-BRG-SAG","0.1","Routine issue","false"
"2026-07-12","PR-GM-02","Processing & Support Equipment","Fair","Mill bearing pad","PR-BRG-SAG","0.1","Routine issue","false"
"2026-07-13","PR-GM-02","Processing & Support Equipment","Fair","Mill bearing pad","PR-BRG-SAG","0.2","Maintenance spike","false"
"2026-07-14","PR-GM-02","Processing & Support Equipment","Fair","Mill bearing pad","PR-BRG-SAG","0.1","Routine issue","false"
"2026-07-15","PR-GM-02","Processing & Support Equipment","Fair","Mill bearing pad","PR-BRG-SAG","0.1","Routine issue","false"
"2026-07-16","PR-GM-02","Processing & Support Equipment","Fair","Mill bearing pad","PR-BRG-SAG","0.1","Routine issue","false"
"2026-07-17","PR-GM-02","Processing & Support Equipment","Fair","Mill bearing pad","PR-BRG-SAG","0.1","Routine issue","false"
"2026-07-18","PR-GM-02","Processing & Support Equipment","Fair","Mill bearing pad","PR-BRG-SAG","0.1","Routine issue","false"
"2026-07-19","PR-GM-02","Processing & Support Equipment","Fair","Mill bearing pad","PR-BRG-SAG","0.1","Routine issue","false"
"2026-07-20","PR-GM-02","Processing & Support Equipment","Fair","Mill bearing pad","PR-BRG-SAG","0.1","Routine issue","false"
"2026-07-21","PR-GM-02","Processing & Support Equipment","Fair","Mill bearing pad","PR-BRG-SAG","0.1","Routine issue","false"
"2026-07-22","PR-GM-02","Processing & Support Equipment","Fair","Mill bearing pad","PR-BRG-SAG","0.1","Routine issue","false"
"2026-07-23","PR-GM-02","Processing & Support Equipment","Fair","Mill bearing pad","PR-BRG-SAG","0.1","Routine issue","false"
"2026-07-24","PR-GM-02","Processing & Support Equipment","Fair","Mill bearing pad","PR-BRG-SAG","0.1","Routine issue","false"
"2026-07-25","PR-GM-02","Processing & Support Equipment","Fair","Mill bearing pad","PR-BRG-SAG","0.1","Routine issue","false"
"2026-07-26","PR-GM-02","Processing & Support Equipment","Fair","Mill bearing pad","PR-BRG-SAG","0.1","Routine issue","false"
"2026-07-27","PR-GM-02","Processing & Support Equipment","Fair","Mill bearing pad","PR-BRG-SAG","0.1","Routine issue","false"
"2026-07-28","PR-GM-02","Processing & Support Equipment","Fair","Mill bearing pad","PR-BRG-SAG","0.1","Routine issue","false"
"2026-07-29","PR-GM-02","Processing & Support Equipment","Fair","Mill bearing pad","PR-BRG-SAG","0.1","Routine issue","false"
"2026-07-30","PR-GM-02","Processing & Support Equipment","Fair","Mill bearing pad","PR-BRG-SAG","0.1","Routine issue","false"
"2026-07-31","PR-GM-02","Processing & Support Equipment","Fair","Mill bearing pad","PR-BRG-SAG","0.1","Routine issue","false"
"2026-08-01","PR-GM-02","Processing & Support Equipment","Fair","Mill bearing pad","PR-BRG-SAG","0.1","Routine issue","false"
"2026-08-02","PR-GM-02","Processing & Support Equipment","Fair","Mill bearing pad","PR-BRG-SAG","0.1","Routine issue","false"
"2026-08-03","PR-GM-02","Processing & Support Equipment","Fair","Mill bearing pad","PR-BRG-SAG","0.1","Routine issue","false"
"2026-08-04","PR-GM-02","Processing & Support Equipment","Fair","Mill bearing pad","PR-BRG-SAG","0.1","Routine issue","false"
"2026-08-05","PR-GM-02","Processing & Support Equipment","Fair","Mill bearing pad","PR-BRG-SAG","0.1","Routine issue","false"
"2026-08-06","PR-GM-02","Processing & Support Equipment","Fair","Mill bearing pad","PR-BRG-SAG","0.1","Routine issue","false"
"2026-08-07","PR-GM-02","Processing & Support Equipment","Fair","Mill bearing pad","PR-BRG-SAG","0.1","Routine issue","false"
"2026-08-08","PR-GM-02","Processing & Support Equipment","Fair","Mill bearing pad","PR-BRG-SAG","0.1","Routine issue","false"
"2026-08-09","PR-GM-02","Processing & Support Equipment","Fair","Mill bearing pad","PR-BRG-SAG","0.1","Routine issue","false"
"2026-08-10","PR-GM-02","Processing & Support Equipment","Fair","Mill bearing pad","PR-BRG-SAG","0.1","Routine issue","false"
"2026-08-11","PR-GM-02","Processing & Support Equipment","Fair","Mill bearing pad","PR-BRG-SAG","0.1","Routine issue","false"
"2026-08-12","PR-GM-02","Processing & Support Equipment","Fair","Mill bearing pad","PR-BRG-SAG","0.1","Routine issue","false"
"2026-08-13","PR-GM-02","Processing & Support Equipment","Fair","Mill bearing pad","PR-BRG-SAG","0.1","Routine issue","false"
"2026-08-14","PR-GM-02","Processing & Support Equipment","Fair","Mill bearing pad","PR-BRG-SAG","0.1","Routine issue","false"
"2026-08-15","PR-GM-02","Processing & Support Equipment","Fair","Mill bearing pad","PR-BRG-SAG","0.1","Routine issue","false"
"2026-08-16","PR-GM-02","Processing & Support Equipment","Fair","Mill bearing pad","PR-BRG-SAG","0.1","Routine issue","false"
"2026-08-17","PR-GM-02","Processing & Support Equipment","Fair","Mill bearing pad","PR-BRG-SAG","0.1","Routine issue","false"
"2026-08-18","PR-GM-02","Processing & Support Equipment","Fair","Mill bearing pad","PR-BRG-SAG","0.1","Routine issue","false"
"2026-08-19","PR-GM-02","Processing & Support Equipment","Fair","Mill bearing pad","PR-BRG-SAG","0.3","Maintenance spike","false"
"2026-08-20","PR-GM-02","Processing & Support Equipment","Fair","Mill bearing pad","PR-BRG-SAG","0.1","Routine issue","false"
"2026-08-21","PR-GM-02","Processing & Support Equipment","Fair","Mill bearing pad","PR-BRG-SAG","0.1","Routine issue","false"
"2026-08-22","PR-GM-02","Processing & Support Equipment","Fair","Mill bearing pad","PR-BRG-SAG","0.1","Routine issue","false"
"2026-08-23","PR-GM-02","Processing & Support Equipment","Fair","Mill bearing pad","PR-BRG-SAG","0.1","Routine issue","false"
"2026-08-24","PR-GM-02","Processing & Support Equipment","Fair","Mill bearing pad","PR-BRG-SAG","0.1","Routine issue","false"
"2026-08-25","PR-GM-02","Processing & Support Equipment","Fair","Mill bearing pad","PR-BRG-SAG","0.1","Routine issue","false"
"2026-08-26","PR-GM-02","Processing & Support Equipment","Fair","Mill bearing pad","PR-BRG-SAG","0.1","Routine issue","false"
"2026-08-27","PR-GM-02","Processing & Support Equipment","Fair","Mill bearing pad","PR-BRG-SAG","0.1","Routine issue","false"
"2026-08-28","PR-GM-02","Processing & Support Equipment","Fair","Mill bearing pad","PR-BRG-SAG","0.1","Routine issue","false"
"2026-08-29","PR-GM-02","Processing & Support Equipment","Fair","Mill bearing pad","PR-BRG-SAG","0.1","Routine issue","false"
"2026-08-30","PR-GM-02","Processing & Support Equipment","Fair","Mill bearing pad","PR-BRG-SAG","0.1","Routine issue","false"
"2026-08-31","PR-GM-02","Processing & Support Equipment","Fair","Mill bearing pad","PR-BRG-SAG","0.1","Routine issue","false"
"2026-09-01","PR-GM-02","Processing & Support Equipment","Fair","Mill bearing pad","PR-BRG-SAG","0.1","Routine issue","false"
"2026-09-02","PR-GM-02","Processing & Support Equipment","Fair","Mill bearing pad","PR-BRG-SAG","0.1","Routine issue","false"
"2026-09-03","PR-GM-02","Processing & Support Equipment","Fair","Mill bearing pad","PR-BRG-SAG","0.1","Routine issue","false"
"2026-09-04","PR-GM-02","Processing & Support Equipment","Fair","Mill bearing pad","PR-BRG-SAG","0.1","Routine issue","false"
"2026-09-05","PR-GM-02","Processing & Support Equipment","Fair","Mill bearing pad","PR-BRG-SAG","0.1","Routine issue","false"
"2026-09-06","PR-GM-02","Processing & Support Equipment","Fair","Mill bearing pad","PR-BRG-SAG","0.1","Routine issue","false"
"2026-09-07","PR-GM-02","Processing & Support Equipment","Fair","Mill bearing pad","PR-BRG-SAG","0.1","Routine issue","false"
"2026-09-08","PR-GM-02","Processing & Support Equipment","Fair","Mill bearing pad","PR-BRG-SAG","0.1","Routine issue","false"
"2026-09-09","PR-GM-02","Processing & Support Equipment","Fair","Mill bearing pad","PR-BRG-SAG","0.1","Routine issue","false"
"2026-09-10","PR-GM-02","Processing & Support Equipment","Fair","Mill bearing pad","PR-BRG-SAG","0.1","Routine issue","false"
"2026-09-11","PR-GM-02","Processing & Support Equipment","Fair","Mill bearing pad","PR-BRG-SAG","0.1","Routine issue","false"
"2026-09-12","PR-GM-02","Processing & Support Equipment","Fair","Mill bearing pad","PR-BRG-SAG","0.1","Routine issue","false"
"2026-09-13","PR-GM-02","Processing & Support Equipment","Fair","Mill bearing pad","PR-BRG-SAG","0.1","Routine issue","false"
"2026-03-18","PR-CV-07","Processing & Support Equipment","Good","Idler roller set","PR-IDL-240","0.2","Routine issue","false"
"2026-03-19","PR-CV-07","Processing & Support Equipment","Good","Idler roller set","PR-IDL-240","0.2","Routine issue","false"
"2026-03-20","PR-CV-07","Processing & Support Equipment","Good","Idler roller set","PR-IDL-240","0.2","Routine issue","false"
"2026-03-21","PR-CV-07","Processing & Support Equipment","Good","Idler roller set","PR-IDL-240","0.2","Routine issue","false"
"2026-03-22","PR-CV-07","Processing & Support Equipment","Good","Idler roller set","PR-IDL-240","0.2","Routine issue","false"
"2026-03-23","PR-CV-07","Processing & Support Equipment","Good","Idler roller set","PR-IDL-240","0.2","Routine issue","false"
"2026-03-24","PR-CV-07","Processing & Support Equipment","Good","Idler roller set","PR-IDL-240","0.2","Routine issue","false"
"2026-03-25","PR-CV-07","Processing & Support Equipment","Good","Idler roller set","PR-IDL-240","0.2","Routine issue","false"
"2026-03-26","PR-CV-07","Processing & Support Equipment","Good","Idler roller set","PR-IDL-240","0.2","Routine issue","false"
"2026-03-27","PR-CV-07","Processing & Support Equipment","Good","Idler roller set","PR-IDL-240","0.2","Routine issue","false"
"2026-03-28","PR-CV-07","Processing & Support Equipment","Good","Idler roller set","PR-IDL-240","0.2","Routine issue","false"
"2026-03-29","PR-CV-07","Processing & Support Equipment","Good","Idler roller set","PR-IDL-240","0.2","Routine issue","false"
"2026-03-30","PR-CV-07","Processing & Support Equipment","Good","Idler roller set","PR-IDL-240","0.2","Routine issue","false"
"2026-03-31","PR-CV-07","Processing & Support Equipment","Good","Idler roller set","PR-IDL-240","0.2","Routine issue","false"
"2026-04-01","PR-CV-07","Processing & Support Equipment","Good","Idler roller set","PR-IDL-240","0.2","Routine issue","false"
"2026-04-02","PR-CV-07","Processing & Support Equipment","Good","Idler roller set","PR-IDL-240","0.2","Routine issue","false"
"2026-04-03","PR-CV-07","Processing & Support Equipment","Good","Idler roller set","PR-IDL-240","0.2","Routine issue","false"
"2026-04-04","PR-CV-07","Processing & Support Equipment","Good","Idler roller set","PR-IDL-240","0.2","Routine issue","false"
"2026-04-05","PR-CV-07","Processing & Support Equipment","Good","Idler roller set","PR-IDL-240","0.2","Routine issue","false"
"2026-04-06","PR-CV-07","Processing & Support Equipment","Good","Idler roller set","PR-IDL-240","0.2","Routine issue","false"
"2026-04-07","PR-CV-07","Processing & Support Equipment","Good","Idler roller set","PR-IDL-240","0.2","Routine issue","false"
"2026-04-08","PR-CV-07","Processing & Support Equipment","Good","Idler roller set","PR-IDL-240","0.2","Routine issue","false"
"2026-04-09","PR-CV-07","Processing & Support Equipment","Good","Idler roller set","PR-IDL-240","0.2","Routine issue","false"
"2026-04-10","PR-CV-07","Processing & Support Equipment","Good","Idler roller set","PR-IDL-240","0.2","Routine issue","false"
"2026-04-11","PR-CV-07","Processing & Support Equipment","Good","Idler roller set","PR-IDL-240","0.2","Routine issue","false"
"2026-04-12","PR-CV-07","Processing & Support Equipment","Good","Idler roller set","PR-IDL-240","0.3","Routine issue","false"
"2026-04-13","PR-CV-07","Processing & Support Equipment","Good","Idler roller set","PR-IDL-240","0.2","Routine issue","false"
"2026-04-14","PR-CV-07","Processing & Support Equipment","Good","Idler roller set","PR-IDL-240","0.2","Routine issue","false"
"2026-04-15","PR-CV-07","Processing & Support Equipment","Good","Idler roller set","PR-IDL-240","0.2","Routine issue","false"
"2026-04-16","PR-CV-07","Processing & Support Equipment","Good","Idler roller set","PR-IDL-240","0.2","Routine issue","false"
"2026-04-17","PR-CV-07","Processing & Support Equipment","Good","Idler roller set","PR-IDL-240","0.2","Routine issue","false"
"2026-04-18","PR-CV-07","Processing & Support Equipment","Good","Idler roller set","PR-IDL-240","0.2","Routine issue","false"
"2026-04-19","PR-CV-07","Processing & Support Equipment","Good","Idler roller set","PR-IDL-240","0.2","Routine issue","false"
"2026-04-20","PR-CV-07","Processing & Support Equipment","Good","Idler roller set","PR-IDL-240","0.2","Routine issue","false"
"2026-04-21","PR-CV-07","Processing & Support Equipment","Good","Idler roller set","PR-IDL-240","0.2","Routine issue","false"
"2026-04-22","PR-CV-07","Processing & Support Equipment","Good","Idler roller set","PR-IDL-240","0.8","Anomaly","true"
"2026-04-23","PR-CV-07","Processing & Support Equipment","Good","Idler roller set","PR-IDL-240","0.2","Routine issue","false"
"2026-04-24","PR-CV-07","Processing & Support Equipment","Good","Idler roller set","PR-IDL-240","0.7","Maintenance spike","false"
"2026-04-25","PR-CV-07","Processing & Support Equipment","Good","Idler roller set","PR-IDL-240","0.2","Routine issue","false"
"2026-04-26","PR-CV-07","Processing & Support Equipment","Good","Idler roller set","PR-IDL-240","0.2","Routine issue","false"
"2026-04-27","PR-CV-07","Processing & Support Equipment","Good","Idler roller set","PR-IDL-240","0.2","Routine issue","false"
"2026-04-28","PR-CV-07","Processing & Support Equipment","Good","Idler roller set","PR-IDL-240","0.2","Routine issue","false"
"2026-04-29","PR-CV-07","Processing & Support Equipment","Good","Idler roller set","PR-IDL-240","0.2","Routine issue","false"
"2026-04-30","PR-CV-07","Processing & Support Equipment","Good","Idler roller set","PR-IDL-240","0.2","Routine issue","false"
"2026-05-01","PR-CV-07","Processing & Support Equipment","Good","Idler roller set","PR-IDL-240","0.2","Routine issue","false"
"2026-05-02","PR-CV-07","Processing & Support Equipment","Good","Idler roller set","PR-IDL-240","0.2","Routine issue","false"
"2026-05-03","PR-CV-07","Processing & Support Equipment","Good","Idler roller set","PR-IDL-240","0.2","Routine issue","false"
"2026-05-04","PR-CV-07","Processing & Support Equipment","Good","Idler roller set","PR-IDL-240","0.2","Routine issue","false"
"2026-05-05","PR-CV-07","Processing & Support Equipment","Good","Idler roller set","PR-IDL-240","0.2","Routine issue","false"
"2026-05-06","PR-CV-07","Processing & Support Equipment","Good","Idler roller set","PR-IDL-240","0.2","Routine issue","false"
"2026-05-07","PR-CV-07","Processing & Support Equipment","Good","Idler roller set","PR-IDL-240","0.2","Routine issue","false"
"2026-05-08","PR-CV-07","Processing & Support Equipment","Good","Idler roller set","PR-IDL-240","0.2","Routine issue","false"
"2026-05-09","PR-CV-07","Processing & Support Equipment","Good","Idler roller set","PR-IDL-240","0.2","Routine issue","false"
"2026-05-10","PR-CV-07","Processing & Support Equipment","Good","Idler roller set","PR-IDL-240","0.2","Routine issue","false"
"2026-05-11","PR-CV-07","Processing & Support Equipment","Good","Idler roller set","PR-IDL-240","0.3","Routine issue","false"
"2026-05-12","PR-CV-07","Processing & Support Equipment","Good","Idler roller set","PR-IDL-240","0.2","Routine issue","false"
"2026-05-13","PR-CV-07","Processing & Support Equipment","Good","Idler roller set","PR-IDL-240","0.2","Routine issue","false"
"2026-05-14","PR-CV-07","Processing & Support Equipment","Good","Idler roller set","PR-IDL-240","0.2","Routine issue","false"
"2026-05-15","PR-CV-07","Processing & Support Equipment","Good","Idler roller set","PR-IDL-240","0.3","Routine issue","false"
"2026-05-16","PR-CV-07","Processing & Support Equipment","Good","Idler roller set","PR-IDL-240","0.2","Routine issue","false"
"2026-05-17","PR-CV-07","Processing & Support Equipment","Good","Idler roller set","PR-IDL-240","0.2","Routine issue","false"
"2026-05-18","PR-CV-07","Processing & Support Equipment","Good","Idler roller set","PR-IDL-240","0.2","Routine issue","false"
"2026-05-19","PR-CV-07","Processing & Support Equipment","Good","Idler roller set","PR-IDL-240","0.2","Routine issue","false"
"2026-05-20","PR-CV-07","Processing & Support Equipment","Good","Idler roller set","PR-IDL-240","0.2","Routine issue","false"
"2026-05-21","PR-CV-07","Processing & Support Equipment","Good","Idler roller set","PR-IDL-240","0.2","Routine issue","false"
"2026-05-22","PR-CV-07","Processing & Support Equipment","Good","Idler roller set","PR-IDL-240","0.2","Routine issue","false"
"2026-05-23","PR-CV-07","Processing & Support Equipment","Good","Idler roller set","PR-IDL-240","0.2","Routine issue","false"
"2026-05-24","PR-CV-07","Processing & Support Equipment","Good","Idler roller set","PR-IDL-240","0.2","Routine issue","false"
"2026-05-25","PR-CV-07","Processing & Support Equipment","Good","Idler roller set","PR-IDL-240","0.2","Routine issue","false"
"2026-05-26","PR-CV-07","Processing & Support Equipment","Good","Idler roller set","PR-IDL-240","0.2","Routine issue","false"
"2026-05-27","PR-CV-07","Processing & Support Equipment","Good","Idler roller set","PR-IDL-240","0.2","Routine issue","false"
"2026-05-28","PR-CV-07","Processing & Support Equipment","Good","Idler roller set","PR-IDL-240","0.2","Routine issue","false"
"2026-05-29","PR-CV-07","Processing & Support Equipment","Good","Idler roller set","PR-IDL-240","0.2","Routine issue","false"
"2026-05-30","PR-CV-07","Processing & Support Equipment","Good","Idler roller set","PR-IDL-240","0.2","Routine issue","false"
"2026-05-31","PR-CV-07","Processing & Support Equipment","Good","Idler roller set","PR-IDL-240","0.7","Maintenance spike","false"
"2026-06-01","PR-CV-07","Processing & Support Equipment","Good","Idler roller set","PR-IDL-240","0.2","Routine issue","false"
"2026-06-02","PR-CV-07","Processing & Support Equipment","Good","Idler roller set","PR-IDL-240","0.2","Routine issue","false"
"2026-06-03","PR-CV-07","Processing & Support Equipment","Good","Idler roller set","PR-IDL-240","0.2","Routine issue","false"
"2026-06-04","PR-CV-07","Processing & Support Equipment","Good","Idler roller set","PR-IDL-240","0.2","Routine issue","false"
"2026-06-05","PR-CV-07","Processing & Support Equipment","Good","Idler roller set","PR-IDL-240","0.2","Routine issue","false"
"2026-06-06","PR-CV-07","Processing & Support Equipment","Good","Idler roller set","PR-IDL-240","0.2","Routine issue","false"
"2026-06-07","PR-CV-07","Processing & Support Equipment","Good","Idler roller set","PR-IDL-240","0.2","Routine issue","false"
"2026-06-08","PR-CV-07","Processing & Support Equipment","Good","Idler roller set","PR-IDL-240","0.2","Routine issue","false"
"2026-06-09","PR-CV-07","Processing & Support Equipment","Good","Idler roller set","PR-IDL-240","0.2","Routine issue","false"
"2026-06-10","PR-CV-07","Processing & Support Equipment","Good","Idler roller set","PR-IDL-240","0.2","Routine issue","false"
"2026-06-11","PR-CV-07","Processing & Support Equipment","Good","Idler roller set","PR-IDL-240","0.2","Routine issue","false"
"2026-06-12","PR-CV-07","Processing & Support Equipment","Good","Idler roller set","PR-IDL-240","0.2","Routine issue","false"
"2026-06-13","PR-CV-07","Processing & Support Equipment","Good","Idler roller set","PR-IDL-240","0.2","Routine issue","false"
"2026-06-14","PR-CV-07","Processing & Support Equipment","Good","Idler roller set","PR-IDL-240","0.2","Routine issue","false"
"2026-06-15","PR-CV-07","Processing & Support Equipment","Good","Idler roller set","PR-IDL-240","0.2","Routine issue","false"
"2026-06-16","PR-CV-07","Processing & Support Equipment","Good","Idler roller set","PR-IDL-240","0.2","Routine issue","false"
"2026-06-17","PR-CV-07","Processing & Support Equipment","Good","Idler roller set","PR-IDL-240","0.2","Routine issue","false"
"2026-06-18","PR-CV-07","Processing & Support Equipment","Good","Idler roller set","PR-IDL-240","0.2","Routine issue","false"
"2026-06-19","PR-CV-07","Processing & Support Equipment","Good","Idler roller set","PR-IDL-240","0.2","Routine issue","false"
"2026-06-20","PR-CV-07","Processing & Support Equipment","Good","Idler roller set","PR-IDL-240","0.2","Routine issue","false"
"2026-06-21","PR-CV-07","Processing & Support Equipment","Good","Idler roller set","PR-IDL-240","0.2","Routine issue","false"
"2026-06-22","PR-CV-07","Processing & Support Equipment","Good","Idler roller set","PR-IDL-240","0.2","Routine issue","false"
"2026-06-23","PR-CV-07","Processing & Support Equipment","Good","Idler roller set","PR-IDL-240","0.2","Routine issue","false"
"2026-06-24","PR-CV-07","Processing & Support Equipment","Good","Idler roller set","PR-IDL-240","0.2","Routine issue","false"
"2026-06-25","PR-CV-07","Processing & Support Equipment","Good","Idler roller set","PR-IDL-240","0.2","Routine issue","false"
"2026-06-26","PR-CV-07","Processing & Support Equipment","Good","Idler roller set","PR-IDL-240","0.2","Routine issue","false"
"2026-06-27","PR-CV-07","Processing & Support Equipment","Good","Idler roller set","PR-IDL-240","0.2","Routine issue","false"
"2026-06-28","PR-CV-07","Processing & Support Equipment","Good","Idler roller set","PR-IDL-240","0.2","Routine issue","false"
"2026-06-29","PR-CV-07","Processing & Support Equipment","Good","Idler roller set","PR-IDL-240","0.2","Routine issue","false"
"2026-06-30","PR-CV-07","Processing & Support Equipment","Good","Idler roller set","PR-IDL-240","0.2","Routine issue","false"
"2026-07-01","PR-CV-07","Processing & Support Equipment","Good","Idler roller set","PR-IDL-240","0.2","Routine issue","false"
"2026-07-02","PR-CV-07","Processing & Support Equipment","Good","Idler roller set","PR-IDL-240","0.2","Routine issue","false"
"2026-07-03","PR-CV-07","Processing & Support Equipment","Good","Idler roller set","PR-IDL-240","0.2","Routine issue","false"
"2026-07-04","PR-CV-07","Processing & Support Equipment","Good","Idler roller set","PR-IDL-240","0.2","Routine issue","false"
"2026-07-05","PR-CV-07","Processing & Support Equipment","Good","Idler roller set","PR-IDL-240","0.2","Routine issue","false"
"2026-07-06","PR-CV-07","Processing & Support Equipment","Good","Idler roller set","PR-IDL-240","0.2","Routine issue","false"
"2026-07-07","PR-CV-07","Processing & Support Equipment","Good","Idler roller set","PR-IDL-240","0.7","Maintenance spike","false"
"2026-07-08","PR-CV-07","Processing & Support Equipment","Good","Idler roller set","PR-IDL-240","0.2","Routine issue","false"
"2026-07-09","PR-CV-07","Processing & Support Equipment","Good","Idler roller set","PR-IDL-240","0.2","Routine issue","false"
"2026-07-10","PR-CV-07","Processing & Support Equipment","Good","Idler roller set","PR-IDL-240","0.2","Routine issue","false"
"2026-07-11","PR-CV-07","Processing & Support Equipment","Good","Idler roller set","PR-IDL-240","0.2","Routine issue","false"
"2026-07-12","PR-CV-07","Processing & Support Equipment","Good","Idler roller set","PR-IDL-240","0.2","Routine issue","false"
"2026-07-13","PR-CV-07","Processing & Support Equipment","Good","Idler roller set","PR-IDL-240","0.2","Routine issue","false"
"2026-07-14","PR-CV-07","Processing & Support Equipment","Good","Idler roller set","PR-IDL-240","0.2","Routine issue","false"
"2026-07-15","PR-CV-07","Processing & Support Equipment","Good","Idler roller set","PR-IDL-240","0.2","Routine issue","false"
"2026-07-16","PR-CV-07","Processing & Support Equipment","Good","Idler roller set","PR-IDL-240","0.2","Routine issue","false"
"2026-07-17","PR-CV-07","Processing & Support Equipment","Good","Idler roller set","PR-IDL-240","0.2","Routine issue","false"
"2026-07-18","PR-CV-07","Processing & Support Equipment","Good","Idler roller set","PR-IDL-240","0.2","Routine issue","false"
"2026-07-19","PR-CV-07","Processing & Support Equipment","Good","Idler roller set","PR-IDL-240","0.2","Routine issue","false"
"2026-07-20","PR-CV-07","Processing & Support Equipment","Good","Idler roller set","PR-IDL-240","0.2","Routine issue","false"
"2026-07-21","PR-CV-07","Processing & Support Equipment","Good","Idler roller set","PR-IDL-240","0.2","Routine issue","false"
"2026-07-22","PR-CV-07","Processing & Support Equipment","Good","Idler roller set","PR-IDL-240","0.2","Routine issue","false"
"2026-07-23","PR-CV-07","Processing & Support Equipment","Good","Idler roller set","PR-IDL-240","0.2","Routine issue","false"
"2026-07-24","PR-CV-07","Processing & Support Equipment","Good","Idler roller set","PR-IDL-240","0.2","Routine issue","false"
"2026-07-25","PR-CV-07","Processing & Support Equipment","Good","Idler roller set","PR-IDL-240","0.2","Routine issue","false"
"2026-07-26","PR-CV-07","Processing & Support Equipment","Good","Idler roller set","PR-IDL-240","0.8","Anomaly","true"
"2026-07-27","PR-CV-07","Processing & Support Equipment","Good","Idler roller set","PR-IDL-240","0.2","Routine issue","false"
"2026-07-28","PR-CV-07","Processing & Support Equipment","Good","Idler roller set","PR-IDL-240","0.2","Routine issue","false"
"2026-07-29","PR-CV-07","Processing & Support Equipment","Good","Idler roller set","PR-IDL-240","0.2","Routine issue","false"
"2026-07-30","PR-CV-07","Processing & Support Equipment","Good","Idler roller set","PR-IDL-240","0.2","Routine issue","false"
"2026-07-31","PR-CV-07","Processing & Support Equipment","Good","Idler roller set","PR-IDL-240","0.2","Routine issue","false"
"2026-08-01","PR-CV-07","Processing & Support Equipment","Good","Idler roller set","PR-IDL-240","0.2","Routine issue","false"
"2026-08-02","PR-CV-07","Processing & Support Equipment","Good","Idler roller set","PR-IDL-240","0.2","Routine issue","false"
"2026-08-03","PR-CV-07","Processing & Support Equipment","Good","Idler roller set","PR-IDL-240","0.2","Routine issue","false"
"2026-08-04","PR-CV-07","Processing & Support Equipment","Good","Idler roller set","PR-IDL-240","0.2","Routine issue","false"
"2026-08-05","PR-CV-07","Processing & Support Equipment","Good","Idler roller set","PR-IDL-240","0.2","Routine issue","false"
"2026-08-06","PR-CV-07","Processing & Support Equipment","Good","Idler roller set","PR-IDL-240","0.2","Routine issue","false"
"2026-08-07","PR-CV-07","Processing & Support Equipment","Good","Idler roller set","PR-IDL-240","0.2","Routine issue","false"
"2026-08-08","PR-CV-07","Processing & Support Equipment","Good","Idler roller set","PR-IDL-240","0.2","Routine issue","false"
"2026-08-09","PR-CV-07","Processing & Support Equipment","Good","Idler roller set","PR-IDL-240","0.2","Routine issue","false"
"2026-08-10","PR-CV-07","Processing & Support Equipment","Good","Idler roller set","PR-IDL-240","0.2","Routine issue","false"
"2026-08-11","PR-CV-07","Processing & Support Equipment","Good","Idler roller set","PR-IDL-240","0.2","Routine issue","false"
"2026-08-12","PR-CV-07","Processing & Support Equipment","Good","Idler roller set","PR-IDL-240","0.2","Routine issue","false"
"2026-08-13","PR-CV-07","Processing & Support Equipment","Good","Idler roller set","PR-IDL-240","0.7","Maintenance spike","false"
"2026-08-14","PR-CV-07","Processing & Support Equipment","Good","Idler roller set","PR-IDL-240","0.2","Routine issue","false"
"2026-08-15","PR-CV-07","Processing & Support Equipment","Good","Idler roller set","PR-IDL-240","0.2","Routine issue","false"
"2026-08-16","PR-CV-07","Processing & Support Equipment","Good","Idler roller set","PR-IDL-240","0.2","Routine issue","false"
"2026-08-17","PR-CV-07","Processing & Support Equipment","Good","Idler roller set","PR-IDL-240","0.2","Routine issue","false"
"2026-08-18","PR-CV-07","Processing & Support Equipment","Good","Idler roller set","PR-IDL-240","0.2","Routine issue","false"
"2026-08-19","PR-CV-07","Processing & Support Equipment","Good","Idler roller set","PR-IDL-240","0.2","Routine issue","false"
"2026-08-20","PR-CV-07","Processing & Support Equipment","Good","Idler roller set","PR-IDL-240","0.2","Routine issue","false"
"2026-08-21","PR-CV-07","Processing & Support Equipment","Good","Idler roller set","PR-IDL-240","0.2","Routine issue","false"
"2026-08-22","PR-CV-07","Processing & Support Equipment","Good","Idler roller set","PR-IDL-240","0.2","Routine issue","false"
"2026-08-23","PR-CV-07","Processing & Support Equipment","Good","Idler roller set","PR-IDL-240","0.8","Anomaly","true"
"2026-08-24","PR-CV-07","Processing & Support Equipment","Good","Idler roller set","PR-IDL-240","0.2","Routine issue","false"
"2026-08-25","PR-CV-07","Processing & Support Equipment","Good","Idler roller set","PR-IDL-240","0.2","Routine issue","false"
"2026-08-26","PR-CV-07","Processing & Support Equipment","Good","Idler roller set","PR-IDL-240","0.2","Routine issue","false"
"2026-08-27","PR-CV-07","Processing & Support Equipment","Good","Idler roller set","PR-IDL-240","0.2","Routine issue","false"
"2026-08-28","PR-CV-07","Processing & Support Equipment","Good","Idler roller set","PR-IDL-240","0.2","Routine issue","false"
"2026-08-29","PR-CV-07","Processing & Support Equipment","Good","Idler roller set","PR-IDL-240","0.2","Routine issue","false"
"2026-08-30","PR-CV-07","Processing & Support Equipment","Good","Idler roller set","PR-IDL-240","0.2","Routine issue","false"
"2026-08-31","PR-CV-07","Processing & Support Equipment","Good","Idler roller set","PR-IDL-240","0.2","Routine issue","false"
"2026-09-01","PR-CV-07","Processing & Support Equipment","Good","Idler roller set","PR-IDL-240","0.2","Routine issue","false"
"2026-09-02","PR-CV-07","Processing & Support Equipment","Good","Idler roller set","PR-IDL-240","0.2","Routine issue","false"
"2026-09-03","PR-CV-07","Processing & Support Equipment","Good","Idler roller set","PR-IDL-240","0.2","Routine issue","false"
"2026-09-04","PR-CV-07","Processing & Support Equipment","Good","Idler roller set","PR-IDL-240","0.2","Routine issue","false"
"2026-09-05","PR-CV-07","Processing & Support Equipment","Good","Idler roller set","PR-IDL-240","0.2","Routine issue","false"
"2026-09-06","PR-CV-07","Processing & Support Equipment","Good","Idler roller set","PR-IDL-240","0.2","Routine issue","false"
"2026-09-07","PR-CV-07","Processing & Support Equipment","Good","Idler roller set","PR-IDL-240","0.2","Routine issue","false"
"2026-09-08","PR-CV-07","Processing & Support Equipment","Good","Idler roller set","PR-IDL-240","0.2","Routine issue","false"
"2026-09-09","PR-CV-07","Processing & Support Equipment","Good","Idler roller set","PR-IDL-240","0.2","Routine issue","false"
"2026-09-10","PR-CV-07","Processing & Support Equipment","Good","Idler roller set","PR-IDL-240","0.2","Routine issue","false"
"2026-09-11","PR-CV-07","Processing & Support Equipment","Good","Idler roller set","PR-IDL-240","0.2","Routine issue","false"
"2026-09-12","PR-CV-07","Processing & Support Equipment","Good","Idler roller set","PR-IDL-240","0.2","Routine issue","false"
"2026-09-13","PR-CV-07","Processing & Support Equipment","Good","Idler roller set","PR-IDL-240","0.2","Routine issue","false"
"2026-03-18","PR-PM-03","Processing & Support Equipment","Poor","Pump impeller","PR-IMP-XJ9","0.1","Routine issue","false"
"2026-03-19","PR-PM-03","Processing & Support Equipment","Poor","Pump impeller","PR-IMP-XJ9","0.2","Maintenance spike","false"
"2026-03-20","PR-PM-03","Processing & Support Equipment","Poor","Pump impeller","PR-IMP-XJ9","0.1","Routine issue","false"
"2026-03-21","PR-PM-03","Processing & Support Equipment","Poor","Pump impeller","PR-IMP-XJ9","0.1","Routine issue","false"
"2026-03-22","PR-PM-03","Processing & Support Equipment","Poor","Pump impeller","PR-IMP-XJ9","0.1","Routine issue","false"
"2026-03-23","PR-PM-03","Processing & Support Equipment","Poor","Pump impeller","PR-IMP-XJ9","0.1","Routine issue","false"
"2026-03-24","PR-PM-03","Processing & Support Equipment","Poor","Pump impeller","PR-IMP-XJ9","0.1","Routine issue","false"
"2026-03-25","PR-PM-03","Processing & Support Equipment","Poor","Pump impeller","PR-IMP-XJ9","0.1","Routine issue","false"
"2026-03-26","PR-PM-03","Processing & Support Equipment","Poor","Pump impeller","PR-IMP-XJ9","0.1","Routine issue","false"
"2026-03-27","PR-PM-03","Processing & Support Equipment","Poor","Pump impeller","PR-IMP-XJ9","0.1","Routine issue","false"
"2026-03-28","PR-PM-03","Processing & Support Equipment","Poor","Pump impeller","PR-IMP-XJ9","0.1","Routine issue","false"
"2026-03-29","PR-PM-03","Processing & Support Equipment","Poor","Pump impeller","PR-IMP-XJ9","0.1","Routine issue","false"
"2026-03-30","PR-PM-03","Processing & Support Equipment","Poor","Pump impeller","PR-IMP-XJ9","0.1","Routine issue","false"
"2026-03-31","PR-PM-03","Processing & Support Equipment","Poor","Pump impeller","PR-IMP-XJ9","0.1","Routine issue","false"
"2026-04-01","PR-PM-03","Processing & Support Equipment","Poor","Pump impeller","PR-IMP-XJ9","0.1","Routine issue","false"
"2026-04-02","PR-PM-03","Processing & Support Equipment","Poor","Pump impeller","PR-IMP-XJ9","0.1","Routine issue","false"
"2026-04-03","PR-PM-03","Processing & Support Equipment","Poor","Pump impeller","PR-IMP-XJ9","0.1","Routine issue","false"
"2026-04-04","PR-PM-03","Processing & Support Equipment","Poor","Pump impeller","PR-IMP-XJ9","0.1","Routine issue","false"
"2026-04-05","PR-PM-03","Processing & Support Equipment","Poor","Pump impeller","PR-IMP-XJ9","0.1","Routine issue","false"
"2026-04-06","PR-PM-03","Processing & Support Equipment","Poor","Pump impeller","PR-IMP-XJ9","0.1","Routine issue","false"
"2026-04-07","PR-PM-03","Processing & Support Equipment","Poor","Pump impeller","PR-IMP-XJ9","0.1","Routine issue","false"
"2026-04-08","PR-PM-03","Processing & Support Equipment","Poor","Pump impeller","PR-IMP-XJ9","0.1","Routine issue","false"
"2026-04-09","PR-PM-03","Processing & Support Equipment","Poor","Pump impeller","PR-IMP-XJ9","0.1","Routine issue","false"
"2026-04-10","PR-PM-03","Processing & Support Equipment","Poor","Pump impeller","PR-IMP-XJ9","0.1","Routine issue","false"
"2026-04-11","PR-PM-03","Processing & Support Equipment","Poor","Pump impeller","PR-IMP-XJ9","0.1","Routine issue","false"
"2026-04-12","PR-PM-03","Processing & Support Equipment","Poor","Pump impeller","PR-IMP-XJ9","0.1","Routine issue","false"
"2026-04-13","PR-PM-03","Processing & Support Equipment","Poor","Pump impeller","PR-IMP-XJ9","0.1","Routine issue","false"
"2026-04-14","PR-PM-03","Processing & Support Equipment","Poor","Pump impeller","PR-IMP-XJ9","0.1","Routine issue","false"
"2026-04-15","PR-PM-03","Processing & Support Equipment","Poor","Pump impeller","PR-IMP-XJ9","0.1","Routine issue","false"
"2026-04-16","PR-PM-03","Processing & Support Equipment","Poor","Pump impeller","PR-IMP-XJ9","0.1","Routine issue","false"
"2026-04-17","PR-PM-03","Processing & Support Equipment","Poor","Pump impeller","PR-IMP-XJ9","0.1","Routine issue","false"
"2026-04-18","PR-PM-03","Processing & Support Equipment","Poor","Pump impeller","PR-IMP-XJ9","0.1","Routine issue","false"
"2026-04-19","PR-PM-03","Processing & Support Equipment","Poor","Pump impeller","PR-IMP-XJ9","0.1","Routine issue","false"
"2026-04-20","PR-PM-03","Processing & Support Equipment","Poor","Pump impeller","PR-IMP-XJ9","0.1","Routine issue","false"
"2026-04-21","PR-PM-03","Processing & Support Equipment","Poor","Pump impeller","PR-IMP-XJ9","0.1","Routine issue","false"
"2026-04-22","PR-PM-03","Processing & Support Equipment","Poor","Pump impeller","PR-IMP-XJ9","0.1","Routine issue","false"
"2026-04-23","PR-PM-03","Processing & Support Equipment","Poor","Pump impeller","PR-IMP-XJ9","0.1","Routine issue","false"
"2026-04-24","PR-PM-03","Processing & Support Equipment","Poor","Pump impeller","PR-IMP-XJ9","0.1","Routine issue","false"
"2026-04-25","PR-PM-03","Processing & Support Equipment","Poor","Pump impeller","PR-IMP-XJ9","0.2","Maintenance spike","false"
"2026-04-26","PR-PM-03","Processing & Support Equipment","Poor","Pump impeller","PR-IMP-XJ9","0.1","Routine issue","false"
"2026-04-27","PR-PM-03","Processing & Support Equipment","Poor","Pump impeller","PR-IMP-XJ9","0.1","Routine issue","false"
"2026-04-28","PR-PM-03","Processing & Support Equipment","Poor","Pump impeller","PR-IMP-XJ9","0.1","Routine issue","false"
"2026-04-29","PR-PM-03","Processing & Support Equipment","Poor","Pump impeller","PR-IMP-XJ9","0.1","Routine issue","false"
"2026-04-30","PR-PM-03","Processing & Support Equipment","Poor","Pump impeller","PR-IMP-XJ9","0.1","Routine issue","false"
"2026-05-01","PR-PM-03","Processing & Support Equipment","Poor","Pump impeller","PR-IMP-XJ9","0.1","Routine issue","false"
"2026-05-02","PR-PM-03","Processing & Support Equipment","Poor","Pump impeller","PR-IMP-XJ9","0.1","Routine issue","false"
"2026-05-03","PR-PM-03","Processing & Support Equipment","Poor","Pump impeller","PR-IMP-XJ9","0.1","Routine issue","false"
"2026-05-04","PR-PM-03","Processing & Support Equipment","Poor","Pump impeller","PR-IMP-XJ9","0.1","Routine issue","false"
"2026-05-05","PR-PM-03","Processing & Support Equipment","Poor","Pump impeller","PR-IMP-XJ9","0.1","Routine issue","false"
"2026-05-06","PR-PM-03","Processing & Support Equipment","Poor","Pump impeller","PR-IMP-XJ9","0.1","Routine issue","false"
"2026-05-07","PR-PM-03","Processing & Support Equipment","Poor","Pump impeller","PR-IMP-XJ9","0.1","Routine issue","false"
"2026-05-08","PR-PM-03","Processing & Support Equipment","Poor","Pump impeller","PR-IMP-XJ9","0.1","Routine issue","false"
"2026-05-09","PR-PM-03","Processing & Support Equipment","Poor","Pump impeller","PR-IMP-XJ9","0.1","Routine issue","false"
"2026-05-10","PR-PM-03","Processing & Support Equipment","Poor","Pump impeller","PR-IMP-XJ9","0.1","Routine issue","false"
"2026-05-11","PR-PM-03","Processing & Support Equipment","Poor","Pump impeller","PR-IMP-XJ9","0.1","Routine issue","false"
"2026-05-12","PR-PM-03","Processing & Support Equipment","Poor","Pump impeller","PR-IMP-XJ9","0.1","Routine issue","false"
"2026-05-13","PR-PM-03","Processing & Support Equipment","Poor","Pump impeller","PR-IMP-XJ9","0.1","Routine issue","false"
"2026-05-14","PR-PM-03","Processing & Support Equipment","Poor","Pump impeller","PR-IMP-XJ9","0.1","Routine issue","false"
"2026-05-15","PR-PM-03","Processing & Support Equipment","Poor","Pump impeller","PR-IMP-XJ9","0.1","Routine issue","false"
"2026-05-16","PR-PM-03","Processing & Support Equipment","Poor","Pump impeller","PR-IMP-XJ9","0.1","Routine issue","false"
"2026-05-17","PR-PM-03","Processing & Support Equipment","Poor","Pump impeller","PR-IMP-XJ9","0.1","Routine issue","false"
"2026-05-18","PR-PM-03","Processing & Support Equipment","Poor","Pump impeller","PR-IMP-XJ9","0.1","Routine issue","false"
"2026-05-19","PR-PM-03","Processing & Support Equipment","Poor","Pump impeller","PR-IMP-XJ9","0.2","Anomaly","true"
"2026-05-20","PR-PM-03","Processing & Support Equipment","Poor","Pump impeller","PR-IMP-XJ9","0.1","Routine issue","false"
"2026-05-21","PR-PM-03","Processing & Support Equipment","Poor","Pump impeller","PR-IMP-XJ9","0.1","Routine issue","false"
"2026-05-22","PR-PM-03","Processing & Support Equipment","Poor","Pump impeller","PR-IMP-XJ9","0.1","Routine issue","false"
"2026-05-23","PR-PM-03","Processing & Support Equipment","Poor","Pump impeller","PR-IMP-XJ9","0.1","Routine issue","false"
"2026-05-24","PR-PM-03","Processing & Support Equipment","Poor","Pump impeller","PR-IMP-XJ9","0.1","Routine issue","false"
"2026-05-25","PR-PM-03","Processing & Support Equipment","Poor","Pump impeller","PR-IMP-XJ9","0.1","Routine issue","false"
"2026-05-26","PR-PM-03","Processing & Support Equipment","Poor","Pump impeller","PR-IMP-XJ9","0.1","Routine issue","false"
"2026-05-27","PR-PM-03","Processing & Support Equipment","Poor","Pump impeller","PR-IMP-XJ9","0.1","Routine issue","false"
"2026-05-28","PR-PM-03","Processing & Support Equipment","Poor","Pump impeller","PR-IMP-XJ9","0.1","Routine issue","false"
"2026-05-29","PR-PM-03","Processing & Support Equipment","Poor","Pump impeller","PR-IMP-XJ9","0.1","Routine issue","false"
"2026-05-30","PR-PM-03","Processing & Support Equipment","Poor","Pump impeller","PR-IMP-XJ9","0.1","Routine issue","false"
"2026-05-31","PR-PM-03","Processing & Support Equipment","Poor","Pump impeller","PR-IMP-XJ9","0.1","Routine issue","false"
"2026-06-01","PR-PM-03","Processing & Support Equipment","Poor","Pump impeller","PR-IMP-XJ9","0.2","Maintenance spike","false"
"2026-06-02","PR-PM-03","Processing & Support Equipment","Poor","Pump impeller","PR-IMP-XJ9","0.1","Routine issue","false"
"2026-06-03","PR-PM-03","Processing & Support Equipment","Poor","Pump impeller","PR-IMP-XJ9","0.1","Routine issue","false"
"2026-06-04","PR-PM-03","Processing & Support Equipment","Poor","Pump impeller","PR-IMP-XJ9","0.1","Routine issue","false"
"2026-06-05","PR-PM-03","Processing & Support Equipment","Poor","Pump impeller","PR-IMP-XJ9","0.1","Routine issue","false"
"2026-06-06","PR-PM-03","Processing & Support Equipment","Poor","Pump impeller","PR-IMP-XJ9","0.1","Routine issue","false"
"2026-06-07","PR-PM-03","Processing & Support Equipment","Poor","Pump impeller","PR-IMP-XJ9","0.1","Routine issue","false"
"2026-06-08","PR-PM-03","Processing & Support Equipment","Poor","Pump impeller","PR-IMP-XJ9","0.1","Routine issue","false"
"2026-06-09","PR-PM-03","Processing & Support Equipment","Poor","Pump impeller","PR-IMP-XJ9","0.1","Routine issue","false"
"2026-06-10","PR-PM-03","Processing & Support Equipment","Poor","Pump impeller","PR-IMP-XJ9","0.1","Routine issue","false"
"2026-06-11","PR-PM-03","Processing & Support Equipment","Poor","Pump impeller","PR-IMP-XJ9","0.1","Routine issue","false"
"2026-06-12","PR-PM-03","Processing & Support Equipment","Poor","Pump impeller","PR-IMP-XJ9","0.1","Routine issue","false"
"2026-06-13","PR-PM-03","Processing & Support Equipment","Poor","Pump impeller","PR-IMP-XJ9","0.1","Routine issue","false"
"2026-06-14","PR-PM-03","Processing & Support Equipment","Poor","Pump impeller","PR-IMP-XJ9","0.1","Routine issue","false"
"2026-06-15","PR-PM-03","Processing & Support Equipment","Poor","Pump impeller","PR-IMP-XJ9","0.1","Routine issue","false"
"2026-06-16","PR-PM-03","Processing & Support Equipment","Poor","Pump impeller","PR-IMP-XJ9","0.1","Routine issue","false"
"2026-06-17","PR-PM-03","Processing & Support Equipment","Poor","Pump impeller","PR-IMP-XJ9","0.1","Routine issue","false"
"2026-06-18","PR-PM-03","Processing & Support Equipment","Poor","Pump impeller","PR-IMP-XJ9","0.1","Routine issue","false"
"2026-06-19","PR-PM-03","Processing & Support Equipment","Poor","Pump impeller","PR-IMP-XJ9","0.1","Routine issue","false"
"2026-06-20","PR-PM-03","Processing & Support Equipment","Poor","Pump impeller","PR-IMP-XJ9","0.1","Routine issue","false"
"2026-06-21","PR-PM-03","Processing & Support Equipment","Poor","Pump impeller","PR-IMP-XJ9","0.1","Routine issue","false"
"2026-06-22","PR-PM-03","Processing & Support Equipment","Poor","Pump impeller","PR-IMP-XJ9","0.1","Routine issue","false"
"2026-06-23","PR-PM-03","Processing & Support Equipment","Poor","Pump impeller","PR-IMP-XJ9","0.1","Routine issue","false"
"2026-06-24","PR-PM-03","Processing & Support Equipment","Poor","Pump impeller","PR-IMP-XJ9","0.1","Routine issue","false"
"2026-06-25","PR-PM-03","Processing & Support Equipment","Poor","Pump impeller","PR-IMP-XJ9","0.1","Routine issue","false"
"2026-06-26","PR-PM-03","Processing & Support Equipment","Poor","Pump impeller","PR-IMP-XJ9","0.1","Routine issue","false"
"2026-06-27","PR-PM-03","Processing & Support Equipment","Poor","Pump impeller","PR-IMP-XJ9","0.1","Routine issue","false"
"2026-06-28","PR-PM-03","Processing & Support Equipment","Poor","Pump impeller","PR-IMP-XJ9","0.1","Routine issue","false"
"2026-06-29","PR-PM-03","Processing & Support Equipment","Poor","Pump impeller","PR-IMP-XJ9","0.1","Routine issue","false"
"2026-06-30","PR-PM-03","Processing & Support Equipment","Poor","Pump impeller","PR-IMP-XJ9","0.1","Routine issue","false"
"2026-07-01","PR-PM-03","Processing & Support Equipment","Poor","Pump impeller","PR-IMP-XJ9","0.1","Routine issue","false"
"2026-07-02","PR-PM-03","Processing & Support Equipment","Poor","Pump impeller","PR-IMP-XJ9","0.1","Routine issue","false"
"2026-07-03","PR-PM-03","Processing & Support Equipment","Poor","Pump impeller","PR-IMP-XJ9","0.1","Routine issue","false"
"2026-07-04","PR-PM-03","Processing & Support Equipment","Poor","Pump impeller","PR-IMP-XJ9","0.1","Routine issue","false"
"2026-07-05","PR-PM-03","Processing & Support Equipment","Poor","Pump impeller","PR-IMP-XJ9","0.1","Routine issue","false"
"2026-07-06","PR-PM-03","Processing & Support Equipment","Poor","Pump impeller","PR-IMP-XJ9","0.1","Routine issue","false"
"2026-07-07","PR-PM-03","Processing & Support Equipment","Poor","Pump impeller","PR-IMP-XJ9","0.1","Routine issue","false"
"2026-07-08","PR-PM-03","Processing & Support Equipment","Poor","Pump impeller","PR-IMP-XJ9","0.2","Maintenance spike","false"
"2026-07-09","PR-PM-03","Processing & Support Equipment","Poor","Pump impeller","PR-IMP-XJ9","0.1","Routine issue","false"
"2026-07-10","PR-PM-03","Processing & Support Equipment","Poor","Pump impeller","PR-IMP-XJ9","0.1","Routine issue","false"
"2026-07-11","PR-PM-03","Processing & Support Equipment","Poor","Pump impeller","PR-IMP-XJ9","0.1","Routine issue","false"
"2026-07-12","PR-PM-03","Processing & Support Equipment","Poor","Pump impeller","PR-IMP-XJ9","0.1","Routine issue","false"
"2026-07-13","PR-PM-03","Processing & Support Equipment","Poor","Pump impeller","PR-IMP-XJ9","0.1","Routine issue","false"
"2026-07-14","PR-PM-03","Processing & Support Equipment","Poor","Pump impeller","PR-IMP-XJ9","0.1","Routine issue","false"
"2026-07-15","PR-PM-03","Processing & Support Equipment","Poor","Pump impeller","PR-IMP-XJ9","0.1","Routine issue","false"
"2026-07-16","PR-PM-03","Processing & Support Equipment","Poor","Pump impeller","PR-IMP-XJ9","0.1","Routine issue","false"
"2026-07-17","PR-PM-03","Processing & Support Equipment","Poor","Pump impeller","PR-IMP-XJ9","0.1","Routine issue","false"
"2026-07-18","PR-PM-03","Processing & Support Equipment","Poor","Pump impeller","PR-IMP-XJ9","0.1","Routine issue","false"
"2026-07-19","PR-PM-03","Processing & Support Equipment","Poor","Pump impeller","PR-IMP-XJ9","0.1","Routine issue","false"
"2026-07-20","PR-PM-03","Processing & Support Equipment","Poor","Pump impeller","PR-IMP-XJ9","0.1","Routine issue","false"
"2026-07-21","PR-PM-03","Processing & Support Equipment","Poor","Pump impeller","PR-IMP-XJ9","0.1","Routine issue","false"
"2026-07-22","PR-PM-03","Processing & Support Equipment","Poor","Pump impeller","PR-IMP-XJ9","0.1","Routine issue","false"
"2026-07-23","PR-PM-03","Processing & Support Equipment","Poor","Pump impeller","PR-IMP-XJ9","0.1","Routine issue","false"
"2026-07-24","PR-PM-03","Processing & Support Equipment","Poor","Pump impeller","PR-IMP-XJ9","0.1","Routine issue","false"
"2026-07-25","PR-PM-03","Processing & Support Equipment","Poor","Pump impeller","PR-IMP-XJ9","0.2","Anomaly","true"
"2026-07-26","PR-PM-03","Processing & Support Equipment","Poor","Pump impeller","PR-IMP-XJ9","0.1","Routine issue","false"
"2026-07-27","PR-PM-03","Processing & Support Equipment","Poor","Pump impeller","PR-IMP-XJ9","0.1","Routine issue","false"
"2026-07-28","PR-PM-03","Processing & Support Equipment","Poor","Pump impeller","PR-IMP-XJ9","0.1","Routine issue","false"
"2026-07-29","PR-PM-03","Processing & Support Equipment","Poor","Pump impeller","PR-IMP-XJ9","0.1","Routine issue","false"
"2026-07-30","PR-PM-03","Processing & Support Equipment","Poor","Pump impeller","PR-IMP-XJ9","0.1","Routine issue","false"
"2026-07-31","PR-PM-03","Processing & Support Equipment","Poor","Pump impeller","PR-IMP-XJ9","0.1","Routine issue","false"
"2026-08-01","PR-PM-03","Processing & Support Equipment","Poor","Pump impeller","PR-IMP-XJ9","0.1","Routine issue","false"
"2026-08-02","PR-PM-03","Processing & Support Equipment","Poor","Pump impeller","PR-IMP-XJ9","0.1","Routine issue","false"
"2026-08-03","PR-PM-03","Processing & Support Equipment","Poor","Pump impeller","PR-IMP-XJ9","0.1","Routine issue","false"
"2026-08-04","PR-PM-03","Processing & Support Equipment","Poor","Pump impeller","PR-IMP-XJ9","0.1","Routine issue","false"
"2026-08-05","PR-PM-03","Processing & Support Equipment","Poor","Pump impeller","PR-IMP-XJ9","0.1","Routine issue","false"
"2026-08-06","PR-PM-03","Processing & Support Equipment","Poor","Pump impeller","PR-IMP-XJ9","0.1","Routine issue","false"
"2026-08-07","PR-PM-03","Processing & Support Equipment","Poor","Pump impeller","PR-IMP-XJ9","0.1","Routine issue","false"
"2026-08-08","PR-PM-03","Processing & Support Equipment","Poor","Pump impeller","PR-IMP-XJ9","0.1","Routine issue","false"
"2026-08-09","PR-PM-03","Processing & Support Equipment","Poor","Pump impeller","PR-IMP-XJ9","0.1","Routine issue","false"
"2026-08-10","PR-PM-03","Processing & Support Equipment","Poor","Pump impeller","PR-IMP-XJ9","0.1","Routine issue","false"
"2026-08-11","PR-PM-03","Processing & Support Equipment","Poor","Pump impeller","PR-IMP-XJ9","0.1","Routine issue","false"
"2026-08-12","PR-PM-03","Processing & Support Equipment","Poor","Pump impeller","PR-IMP-XJ9","0.1","Routine issue","false"
"2026-08-13","PR-PM-03","Processing & Support Equipment","Poor","Pump impeller","PR-IMP-XJ9","0.1","Routine issue","false"
"2026-08-14","PR-PM-03","Processing & Support Equipment","Poor","Pump impeller","PR-IMP-XJ9","0.2","Maintenance spike","false"
"2026-08-15","PR-PM-03","Processing & Support Equipment","Poor","Pump impeller","PR-IMP-XJ9","0.1","Routine issue","false"
"2026-08-16","PR-PM-03","Processing & Support Equipment","Poor","Pump impeller","PR-IMP-XJ9","0.1","Routine issue","false"
"2026-08-17","PR-PM-03","Processing & Support Equipment","Poor","Pump impeller","PR-IMP-XJ9","0.1","Routine issue","false"
"2026-08-18","PR-PM-03","Processing & Support Equipment","Poor","Pump impeller","PR-IMP-XJ9","0.1","Routine issue","false"
"2026-08-19","PR-PM-03","Processing & Support Equipment","Poor","Pump impeller","PR-IMP-XJ9","0.1","Routine issue","false"
"2026-08-20","PR-PM-03","Processing & Support Equipment","Poor","Pump impeller","PR-IMP-XJ9","0.1","Routine issue","false"
"2026-08-21","PR-PM-03","Processing & Support Equipment","Poor","Pump impeller","PR-IMP-XJ9","0.1","Routine issue","false"
"2026-08-22","PR-PM-03","Processing & Support Equipment","Poor","Pump impeller","PR-IMP-XJ9","0.1","Routine issue","false"
"2026-08-23","PR-PM-03","Processing & Support Equipment","Poor","Pump impeller","PR-IMP-XJ9","0.1","Routine issue","false"
"2026-08-24","PR-PM-03","Processing & Support Equipment","Poor","Pump impeller","PR-IMP-XJ9","0.1","Routine issue","false"
"2026-08-25","PR-PM-03","Processing & Support Equipment","Poor","Pump impeller","PR-IMP-XJ9","0.1","Routine issue","false"
"2026-08-26","PR-PM-03","Processing & Support Equipment","Poor","Pump impeller","PR-IMP-XJ9","0.1","Routine issue","false"
"2026-08-27","PR-PM-03","Processing & Support Equipment","Poor","Pump impeller","PR-IMP-XJ9","0.1","Routine issue","false"
"2026-08-28","PR-PM-03","Processing & Support Equipment","Poor","Pump impeller","PR-IMP-XJ9","0.1","Routine issue","false"
"2026-08-29","PR-PM-03","Processing & Support Equipment","Poor","Pump impeller","PR-IMP-XJ9","0.1","Routine issue","false"
"2026-08-30","PR-PM-03","Processing & Support Equipment","Poor","Pump impeller","PR-IMP-XJ9","0.1","Routine issue","false"
"2026-08-31","PR-PM-03","Processing & Support Equipment","Poor","Pump impeller","PR-IMP-XJ9","0.1","Routine issue","false"
"2026-09-01","PR-PM-03","Processing & Support Equipment","Poor","Pump impeller","PR-IMP-XJ9","0.1","Routine issue","false"
"2026-09-02","PR-PM-03","Processing & Support Equipment","Poor","Pump impeller","PR-IMP-XJ9","0.1","Routine issue","false"
"2026-09-03","PR-PM-03","Processing & Support Equipment","Poor","Pump impeller","PR-IMP-XJ9","0.1","Routine issue","false"
"2026-09-04","PR-PM-03","Processing & Support Equipment","Poor","Pump impeller","PR-IMP-XJ9","0.1","Routine issue","false"
"2026-09-05","PR-PM-03","Processing & Support Equipment","Poor","Pump impeller","PR-IMP-XJ9","0.1","Routine issue","false"
"2026-09-06","PR-PM-03","Processing & Support Equipment","Poor","Pump impeller","PR-IMP-XJ9","0.1","Routine issue","false"
"2026-09-07","PR-PM-03","Processing & Support Equipment","Poor","Pump impeller","PR-IMP-XJ9","0.1","Routine issue","false"
"2026-09-08","PR-PM-03","Processing & Support Equipment","Poor","Pump impeller","PR-IMP-XJ9","0.1","Routine issue","false"
"2026-09-09","PR-PM-03","Processing & Support Equipment","Poor","Pump impeller","PR-IMP-XJ9","0.1","Routine issue","false"
"2026-09-10","PR-PM-03","Processing & Support Equipment","Poor","Pump impeller","PR-IMP-XJ9","0.1","Routine issue","false"
"2026-09-11","PR-PM-03","Processing & Support Equipment","Poor","Pump impeller","PR-IMP-XJ9","0.1","Routine issue","false"
"2026-09-12","PR-PM-03","Processing & Support Equipment","Poor","Pump impeller","PR-IMP-XJ9","0.1","Routine issue","false"
"2026-09-13","PR-PM-03","Processing & Support Equipment","Poor","Pump impeller","PR-IMP-XJ9","0.1","Routine issue","false"
"2026-03-18","HC-PPE-01","Human consumables","Good","P2 dust respirator","PPE-RES-P2","0.5","Routine issue","false"
"2026-03-19","HC-PPE-01","Human consumables","Good","P2 dust respirator","PPE-RES-P2","0.5","Routine issue","false"
"2026-03-20","HC-PPE-01","Human consumables","Good","P2 dust respirator","PPE-RES-P2","1.8","Maintenance spike","false"
"2026-03-21","HC-PPE-01","Human consumables","Good","P2 dust respirator","PPE-RES-P2","0.5","Routine issue","false"
"2026-03-22","HC-PPE-01","Human consumables","Good","P2 dust respirator","PPE-RES-P2","0.5","Routine issue","false"
"2026-03-23","HC-PPE-01","Human consumables","Good","P2 dust respirator","PPE-RES-P2","0.6","Routine issue","false"
"2026-03-24","HC-PPE-01","Human consumables","Good","P2 dust respirator","PPE-RES-P2","0.5","Routine issue","false"
"2026-03-25","HC-PPE-01","Human consumables","Good","P2 dust respirator","PPE-RES-P2","0.5","Routine issue","false"
"2026-03-26","HC-PPE-01","Human consumables","Good","P2 dust respirator","PPE-RES-P2","0.5","Routine issue","false"
"2026-03-27","HC-PPE-01","Human consumables","Good","P2 dust respirator","PPE-RES-P2","0.5","Routine issue","false"
"2026-03-28","HC-PPE-01","Human consumables","Good","P2 dust respirator","PPE-RES-P2","0.5","Routine issue","false"
"2026-03-29","HC-PPE-01","Human consumables","Good","P2 dust respirator","PPE-RES-P2","0.5","Routine issue","false"
"2026-03-30","HC-PPE-01","Human consumables","Good","P2 dust respirator","PPE-RES-P2","0.5","Routine issue","false"
"2026-03-31","HC-PPE-01","Human consumables","Good","P2 dust respirator","PPE-RES-P2","0.6","Routine issue","false"
"2026-04-01","HC-PPE-01","Human consumables","Good","P2 dust respirator","PPE-RES-P2","0.6","Routine issue","false"
"2026-04-02","HC-PPE-01","Human consumables","Good","P2 dust respirator","PPE-RES-P2","0.5","Routine issue","false"
"2026-04-03","HC-PPE-01","Human consumables","Good","P2 dust respirator","PPE-RES-P2","0.5","Routine issue","false"
"2026-04-04","HC-PPE-01","Human consumables","Good","P2 dust respirator","PPE-RES-P2","0.5","Routine issue","false"
"2026-04-05","HC-PPE-01","Human consumables","Good","P2 dust respirator","PPE-RES-P2","0.6","Routine issue","false"
"2026-04-06","HC-PPE-01","Human consumables","Good","P2 dust respirator","PPE-RES-P2","0.6","Routine issue","false"
"2026-04-07","HC-PPE-01","Human consumables","Good","P2 dust respirator","PPE-RES-P2","0.6","Routine issue","false"
"2026-04-08","HC-PPE-01","Human consumables","Good","P2 dust respirator","PPE-RES-P2","0.6","Routine issue","false"
"2026-04-09","HC-PPE-01","Human consumables","Good","P2 dust respirator","PPE-RES-P2","0.6","Routine issue","false"
"2026-04-10","HC-PPE-01","Human consumables","Good","P2 dust respirator","PPE-RES-P2","0.5","Routine issue","false"
"2026-04-11","HC-PPE-01","Human consumables","Good","P2 dust respirator","PPE-RES-P2","0.6","Routine issue","false"
"2026-04-12","HC-PPE-01","Human consumables","Good","P2 dust respirator","PPE-RES-P2","0.5","Routine issue","false"
"2026-04-13","HC-PPE-01","Human consumables","Good","P2 dust respirator","PPE-RES-P2","0.5","Routine issue","false"
"2026-04-14","HC-PPE-01","Human consumables","Good","P2 dust respirator","PPE-RES-P2","0.6","Routine issue","false"
"2026-04-15","HC-PPE-01","Human consumables","Good","P2 dust respirator","PPE-RES-P2","0.5","Routine issue","false"
"2026-04-16","HC-PPE-01","Human consumables","Good","P2 dust respirator","PPE-RES-P2","0.5","Routine issue","false"
"2026-04-17","HC-PPE-01","Human consumables","Good","P2 dust respirator","PPE-RES-P2","0.6","Routine issue","false"
"2026-04-18","HC-PPE-01","Human consumables","Good","P2 dust respirator","PPE-RES-P2","0.6","Routine issue","false"
"2026-04-19","HC-PPE-01","Human consumables","Good","P2 dust respirator","PPE-RES-P2","0.6","Routine issue","false"
"2026-04-20","HC-PPE-01","Human consumables","Good","P2 dust respirator","PPE-RES-P2","0.6","Routine issue","false"
"2026-04-21","HC-PPE-01","Human consumables","Good","P2 dust respirator","PPE-RES-P2","0.5","Routine issue","false"
"2026-04-22","HC-PPE-01","Human consumables","Good","P2 dust respirator","PPE-RES-P2","0.5","Routine issue","false"
"2026-04-23","HC-PPE-01","Human consumables","Good","P2 dust respirator","PPE-RES-P2","0.6","Routine issue","false"
"2026-04-24","HC-PPE-01","Human consumables","Good","P2 dust respirator","PPE-RES-P2","0.6","Routine issue","false"
"2026-04-25","HC-PPE-01","Human consumables","Good","P2 dust respirator","PPE-RES-P2","0.6","Routine issue","false"
"2026-04-26","HC-PPE-01","Human consumables","Good","P2 dust respirator","PPE-RES-P2","1.8","Maintenance spike","false"
"2026-04-27","HC-PPE-01","Human consumables","Good","P2 dust respirator","PPE-RES-P2","0.6","Routine issue","false"
"2026-04-28","HC-PPE-01","Human consumables","Good","P2 dust respirator","PPE-RES-P2","0.5","Routine issue","false"
"2026-04-29","HC-PPE-01","Human consumables","Good","P2 dust respirator","PPE-RES-P2","0.6","Routine issue","false"
"2026-04-30","HC-PPE-01","Human consumables","Good","P2 dust respirator","PPE-RES-P2","0.6","Routine issue","false"
"2026-05-01","HC-PPE-01","Human consumables","Good","P2 dust respirator","PPE-RES-P2","0.5","Routine issue","false"
"2026-05-02","HC-PPE-01","Human consumables","Good","P2 dust respirator","PPE-RES-P2","0.5","Routine issue","false"
"2026-05-03","HC-PPE-01","Human consumables","Good","P2 dust respirator","PPE-RES-P2","0.6","Routine issue","false"
"2026-05-04","HC-PPE-01","Human consumables","Good","P2 dust respirator","PPE-RES-P2","0.6","Routine issue","false"
"2026-05-05","HC-PPE-01","Human consumables","Good","P2 dust respirator","PPE-RES-P2","0.6","Routine issue","false"
"2026-05-06","HC-PPE-01","Human consumables","Good","P2 dust respirator","PPE-RES-P2","0.6","Routine issue","false"
"2026-05-07","HC-PPE-01","Human consumables","Good","P2 dust respirator","PPE-RES-P2","0.6","Routine issue","false"
"2026-05-08","HC-PPE-01","Human consumables","Good","P2 dust respirator","PPE-RES-P2","0.5","Routine issue","false"
"2026-05-09","HC-PPE-01","Human consumables","Good","P2 dust respirator","PPE-RES-P2","0.6","Routine issue","false"
"2026-05-10","HC-PPE-01","Human consumables","Good","P2 dust respirator","PPE-RES-P2","0.5","Routine issue","false"
"2026-05-11","HC-PPE-01","Human consumables","Good","P2 dust respirator","PPE-RES-P2","0.6","Routine issue","false"
"2026-05-12","HC-PPE-01","Human consumables","Good","P2 dust respirator","PPE-RES-P2","0.6","Routine issue","false"
"2026-05-13","HC-PPE-01","Human consumables","Good","P2 dust respirator","PPE-RES-P2","0.6","Routine issue","false"
"2026-05-14","HC-PPE-01","Human consumables","Good","P2 dust respirator","PPE-RES-P2","0.6","Routine issue","false"
"2026-05-15","HC-PPE-01","Human consumables","Good","P2 dust respirator","PPE-RES-P2","0.6","Routine issue","false"
"2026-05-16","HC-PPE-01","Human consumables","Good","P2 dust respirator","PPE-RES-P2","0.5","Routine issue","false"
"2026-05-17","HC-PPE-01","Human consumables","Good","P2 dust respirator","PPE-RES-P2","0.6","Routine issue","false"
"2026-05-18","HC-PPE-01","Human consumables","Good","P2 dust respirator","PPE-RES-P2","0.6","Routine issue","false"
"2026-05-19","HC-PPE-01","Human consumables","Good","P2 dust respirator","PPE-RES-P2","0.5","Routine issue","false"
"2026-05-20","HC-PPE-01","Human consumables","Good","P2 dust respirator","PPE-RES-P2","0.6","Routine issue","false"
"2026-05-21","HC-PPE-01","Human consumables","Good","P2 dust respirator","PPE-RES-P2","0.5","Routine issue","false"
"2026-05-22","HC-PPE-01","Human consumables","Good","P2 dust respirator","PPE-RES-P2","0.6","Routine issue","false"
"2026-05-23","HC-PPE-01","Human consumables","Good","P2 dust respirator","PPE-RES-P2","0.6","Routine issue","false"
"2026-05-24","HC-PPE-01","Human consumables","Good","P2 dust respirator","PPE-RES-P2","0.6","Routine issue","false"
"2026-05-25","HC-PPE-01","Human consumables","Good","P2 dust respirator","PPE-RES-P2","0.6","Routine issue","false"
"2026-05-26","HC-PPE-01","Human consumables","Good","P2 dust respirator","PPE-RES-P2","0.6","Routine issue","false"
"2026-05-27","HC-PPE-01","Human consumables","Good","P2 dust respirator","PPE-RES-P2","0.5","Routine issue","false"
"2026-05-28","HC-PPE-01","Human consumables","Good","P2 dust respirator","PPE-RES-P2","0.6","Routine issue","false"
"2026-05-29","HC-PPE-01","Human consumables","Good","P2 dust respirator","PPE-RES-P2","0.5","Routine issue","false"
"2026-05-30","HC-PPE-01","Human consumables","Good","P2 dust respirator","PPE-RES-P2","0.6","Routine issue","false"
"2026-05-31","HC-PPE-01","Human consumables","Good","P2 dust respirator","PPE-RES-P2","0.6","Routine issue","false"
"2026-06-01","HC-PPE-01","Human consumables","Good","P2 dust respirator","PPE-RES-P2","0.5","Routine issue","false"
"2026-06-02","HC-PPE-01","Human consumables","Good","P2 dust respirator","PPE-RES-P2","1.8","Maintenance spike","false"
"2026-06-03","HC-PPE-01","Human consumables","Good","P2 dust respirator","PPE-RES-P2","0.6","Routine issue","false"
"2026-06-04","HC-PPE-01","Human consumables","Good","P2 dust respirator","PPE-RES-P2","0.6","Routine issue","false"
"2026-06-05","HC-PPE-01","Human consumables","Good","P2 dust respirator","PPE-RES-P2","0.5","Routine issue","false"
"2026-06-06","HC-PPE-01","Human consumables","Good","P2 dust respirator","PPE-RES-P2","0.6","Routine issue","false"
"2026-06-07","HC-PPE-01","Human consumables","Good","P2 dust respirator","PPE-RES-P2","0.5","Routine issue","false"
"2026-06-08","HC-PPE-01","Human consumables","Good","P2 dust respirator","PPE-RES-P2","0.5","Routine issue","false"
"2026-06-09","HC-PPE-01","Human consumables","Good","P2 dust respirator","PPE-RES-P2","0.5","Routine issue","false"
"2026-06-10","HC-PPE-01","Human consumables","Good","P2 dust respirator","PPE-RES-P2","0.6","Routine issue","false"
"2026-06-11","HC-PPE-01","Human consumables","Good","P2 dust respirator","PPE-RES-P2","0.6","Routine issue","false"
"2026-06-12","HC-PPE-01","Human consumables","Good","P2 dust respirator","PPE-RES-P2","0.5","Routine issue","false"
"2026-06-13","HC-PPE-01","Human consumables","Good","P2 dust respirator","PPE-RES-P2","0.5","Routine issue","false"
"2026-06-14","HC-PPE-01","Human consumables","Good","P2 dust respirator","PPE-RES-P2","0.5","Routine issue","false"
"2026-06-15","HC-PPE-01","Human consumables","Good","P2 dust respirator","PPE-RES-P2","0.6","Routine issue","false"
"2026-06-16","HC-PPE-01","Human consumables","Good","P2 dust respirator","PPE-RES-P2","0.5","Routine issue","false"
"2026-06-17","HC-PPE-01","Human consumables","Good","P2 dust respirator","PPE-RES-P2","0.5","Routine issue","false"
"2026-06-18","HC-PPE-01","Human consumables","Good","P2 dust respirator","PPE-RES-P2","0.6","Routine issue","false"
"2026-06-19","HC-PPE-01","Human consumables","Good","P2 dust respirator","PPE-RES-P2","0.5","Routine issue","false"
"2026-06-20","HC-PPE-01","Human consumables","Good","P2 dust respirator","PPE-RES-P2","0.5","Routine issue","false"
"2026-06-21","HC-PPE-01","Human consumables","Good","P2 dust respirator","PPE-RES-P2","0.5","Routine issue","false"
"2026-06-22","HC-PPE-01","Human consumables","Good","P2 dust respirator","PPE-RES-P2","0.6","Routine issue","false"
"2026-06-23","HC-PPE-01","Human consumables","Good","P2 dust respirator","PPE-RES-P2","0.6","Routine issue","false"
"2026-06-24","HC-PPE-01","Human consumables","Good","P2 dust respirator","PPE-RES-P2","0.6","Routine issue","false"
"2026-06-25","HC-PPE-01","Human consumables","Good","P2 dust respirator","PPE-RES-P2","0.5","Routine issue","false"
"2026-06-26","HC-PPE-01","Human consumables","Good","P2 dust respirator","PPE-RES-P2","0.6","Routine issue","false"
"2026-06-27","HC-PPE-01","Human consumables","Good","P2 dust respirator","PPE-RES-P2","0.5","Routine issue","false"
"2026-06-28","HC-PPE-01","Human consumables","Good","P2 dust respirator","PPE-RES-P2","0.5","Routine issue","false"
"2026-06-29","HC-PPE-01","Human consumables","Good","P2 dust respirator","PPE-RES-P2","0.6","Routine issue","false"
"2026-06-30","HC-PPE-01","Human consumables","Good","P2 dust respirator","PPE-RES-P2","0.5","Routine issue","false"
"2026-07-01","HC-PPE-01","Human consumables","Good","P2 dust respirator","PPE-RES-P2","0.5","Routine issue","false"
"2026-07-02","HC-PPE-01","Human consumables","Good","P2 dust respirator","PPE-RES-P2","0.6","Routine issue","false"
"2026-07-03","HC-PPE-01","Human consumables","Good","P2 dust respirator","PPE-RES-P2","0.5","Routine issue","false"
"2026-07-04","HC-PPE-01","Human consumables","Good","P2 dust respirator","PPE-RES-P2","0.6","Routine issue","false"
"2026-07-05","HC-PPE-01","Human consumables","Good","P2 dust respirator","PPE-RES-P2","0.4","Routine issue","false"
"2026-07-06","HC-PPE-01","Human consumables","Good","P2 dust respirator","PPE-RES-P2","0.4","Routine issue","false"
"2026-07-07","HC-PPE-01","Human consumables","Good","P2 dust respirator","PPE-RES-P2","0.5","Routine issue","false"
"2026-07-08","HC-PPE-01","Human consumables","Good","P2 dust respirator","PPE-RES-P2","0.4","Routine issue","false"
"2026-07-09","HC-PPE-01","Human consumables","Good","P2 dust respirator","PPE-RES-P2","1.8","Maintenance spike","false"
"2026-07-10","HC-PPE-01","Human consumables","Good","P2 dust respirator","PPE-RES-P2","0.5","Routine issue","false"
"2026-07-11","HC-PPE-01","Human consumables","Good","P2 dust respirator","PPE-RES-P2","0.6","Routine issue","false"
"2026-07-12","HC-PPE-01","Human consumables","Good","P2 dust respirator","PPE-RES-P2","0.5","Routine issue","false"
"2026-07-13","HC-PPE-01","Human consumables","Good","P2 dust respirator","PPE-RES-P2","0.6","Routine issue","false"
"2026-07-14","HC-PPE-01","Human consumables","Good","P2 dust respirator","PPE-RES-P2","0.5","Routine issue","false"
"2026-07-15","HC-PPE-01","Human consumables","Good","P2 dust respirator","PPE-RES-P2","0.5","Routine issue","false"
"2026-07-16","HC-PPE-01","Human consumables","Good","P2 dust respirator","PPE-RES-P2","0.5","Routine issue","false"
"2026-07-17","HC-PPE-01","Human consumables","Good","P2 dust respirator","PPE-RES-P2","0.5","Routine issue","false"
"2026-07-18","HC-PPE-01","Human consumables","Good","P2 dust respirator","PPE-RES-P2","0.5","Routine issue","false"
"2026-07-19","HC-PPE-01","Human consumables","Good","P2 dust respirator","PPE-RES-P2","0.4","Routine issue","false"
"2026-07-20","HC-PPE-01","Human consumables","Good","P2 dust respirator","PPE-RES-P2","0.5","Routine issue","false"
"2026-07-21","HC-PPE-01","Human consumables","Good","P2 dust respirator","PPE-RES-P2","0.5","Routine issue","false"
"2026-07-22","HC-PPE-01","Human consumables","Good","P2 dust respirator","PPE-RES-P2","0.5","Routine issue","false"
"2026-07-23","HC-PPE-01","Human consumables","Good","P2 dust respirator","PPE-RES-P2","0.5","Routine issue","false"
"2026-07-24","HC-PPE-01","Human consumables","Good","P2 dust respirator","PPE-RES-P2","0.4","Routine issue","false"
"2026-07-25","HC-PPE-01","Human consumables","Good","P2 dust respirator","PPE-RES-P2","0.5","Routine issue","false"
"2026-07-26","HC-PPE-01","Human consumables","Good","P2 dust respirator","PPE-RES-P2","0.5","Routine issue","false"
"2026-07-27","HC-PPE-01","Human consumables","Good","P2 dust respirator","PPE-RES-P2","0.5","Routine issue","false"
"2026-07-28","HC-PPE-01","Human consumables","Good","P2 dust respirator","PPE-RES-P2","0.5","Routine issue","false"
"2026-07-29","HC-PPE-01","Human consumables","Good","P2 dust respirator","PPE-RES-P2","0.5","Routine issue","false"
"2026-07-30","HC-PPE-01","Human consumables","Good","P2 dust respirator","PPE-RES-P2","0.4","Routine issue","false"
"2026-07-31","HC-PPE-01","Human consumables","Good","P2 dust respirator","PPE-RES-P2","0.5","Routine issue","false"
"2026-08-01","HC-PPE-01","Human consumables","Good","P2 dust respirator","PPE-RES-P2","0.6","Routine issue","false"
"2026-08-02","HC-PPE-01","Human consumables","Good","P2 dust respirator","PPE-RES-P2","0.5","Routine issue","false"
"2026-08-03","HC-PPE-01","Human consumables","Good","P2 dust respirator","PPE-RES-P2","0.5","Routine issue","false"
"2026-08-04","HC-PPE-01","Human consumables","Good","P2 dust respirator","PPE-RES-P2","0.4","Routine issue","false"
"2026-08-05","HC-PPE-01","Human consumables","Good","P2 dust respirator","PPE-RES-P2","1.9","Anomaly","true"
"2026-08-06","HC-PPE-01","Human consumables","Good","P2 dust respirator","PPE-RES-P2","0.6","Routine issue","false"
"2026-08-07","HC-PPE-01","Human consumables","Good","P2 dust respirator","PPE-RES-P2","0.5","Routine issue","false"
"2026-08-08","HC-PPE-01","Human consumables","Good","P2 dust respirator","PPE-RES-P2","0.5","Routine issue","false"
"2026-08-09","HC-PPE-01","Human consumables","Good","P2 dust respirator","PPE-RES-P2","0.6","Routine issue","false"
"2026-08-10","HC-PPE-01","Human consumables","Good","P2 dust respirator","PPE-RES-P2","0.5","Routine issue","false"
"2026-08-11","HC-PPE-01","Human consumables","Good","P2 dust respirator","PPE-RES-P2","0.5","Routine issue","false"
"2026-08-12","HC-PPE-01","Human consumables","Good","P2 dust respirator","PPE-RES-P2","0.5","Routine issue","false"
"2026-08-13","HC-PPE-01","Human consumables","Good","P2 dust respirator","PPE-RES-P2","0.5","Routine issue","false"
"2026-08-14","HC-PPE-01","Human consumables","Good","P2 dust respirator","PPE-RES-P2","0.5","Routine issue","false"
"2026-08-15","HC-PPE-01","Human consumables","Good","P2 dust respirator","PPE-RES-P2","1.7","Maintenance spike","false"
"2026-08-16","HC-PPE-01","Human consumables","Good","P2 dust respirator","PPE-RES-P2","0.5","Routine issue","false"
"2026-08-17","HC-PPE-01","Human consumables","Good","P2 dust respirator","PPE-RES-P2","0.4","Routine issue","false"
"2026-08-18","HC-PPE-01","Human consumables","Good","P2 dust respirator","PPE-RES-P2","0.5","Routine issue","false"
"2026-08-19","HC-PPE-01","Human consumables","Good","P2 dust respirator","PPE-RES-P2","0.5","Routine issue","false"
"2026-08-20","HC-PPE-01","Human consumables","Good","P2 dust respirator","PPE-RES-P2","0.6","Routine issue","false"
"2026-08-21","HC-PPE-01","Human consumables","Good","P2 dust respirator","PPE-RES-P2","0.6","Routine issue","false"
"2026-08-22","HC-PPE-01","Human consumables","Good","P2 dust respirator","PPE-RES-P2","0.5","Routine issue","false"
"2026-08-23","HC-PPE-01","Human consumables","Good","P2 dust respirator","PPE-RES-P2","0.6","Routine issue","false"
"2026-08-24","HC-PPE-01","Human consumables","Good","P2 dust respirator","PPE-RES-P2","0.4","Routine issue","false"
"2026-08-25","HC-PPE-01","Human consumables","Good","P2 dust respirator","PPE-RES-P2","0.4","Routine issue","false"
"2026-08-26","HC-PPE-01","Human consumables","Good","P2 dust respirator","PPE-RES-P2","0.5","Routine issue","false"
"2026-08-27","HC-PPE-01","Human consumables","Good","P2 dust respirator","PPE-RES-P2","0.5","Routine issue","false"
"2026-08-28","HC-PPE-01","Human consumables","Good","P2 dust respirator","PPE-RES-P2","0.4","Routine issue","false"
"2026-08-29","HC-PPE-01","Human consumables","Good","P2 dust respirator","PPE-RES-P2","0.5","Routine issue","false"
"2026-08-30","HC-PPE-01","Human consumables","Good","P2 dust respirator","PPE-RES-P2","0.5","Routine issue","false"
"2026-08-31","HC-PPE-01","Human consumables","Good","P2 dust respirator","PPE-RES-P2","0.5","Routine issue","false"
"2026-09-01","HC-PPE-01","Human consumables","Good","P2 dust respirator","PPE-RES-P2","0.5","Routine issue","false"
"2026-09-02","HC-PPE-01","Human consumables","Good","P2 dust respirator","PPE-RES-P2","0.5","Routine issue","false"
"2026-09-03","HC-PPE-01","Human consumables","Good","P2 dust respirator","PPE-RES-P2","0.6","Routine issue","false"
"2026-09-04","HC-PPE-01","Human consumables","Good","P2 dust respirator","PPE-RES-P2","0.4","Routine issue","false"
"2026-09-05","HC-PPE-01","Human consumables","Good","P2 dust respirator","PPE-RES-P2","0.6","Routine issue","false"
"2026-09-06","HC-PPE-01","Human consumables","Good","P2 dust respirator","PPE-RES-P2","0.6","Routine issue","false"
"2026-09-07","HC-PPE-01","Human consumables","Good","P2 dust respirator","PPE-RES-P2","0.6","Routine issue","false"
"2026-09-08","HC-PPE-01","Human consumables","Good","P2 dust respirator","PPE-RES-P2","0.6","Routine issue","false"
"2026-09-09","HC-PPE-01","Human consumables","Good","P2 dust respirator","PPE-RES-P2","0.6","Routine issue","false"
"2026-09-10","HC-PPE-01","Human consumables","Good","P2 dust respirator","PPE-RES-P2","0.5","Routine issue","false"
"2026-09-11","HC-PPE-01","Human consumables","Good","P2 dust respirator","PPE-RES-P2","0.5","Routine issue","false"
"2026-09-12","HC-PPE-01","Human consumables","Good","P2 dust respirator","PPE-RES-P2","0.6","Routine issue","false"
"2026-09-13","HC-PPE-01","Human consumables","Good","P2 dust respirator","PPE-RES-P2","0.5","Routine issue","false"
"2026-03-18","HC-LGT-02","Human consumables","Good","Lamp battery pack","PPE-BAT-LMP","0.4","Routine issue","false"
"2026-03-19","HC-LGT-02","Human consumables","Good","Lamp battery pack","PPE-BAT-LMP","0.5","Routine issue","false"
"2026-03-20","HC-LGT-02","Human consumables","Good","Lamp battery pack","PPE-BAT-LMP","0.5","Routine issue","false"
"2026-03-21","HC-LGT-02","Human consumables","Good","Lamp battery pack","PPE-BAT-LMP","1.6","Maintenance spike","false"
"2026-03-22","HC-LGT-02","Human consumables","Good","Lamp battery pack","PPE-BAT-LMP","0.5","Routine issue","false"
"2026-03-23","HC-LGT-02","Human consumables","Good","Lamp battery pack","PPE-BAT-LMP","0.5","Routine issue","false"
"2026-03-24","HC-LGT-02","Human consumables","Good","Lamp battery pack","PPE-BAT-LMP","0.4","Routine issue","false"
"2026-03-25","HC-LGT-02","Human consumables","Good","Lamp battery pack","PPE-BAT-LMP","0.5","Routine issue","false"
"2026-03-26","HC-LGT-02","Human consumables","Good","Lamp battery pack","PPE-BAT-LMP","0.4","Routine issue","false"
"2026-03-27","HC-LGT-02","Human consumables","Good","Lamp battery pack","PPE-BAT-LMP","0.4","Routine issue","false"
"2026-03-28","HC-LGT-02","Human consumables","Good","Lamp battery pack","PPE-BAT-LMP","0.5","Routine issue","false"
"2026-03-29","HC-LGT-02","Human consumables","Good","Lamp battery pack","PPE-BAT-LMP","0.4","Routine issue","false"
"2026-03-30","HC-LGT-02","Human consumables","Good","Lamp battery pack","PPE-BAT-LMP","0.4","Routine issue","false"
"2026-03-31","HC-LGT-02","Human consumables","Good","Lamp battery pack","PPE-BAT-LMP","0.5","Routine issue","false"
"2026-04-01","HC-LGT-02","Human consumables","Good","Lamp battery pack","PPE-BAT-LMP","0.5","Routine issue","false"
"2026-04-02","HC-LGT-02","Human consumables","Good","Lamp battery pack","PPE-BAT-LMP","0.5","Routine issue","false"
"2026-04-03","HC-LGT-02","Human consumables","Good","Lamp battery pack","PPE-BAT-LMP","0.5","Routine issue","false"
"2026-04-04","HC-LGT-02","Human consumables","Good","Lamp battery pack","PPE-BAT-LMP","0.4","Routine issue","false"
"2026-04-05","HC-LGT-02","Human consumables","Good","Lamp battery pack","PPE-BAT-LMP","0.4","Routine issue","false"
"2026-04-06","HC-LGT-02","Human consumables","Good","Lamp battery pack","PPE-BAT-LMP","0.5","Routine issue","false"
"2026-04-07","HC-LGT-02","Human consumables","Good","Lamp battery pack","PPE-BAT-LMP","0.5","Routine issue","false"
"2026-04-08","HC-LGT-02","Human consumables","Good","Lamp battery pack","PPE-BAT-LMP","0.5","Routine issue","false"
"2026-04-09","HC-LGT-02","Human consumables","Good","Lamp battery pack","PPE-BAT-LMP","0.5","Routine issue","false"
"2026-04-10","HC-LGT-02","Human consumables","Good","Lamp battery pack","PPE-BAT-LMP","0.5","Routine issue","false"
"2026-04-11","HC-LGT-02","Human consumables","Good","Lamp battery pack","PPE-BAT-LMP","0.5","Routine issue","false"
"2026-04-12","HC-LGT-02","Human consumables","Good","Lamp battery pack","PPE-BAT-LMP","0.5","Routine issue","false"
"2026-04-13","HC-LGT-02","Human consumables","Good","Lamp battery pack","PPE-BAT-LMP","0.5","Routine issue","false"
"2026-04-14","HC-LGT-02","Human consumables","Good","Lamp battery pack","PPE-BAT-LMP","0.4","Routine issue","false"
"2026-04-15","HC-LGT-02","Human consumables","Good","Lamp battery pack","PPE-BAT-LMP","0.4","Routine issue","false"
"2026-04-16","HC-LGT-02","Human consumables","Good","Lamp battery pack","PPE-BAT-LMP","0.5","Routine issue","false"
"2026-04-17","HC-LGT-02","Human consumables","Good","Lamp battery pack","PPE-BAT-LMP","0.5","Routine issue","false"
"2026-04-18","HC-LGT-02","Human consumables","Good","Lamp battery pack","PPE-BAT-LMP","0.5","Routine issue","false"
"2026-04-19","HC-LGT-02","Human consumables","Good","Lamp battery pack","PPE-BAT-LMP","0.5","Routine issue","false"
"2026-04-20","HC-LGT-02","Human consumables","Good","Lamp battery pack","PPE-BAT-LMP","0.5","Routine issue","false"
"2026-04-21","HC-LGT-02","Human consumables","Good","Lamp battery pack","PPE-BAT-LMP","0.5","Routine issue","false"
"2026-04-22","HC-LGT-02","Human consumables","Good","Lamp battery pack","PPE-BAT-LMP","0.5","Routine issue","false"
"2026-04-23","HC-LGT-02","Human consumables","Good","Lamp battery pack","PPE-BAT-LMP","0.5","Routine issue","false"
"2026-04-24","HC-LGT-02","Human consumables","Good","Lamp battery pack","PPE-BAT-LMP","0.5","Routine issue","false"
"2026-04-25","HC-LGT-02","Human consumables","Good","Lamp battery pack","PPE-BAT-LMP","0.5","Routine issue","false"
"2026-04-26","HC-LGT-02","Human consumables","Good","Lamp battery pack","PPE-BAT-LMP","0.5","Routine issue","false"
"2026-04-27","HC-LGT-02","Human consumables","Good","Lamp battery pack","PPE-BAT-LMP","1.6","Maintenance spike","false"
"2026-04-28","HC-LGT-02","Human consumables","Good","Lamp battery pack","PPE-BAT-LMP","0.5","Routine issue","false"
"2026-04-29","HC-LGT-02","Human consumables","Good","Lamp battery pack","PPE-BAT-LMP","0.5","Routine issue","false"
"2026-04-30","HC-LGT-02","Human consumables","Good","Lamp battery pack","PPE-BAT-LMP","0.5","Routine issue","false"
"2026-05-01","HC-LGT-02","Human consumables","Good","Lamp battery pack","PPE-BAT-LMP","0.5","Routine issue","false"
"2026-05-02","HC-LGT-02","Human consumables","Good","Lamp battery pack","PPE-BAT-LMP","0.5","Routine issue","false"
"2026-05-03","HC-LGT-02","Human consumables","Good","Lamp battery pack","PPE-BAT-LMP","0.5","Routine issue","false"
"2026-05-04","HC-LGT-02","Human consumables","Good","Lamp battery pack","PPE-BAT-LMP","0.5","Routine issue","false"
"2026-05-05","HC-LGT-02","Human consumables","Good","Lamp battery pack","PPE-BAT-LMP","0.5","Routine issue","false"
"2026-05-06","HC-LGT-02","Human consumables","Good","Lamp battery pack","PPE-BAT-LMP","0.5","Routine issue","false"
"2026-05-07","HC-LGT-02","Human consumables","Good","Lamp battery pack","PPE-BAT-LMP","0.5","Routine issue","false"
"2026-05-08","HC-LGT-02","Human consumables","Good","Lamp battery pack","PPE-BAT-LMP","0.5","Routine issue","false"
"2026-05-09","HC-LGT-02","Human consumables","Good","Lamp battery pack","PPE-BAT-LMP","0.5","Routine issue","false"
"2026-05-10","HC-LGT-02","Human consumables","Good","Lamp battery pack","PPE-BAT-LMP","0.4","Routine issue","false"
"2026-05-11","HC-LGT-02","Human consumables","Good","Lamp battery pack","PPE-BAT-LMP","0.5","Routine issue","false"
"2026-05-12","HC-LGT-02","Human consumables","Good","Lamp battery pack","PPE-BAT-LMP","0.5","Routine issue","false"
"2026-05-13","HC-LGT-02","Human consumables","Good","Lamp battery pack","PPE-BAT-LMP","0.5","Routine issue","false"
"2026-05-14","HC-LGT-02","Human consumables","Good","Lamp battery pack","PPE-BAT-LMP","0.5","Routine issue","false"
"2026-05-15","HC-LGT-02","Human consumables","Good","Lamp battery pack","PPE-BAT-LMP","1.6","Anomaly","true"
"2026-05-16","HC-LGT-02","Human consumables","Good","Lamp battery pack","PPE-BAT-LMP","0.4","Routine issue","false"
"2026-05-17","HC-LGT-02","Human consumables","Good","Lamp battery pack","PPE-BAT-LMP","0.5","Routine issue","false"
"2026-05-18","HC-LGT-02","Human consumables","Good","Lamp battery pack","PPE-BAT-LMP","0.5","Routine issue","false"
"2026-05-19","HC-LGT-02","Human consumables","Good","Lamp battery pack","PPE-BAT-LMP","0.5","Routine issue","false"
"2026-05-20","HC-LGT-02","Human consumables","Good","Lamp battery pack","PPE-BAT-LMP","0.5","Routine issue","false"
"2026-05-21","HC-LGT-02","Human consumables","Good","Lamp battery pack","PPE-BAT-LMP","0.5","Routine issue","false"
"2026-05-22","HC-LGT-02","Human consumables","Good","Lamp battery pack","PPE-BAT-LMP","0.5","Routine issue","false"
"2026-05-23","HC-LGT-02","Human consumables","Good","Lamp battery pack","PPE-BAT-LMP","0.5","Routine issue","false"
"2026-05-24","HC-LGT-02","Human consumables","Good","Lamp battery pack","PPE-BAT-LMP","0.5","Routine issue","false"
"2026-05-25","HC-LGT-02","Human consumables","Good","Lamp battery pack","PPE-BAT-LMP","0.5","Routine issue","false"
"2026-05-26","HC-LGT-02","Human consumables","Good","Lamp battery pack","PPE-BAT-LMP","0.4","Routine issue","false"
"2026-05-27","HC-LGT-02","Human consumables","Good","Lamp battery pack","PPE-BAT-LMP","0.4","Routine issue","false"
"2026-05-28","HC-LGT-02","Human consumables","Good","Lamp battery pack","PPE-BAT-LMP","0.4","Routine issue","false"
"2026-05-29","HC-LGT-02","Human consumables","Good","Lamp battery pack","PPE-BAT-LMP","0.5","Routine issue","false"
"2026-05-30","HC-LGT-02","Human consumables","Good","Lamp battery pack","PPE-BAT-LMP","0.5","Routine issue","false"
"2026-05-31","HC-LGT-02","Human consumables","Good","Lamp battery pack","PPE-BAT-LMP","0.4","Routine issue","false"
"2026-06-01","HC-LGT-02","Human consumables","Good","Lamp battery pack","PPE-BAT-LMP","0.5","Routine issue","false"
"2026-06-02","HC-LGT-02","Human consumables","Good","Lamp battery pack","PPE-BAT-LMP","0.4","Routine issue","false"
"2026-06-03","HC-LGT-02","Human consumables","Good","Lamp battery pack","PPE-BAT-LMP","1.5","Maintenance spike","false"
"2026-06-04","HC-LGT-02","Human consumables","Good","Lamp battery pack","PPE-BAT-LMP","0.4","Routine issue","false"
"2026-06-05","HC-LGT-02","Human consumables","Good","Lamp battery pack","PPE-BAT-LMP","0.5","Routine issue","false"
"2026-06-06","HC-LGT-02","Human consumables","Good","Lamp battery pack","PPE-BAT-LMP","0.5","Routine issue","false"
"2026-06-07","HC-LGT-02","Human consumables","Good","Lamp battery pack","PPE-BAT-LMP","0.5","Routine issue","false"
"2026-06-08","HC-LGT-02","Human consumables","Good","Lamp battery pack","PPE-BAT-LMP","0.4","Routine issue","false"
"2026-06-09","HC-LGT-02","Human consumables","Good","Lamp battery pack","PPE-BAT-LMP","0.5","Routine issue","false"
"2026-06-10","HC-LGT-02","Human consumables","Good","Lamp battery pack","PPE-BAT-LMP","0.5","Routine issue","false"
"2026-06-11","HC-LGT-02","Human consumables","Good","Lamp battery pack","PPE-BAT-LMP","0.4","Routine issue","false"
"2026-06-12","HC-LGT-02","Human consumables","Good","Lamp battery pack","PPE-BAT-LMP","0.5","Routine issue","false"
"2026-06-13","HC-LGT-02","Human consumables","Good","Lamp battery pack","PPE-BAT-LMP","0.4","Routine issue","false"
"2026-06-14","HC-LGT-02","Human consumables","Good","Lamp battery pack","PPE-BAT-LMP","0.4","Routine issue","false"
"2026-06-15","HC-LGT-02","Human consumables","Good","Lamp battery pack","PPE-BAT-LMP","0.5","Routine issue","false"
"2026-06-16","HC-LGT-02","Human consumables","Good","Lamp battery pack","PPE-BAT-LMP","0.4","Routine issue","false"
"2026-06-17","HC-LGT-02","Human consumables","Good","Lamp battery pack","PPE-BAT-LMP","0.5","Routine issue","false"
"2026-06-18","HC-LGT-02","Human consumables","Good","Lamp battery pack","PPE-BAT-LMP","0.4","Routine issue","false"
"2026-06-19","HC-LGT-02","Human consumables","Good","Lamp battery pack","PPE-BAT-LMP","0.4","Routine issue","false"
"2026-06-20","HC-LGT-02","Human consumables","Good","Lamp battery pack","PPE-BAT-LMP","0.4","Routine issue","false"
"2026-06-21","HC-LGT-02","Human consumables","Good","Lamp battery pack","PPE-BAT-LMP","0.4","Routine issue","false"
"2026-06-22","HC-LGT-02","Human consumables","Good","Lamp battery pack","PPE-BAT-LMP","0.5","Routine issue","false"
"2026-06-23","HC-LGT-02","Human consumables","Good","Lamp battery pack","PPE-BAT-LMP","0.4","Routine issue","false"
"2026-06-24","HC-LGT-02","Human consumables","Good","Lamp battery pack","PPE-BAT-LMP","0.5","Routine issue","false"
"2026-06-25","HC-LGT-02","Human consumables","Good","Lamp battery pack","PPE-BAT-LMP","0.5","Routine issue","false"
"2026-06-26","HC-LGT-02","Human consumables","Good","Lamp battery pack","PPE-BAT-LMP","0.5","Routine issue","false"
"2026-06-27","HC-LGT-02","Human consumables","Good","Lamp battery pack","PPE-BAT-LMP","0.4","Routine issue","false"
"2026-06-28","HC-LGT-02","Human consumables","Good","Lamp battery pack","PPE-BAT-LMP","0.4","Routine issue","false"
"2026-06-29","HC-LGT-02","Human consumables","Good","Lamp battery pack","PPE-BAT-LMP","0.4","Routine issue","false"
"2026-06-30","HC-LGT-02","Human consumables","Good","Lamp battery pack","PPE-BAT-LMP","0.4","Routine issue","false"
"2026-07-01","HC-LGT-02","Human consumables","Good","Lamp battery pack","PPE-BAT-LMP","0.4","Routine issue","false"
"2026-07-02","HC-LGT-02","Human consumables","Good","Lamp battery pack","PPE-BAT-LMP","0.4","Routine issue","false"
"2026-07-03","HC-LGT-02","Human consumables","Good","Lamp battery pack","PPE-BAT-LMP","0.4","Routine issue","false"
"2026-07-04","HC-LGT-02","Human consumables","Good","Lamp battery pack","PPE-BAT-LMP","0.4","Routine issue","false"
"2026-07-05","HC-LGT-02","Human consumables","Good","Lamp battery pack","PPE-BAT-LMP","0.5","Routine issue","false"
"2026-07-06","HC-LGT-02","Human consumables","Good","Lamp battery pack","PPE-BAT-LMP","0.5","Routine issue","false"
"2026-07-07","HC-LGT-02","Human consumables","Good","Lamp battery pack","PPE-BAT-LMP","0.4","Routine issue","false"
"2026-07-08","HC-LGT-02","Human consumables","Good","Lamp battery pack","PPE-BAT-LMP","0.5","Routine issue","false"
"2026-07-09","HC-LGT-02","Human consumables","Good","Lamp battery pack","PPE-BAT-LMP","0.4","Routine issue","false"
"2026-07-10","HC-LGT-02","Human consumables","Good","Lamp battery pack","PPE-BAT-LMP","1.5","Maintenance spike","false"
"2026-07-11","HC-LGT-02","Human consumables","Good","Lamp battery pack","PPE-BAT-LMP","0.4","Routine issue","false"
"2026-07-12","HC-LGT-02","Human consumables","Good","Lamp battery pack","PPE-BAT-LMP","0.4","Routine issue","false"
"2026-07-13","HC-LGT-02","Human consumables","Good","Lamp battery pack","PPE-BAT-LMP","0.4","Routine issue","false"
"2026-07-14","HC-LGT-02","Human consumables","Good","Lamp battery pack","PPE-BAT-LMP","0.5","Routine issue","false"
"2026-07-15","HC-LGT-02","Human consumables","Good","Lamp battery pack","PPE-BAT-LMP","0.5","Routine issue","false"
"2026-07-16","HC-LGT-02","Human consumables","Good","Lamp battery pack","PPE-BAT-LMP","0.4","Routine issue","false"
"2026-07-17","HC-LGT-02","Human consumables","Good","Lamp battery pack","PPE-BAT-LMP","0.4","Routine issue","false"
"2026-07-18","HC-LGT-02","Human consumables","Good","Lamp battery pack","PPE-BAT-LMP","0.4","Routine issue","false"
"2026-07-19","HC-LGT-02","Human consumables","Good","Lamp battery pack","PPE-BAT-LMP","0.5","Routine issue","false"
"2026-07-20","HC-LGT-02","Human consumables","Good","Lamp battery pack","PPE-BAT-LMP","0.5","Routine issue","false"
"2026-07-21","HC-LGT-02","Human consumables","Good","Lamp battery pack","PPE-BAT-LMP","0.4","Routine issue","false"
"2026-07-22","HC-LGT-02","Human consumables","Good","Lamp battery pack","PPE-BAT-LMP","0.4","Routine issue","false"
"2026-07-23","HC-LGT-02","Human consumables","Good","Lamp battery pack","PPE-BAT-LMP","0.5","Routine issue","false"
"2026-07-24","HC-LGT-02","Human consumables","Good","Lamp battery pack","PPE-BAT-LMP","0.5","Routine issue","false"
"2026-07-25","HC-LGT-02","Human consumables","Good","Lamp battery pack","PPE-BAT-LMP","0.4","Routine issue","false"
"2026-07-26","HC-LGT-02","Human consumables","Good","Lamp battery pack","PPE-BAT-LMP","0.4","Routine issue","false"
"2026-07-27","HC-LGT-02","Human consumables","Good","Lamp battery pack","PPE-BAT-LMP","0.4","Routine issue","false"
"2026-07-28","HC-LGT-02","Human consumables","Good","Lamp battery pack","PPE-BAT-LMP","0.4","Routine issue","false"
"2026-07-29","HC-LGT-02","Human consumables","Good","Lamp battery pack","PPE-BAT-LMP","0.4","Routine issue","false"
"2026-07-30","HC-LGT-02","Human consumables","Good","Lamp battery pack","PPE-BAT-LMP","0.4","Routine issue","false"
"2026-07-31","HC-LGT-02","Human consumables","Good","Lamp battery pack","PPE-BAT-LMP","0.4","Routine issue","false"
"2026-08-01","HC-LGT-02","Human consumables","Good","Lamp battery pack","PPE-BAT-LMP","0.4","Routine issue","false"
"2026-08-02","HC-LGT-02","Human consumables","Good","Lamp battery pack","PPE-BAT-LMP","0.4","Routine issue","false"
"2026-08-03","HC-LGT-02","Human consumables","Good","Lamp battery pack","PPE-BAT-LMP","0.5","Routine issue","false"
"2026-08-04","HC-LGT-02","Human consumables","Good","Lamp battery pack","PPE-BAT-LMP","0.5","Routine issue","false"
"2026-08-05","HC-LGT-02","Human consumables","Good","Lamp battery pack","PPE-BAT-LMP","0.5","Routine issue","false"
"2026-08-06","HC-LGT-02","Human consumables","Good","Lamp battery pack","PPE-BAT-LMP","0.5","Routine issue","false"
"2026-08-07","HC-LGT-02","Human consumables","Good","Lamp battery pack","PPE-BAT-LMP","0.4","Routine issue","false"
"2026-08-08","HC-LGT-02","Human consumables","Good","Lamp battery pack","PPE-BAT-LMP","0.4","Routine issue","false"
"2026-08-09","HC-LGT-02","Human consumables","Good","Lamp battery pack","PPE-BAT-LMP","0.4","Routine issue","false"
"2026-08-10","HC-LGT-02","Human consumables","Good","Lamp battery pack","PPE-BAT-LMP","0.5","Routine issue","false"
"2026-08-11","HC-LGT-02","Human consumables","Good","Lamp battery pack","PPE-BAT-LMP","0.4","Routine issue","false"
"2026-08-12","HC-LGT-02","Human consumables","Good","Lamp battery pack","PPE-BAT-LMP","0.4","Routine issue","false"
"2026-08-13","HC-LGT-02","Human consumables","Good","Lamp battery pack","PPE-BAT-LMP","0.4","Routine issue","false"
"2026-08-14","HC-LGT-02","Human consumables","Good","Lamp battery pack","PPE-BAT-LMP","0.4","Routine issue","false"
"2026-08-15","HC-LGT-02","Human consumables","Good","Lamp battery pack","PPE-BAT-LMP","0.4","Routine issue","false"
"2026-08-16","HC-LGT-02","Human consumables","Good","Lamp battery pack","PPE-BAT-LMP","1.4","Maintenance spike","false"
"2026-08-17","HC-LGT-02","Human consumables","Good","Lamp battery pack","PPE-BAT-LMP","0.5","Routine issue","false"
"2026-08-18","HC-LGT-02","Human consumables","Good","Lamp battery pack","PPE-BAT-LMP","0.4","Routine issue","false"
"2026-08-19","HC-LGT-02","Human consumables","Good","Lamp battery pack","PPE-BAT-LMP","0.5","Routine issue","false"
"2026-08-20","HC-LGT-02","Human consumables","Good","Lamp battery pack","PPE-BAT-LMP","0.5","Routine issue","false"
"2026-08-21","HC-LGT-02","Human consumables","Good","Lamp battery pack","PPE-BAT-LMP","0.5","Routine issue","false"
"2026-08-22","HC-LGT-02","Human consumables","Good","Lamp battery pack","PPE-BAT-LMP","0.5","Routine issue","false"
"2026-08-23","HC-LGT-02","Human consumables","Good","Lamp battery pack","PPE-BAT-LMP","0.5","Routine issue","false"
"2026-08-24","HC-LGT-02","Human consumables","Good","Lamp battery pack","PPE-BAT-LMP","0.4","Routine issue","false"
"2026-08-25","HC-LGT-02","Human consumables","Good","Lamp battery pack","PPE-BAT-LMP","0.4","Routine issue","false"
"2026-08-26","HC-LGT-02","Human consumables","Good","Lamp battery pack","PPE-BAT-LMP","0.5","Routine issue","false"
"2026-08-27","HC-LGT-02","Human consumables","Good","Lamp battery pack","PPE-BAT-LMP","0.4","Routine issue","false"
"2026-08-28","HC-LGT-02","Human consumables","Good","Lamp battery pack","PPE-BAT-LMP","0.5","Routine issue","false"
"2026-08-29","HC-LGT-02","Human consumables","Good","Lamp battery pack","PPE-BAT-LMP","0.5","Routine issue","false"
"2026-08-30","HC-LGT-02","Human consumables","Good","Lamp battery pack","PPE-BAT-LMP","0.5","Routine issue","false"
"2026-08-31","HC-LGT-02","Human consumables","Good","Lamp battery pack","PPE-BAT-LMP","0.4","Routine issue","false"
"2026-09-01","HC-LGT-02","Human consumables","Good","Lamp battery pack","PPE-BAT-LMP","0.4","Routine issue","false"
"2026-09-02","HC-LGT-02","Human consumables","Good","Lamp battery pack","PPE-BAT-LMP","0.4","Routine issue","false"
"2026-09-03","HC-LGT-02","Human consumables","Good","Lamp battery pack","PPE-BAT-LMP","0.4","Routine issue","false"
"2026-09-04","HC-LGT-02","Human consumables","Good","Lamp battery pack","PPE-BAT-LMP","0.4","Routine issue","false"
"2026-09-05","HC-LGT-02","Human consumables","Good","Lamp battery pack","PPE-BAT-LMP","0.4","Routine issue","false"
"2026-09-06","HC-LGT-02","Human consumables","Good","Lamp battery pack","PPE-BAT-LMP","0.5","Routine issue","false"
"2026-09-07","HC-LGT-02","Human consumables","Good","Lamp battery pack","PPE-BAT-LMP","0.4","Routine issue","false"
"2026-09-08","HC-LGT-02","Human consumables","Good","Lamp battery pack","PPE-BAT-LMP","0.5","Routine issue","false"
"2026-09-09","HC-LGT-02","Human consumables","Good","Lamp battery pack","PPE-BAT-LMP","0.5","Routine issue","false"
"2026-09-10","HC-LGT-02","Human consumables","Good","Lamp battery pack","PPE-BAT-LMP","0.4","Routine issue","false"
"2026-09-11","HC-LGT-02","Human consumables","Good","Lamp battery pack","PPE-BAT-LMP","0.5","Routine issue","false"
"2026-09-12","HC-LGT-02","Human consumables","Good","Lamp battery pack","PPE-BAT-LMP","0.4","Routine issue","false"
"2026-09-13","HC-LGT-02","Human consumables","Good","Lamp battery pack","PPE-BAT-LMP","0.4","Routine issue","false"
"2026-03-18","HC-HYG-03","Human consumables","Good","Class 5 earplugs","PPE-EAR-C5","0.8","Routine issue","false"
"2026-03-19","HC-HYG-03","Human consumables","Good","Class 5 earplugs","PPE-EAR-C5","0.8","Routine issue","false"
"2026-03-20","HC-HYG-03","Human consumables","Good","Class 5 earplugs","PPE-EAR-C5","0.9","Routine issue","false"
"2026-03-21","HC-HYG-03","Human consumables","Good","Class 5 earplugs","PPE-EAR-C5","1","Routine issue","false"
"2026-03-22","HC-HYG-03","Human consumables","Good","Class 5 earplugs","PPE-EAR-C5","3","Maintenance spike","false"
"2026-03-23","HC-HYG-03","Human consumables","Good","Class 5 earplugs","PPE-EAR-C5","0.9","Routine issue","false"
"2026-03-24","HC-HYG-03","Human consumables","Good","Class 5 earplugs","PPE-EAR-C5","0.9","Routine issue","false"
"2026-03-25","HC-HYG-03","Human consumables","Good","Class 5 earplugs","PPE-EAR-C5","0.9","Routine issue","false"
"2026-03-26","HC-HYG-03","Human consumables","Good","Class 5 earplugs","PPE-EAR-C5","0.9","Routine issue","false"
"2026-03-27","HC-HYG-03","Human consumables","Good","Class 5 earplugs","PPE-EAR-C5","1","Routine issue","false"
"2026-03-28","HC-HYG-03","Human consumables","Good","Class 5 earplugs","PPE-EAR-C5","0.8","Routine issue","false"
"2026-03-29","HC-HYG-03","Human consumables","Good","Class 5 earplugs","PPE-EAR-C5","0.8","Routine issue","false"
"2026-03-30","HC-HYG-03","Human consumables","Good","Class 5 earplugs","PPE-EAR-C5","1","Routine issue","false"
"2026-03-31","HC-HYG-03","Human consumables","Good","Class 5 earplugs","PPE-EAR-C5","1","Routine issue","false"
"2026-04-01","HC-HYG-03","Human consumables","Good","Class 5 earplugs","PPE-EAR-C5","1","Routine issue","false"
"2026-04-02","HC-HYG-03","Human consumables","Good","Class 5 earplugs","PPE-EAR-C5","1","Routine issue","false"
"2026-04-03","HC-HYG-03","Human consumables","Good","Class 5 earplugs","PPE-EAR-C5","1","Routine issue","false"
"2026-04-04","HC-HYG-03","Human consumables","Good","Class 5 earplugs","PPE-EAR-C5","0.9","Routine issue","false"
"2026-04-05","HC-HYG-03","Human consumables","Good","Class 5 earplugs","PPE-EAR-C5","0.9","Routine issue","false"
"2026-04-06","HC-HYG-03","Human consumables","Good","Class 5 earplugs","PPE-EAR-C5","0.9","Routine issue","false"
"2026-04-07","HC-HYG-03","Human consumables","Good","Class 5 earplugs","PPE-EAR-C5","1","Routine issue","false"
"2026-04-08","HC-HYG-03","Human consumables","Good","Class 5 earplugs","PPE-EAR-C5","1","Routine issue","false"
"2026-04-09","HC-HYG-03","Human consumables","Good","Class 5 earplugs","PPE-EAR-C5","1","Routine issue","false"
"2026-04-10","HC-HYG-03","Human consumables","Good","Class 5 earplugs","PPE-EAR-C5","1","Routine issue","false"
"2026-04-11","HC-HYG-03","Human consumables","Good","Class 5 earplugs","PPE-EAR-C5","1","Routine issue","false"
"2026-04-12","HC-HYG-03","Human consumables","Good","Class 5 earplugs","PPE-EAR-C5","0.9","Routine issue","false"
"2026-04-13","HC-HYG-03","Human consumables","Good","Class 5 earplugs","PPE-EAR-C5","1","Routine issue","false"
"2026-04-14","HC-HYG-03","Human consumables","Good","Class 5 earplugs","PPE-EAR-C5","1","Routine issue","false"
"2026-04-15","HC-HYG-03","Human consumables","Good","Class 5 earplugs","PPE-EAR-C5","0.9","Routine issue","false"
"2026-04-16","HC-HYG-03","Human consumables","Good","Class 5 earplugs","PPE-EAR-C5","1.1","Routine issue","false"
"2026-04-17","HC-HYG-03","Human consumables","Good","Class 5 earplugs","PPE-EAR-C5","0.9","Routine issue","false"
"2026-04-18","HC-HYG-03","Human consumables","Good","Class 5 earplugs","PPE-EAR-C5","1.1","Routine issue","false"
"2026-04-19","HC-HYG-03","Human consumables","Good","Class 5 earplugs","PPE-EAR-C5","0.9","Routine issue","false"
"2026-04-20","HC-HYG-03","Human consumables","Good","Class 5 earplugs","PPE-EAR-C5","1","Routine issue","false"
"2026-04-21","HC-HYG-03","Human consumables","Good","Class 5 earplugs","PPE-EAR-C5","1","Routine issue","false"
"2026-04-22","HC-HYG-03","Human consumables","Good","Class 5 earplugs","PPE-EAR-C5","1","Routine issue","false"
"2026-04-23","HC-HYG-03","Human consumables","Good","Class 5 earplugs","PPE-EAR-C5","0.9","Routine issue","false"
"2026-04-24","HC-HYG-03","Human consumables","Good","Class 5 earplugs","PPE-EAR-C5","1","Routine issue","false"
"2026-04-25","HC-HYG-03","Human consumables","Good","Class 5 earplugs","PPE-EAR-C5","0.9","Routine issue","false"
"2026-04-26","HC-HYG-03","Human consumables","Good","Class 5 earplugs","PPE-EAR-C5","0.9","Routine issue","false"
"2026-04-27","HC-HYG-03","Human consumables","Good","Class 5 earplugs","PPE-EAR-C5","1","Routine issue","false"
"2026-04-28","HC-HYG-03","Human consumables","Good","Class 5 earplugs","PPE-EAR-C5","3","Maintenance spike","false"
"2026-04-29","HC-HYG-03","Human consumables","Good","Class 5 earplugs","PPE-EAR-C5","0.9","Routine issue","false"
"2026-04-30","HC-HYG-03","Human consumables","Good","Class 5 earplugs","PPE-EAR-C5","1","Routine issue","false"
"2026-05-01","HC-HYG-03","Human consumables","Good","Class 5 earplugs","PPE-EAR-C5","1","Routine issue","false"
"2026-05-02","HC-HYG-03","Human consumables","Good","Class 5 earplugs","PPE-EAR-C5","0.9","Routine issue","false"
"2026-05-03","HC-HYG-03","Human consumables","Good","Class 5 earplugs","PPE-EAR-C5","1","Routine issue","false"
"2026-05-04","HC-HYG-03","Human consumables","Good","Class 5 earplugs","PPE-EAR-C5","0.9","Routine issue","false"
"2026-05-05","HC-HYG-03","Human consumables","Good","Class 5 earplugs","PPE-EAR-C5","0.9","Routine issue","false"
"2026-05-06","HC-HYG-03","Human consumables","Good","Class 5 earplugs","PPE-EAR-C5","0.9","Routine issue","false"
"2026-05-07","HC-HYG-03","Human consumables","Good","Class 5 earplugs","PPE-EAR-C5","1","Routine issue","false"
"2026-05-08","HC-HYG-03","Human consumables","Good","Class 5 earplugs","PPE-EAR-C5","1","Routine issue","false"
"2026-05-09","HC-HYG-03","Human consumables","Good","Class 5 earplugs","PPE-EAR-C5","0.9","Routine issue","false"
"2026-05-10","HC-HYG-03","Human consumables","Good","Class 5 earplugs","PPE-EAR-C5","0.9","Routine issue","false"
"2026-05-11","HC-HYG-03","Human consumables","Good","Class 5 earplugs","PPE-EAR-C5","0.9","Routine issue","false"
"2026-05-12","HC-HYG-03","Human consumables","Good","Class 5 earplugs","PPE-EAR-C5","1","Routine issue","false"
"2026-05-13","HC-HYG-03","Human consumables","Good","Class 5 earplugs","PPE-EAR-C5","0.9","Routine issue","false"
"2026-05-14","HC-HYG-03","Human consumables","Good","Class 5 earplugs","PPE-EAR-C5","0.8","Routine issue","false"
"2026-05-15","HC-HYG-03","Human consumables","Good","Class 5 earplugs","PPE-EAR-C5","1","Routine issue","false"
"2026-05-16","HC-HYG-03","Human consumables","Good","Class 5 earplugs","PPE-EAR-C5","0.8","Routine issue","false"
"2026-05-17","HC-HYG-03","Human consumables","Good","Class 5 earplugs","PPE-EAR-C5","0.9","Routine issue","false"
"2026-05-18","HC-HYG-03","Human consumables","Good","Class 5 earplugs","PPE-EAR-C5","0.8","Routine issue","false"
"2026-05-19","HC-HYG-03","Human consumables","Good","Class 5 earplugs","PPE-EAR-C5","1","Routine issue","false"
"2026-05-20","HC-HYG-03","Human consumables","Good","Class 5 earplugs","PPE-EAR-C5","1","Routine issue","false"
"2026-05-21","HC-HYG-03","Human consumables","Good","Class 5 earplugs","PPE-EAR-C5","1","Routine issue","false"
"2026-05-22","HC-HYG-03","Human consumables","Good","Class 5 earplugs","PPE-EAR-C5","0.9","Routine issue","false"
"2026-05-23","HC-HYG-03","Human consumables","Good","Class 5 earplugs","PPE-EAR-C5","1","Routine issue","false"
"2026-05-24","HC-HYG-03","Human consumables","Good","Class 5 earplugs","PPE-EAR-C5","1","Routine issue","false"
"2026-05-25","HC-HYG-03","Human consumables","Good","Class 5 earplugs","PPE-EAR-C5","0.9","Routine issue","false"
"2026-05-26","HC-HYG-03","Human consumables","Good","Class 5 earplugs","PPE-EAR-C5","1","Routine issue","false"
"2026-05-27","HC-HYG-03","Human consumables","Good","Class 5 earplugs","PPE-EAR-C5","0.9","Routine issue","false"
"2026-05-28","HC-HYG-03","Human consumables","Good","Class 5 earplugs","PPE-EAR-C5","0.9","Routine issue","false"
"2026-05-29","HC-HYG-03","Human consumables","Good","Class 5 earplugs","PPE-EAR-C5","1","Routine issue","false"
"2026-05-30","HC-HYG-03","Human consumables","Good","Class 5 earplugs","PPE-EAR-C5","0.9","Routine issue","false"
"2026-05-31","HC-HYG-03","Human consumables","Good","Class 5 earplugs","PPE-EAR-C5","1","Routine issue","false"
"2026-06-01","HC-HYG-03","Human consumables","Good","Class 5 earplugs","PPE-EAR-C5","0.8","Routine issue","false"
"2026-06-02","HC-HYG-03","Human consumables","Good","Class 5 earplugs","PPE-EAR-C5","0.8","Routine issue","false"
"2026-06-03","HC-HYG-03","Human consumables","Good","Class 5 earplugs","PPE-EAR-C5","0.9","Routine issue","false"
"2026-06-04","HC-HYG-03","Human consumables","Good","Class 5 earplugs","PPE-EAR-C5","2.9","Maintenance spike","false"
"2026-06-05","HC-HYG-03","Human consumables","Good","Class 5 earplugs","PPE-EAR-C5","1","Routine issue","false"
"2026-06-06","HC-HYG-03","Human consumables","Good","Class 5 earplugs","PPE-EAR-C5","0.8","Routine issue","false"
"2026-06-07","HC-HYG-03","Human consumables","Good","Class 5 earplugs","PPE-EAR-C5","1","Routine issue","false"
"2026-06-08","HC-HYG-03","Human consumables","Good","Class 5 earplugs","PPE-EAR-C5","0.9","Routine issue","false"
"2026-06-09","HC-HYG-03","Human consumables","Good","Class 5 earplugs","PPE-EAR-C5","1","Routine issue","false"
"2026-06-10","HC-HYG-03","Human consumables","Good","Class 5 earplugs","PPE-EAR-C5","0.9","Routine issue","false"
"2026-06-11","HC-HYG-03","Human consumables","Good","Class 5 earplugs","PPE-EAR-C5","0.8","Routine issue","false"
"2026-06-12","HC-HYG-03","Human consumables","Good","Class 5 earplugs","PPE-EAR-C5","0.8","Routine issue","false"
"2026-06-13","HC-HYG-03","Human consumables","Good","Class 5 earplugs","PPE-EAR-C5","0.8","Routine issue","false"
"2026-06-14","HC-HYG-03","Human consumables","Good","Class 5 earplugs","PPE-EAR-C5","0.8","Routine issue","false"
"2026-06-15","HC-HYG-03","Human consumables","Good","Class 5 earplugs","PPE-EAR-C5","0.8","Routine issue","false"
"2026-06-16","HC-HYG-03","Human consumables","Good","Class 5 earplugs","PPE-EAR-C5","0.9","Routine issue","false"
"2026-06-17","HC-HYG-03","Human consumables","Good","Class 5 earplugs","PPE-EAR-C5","0.9","Routine issue","false"
"2026-06-18","HC-HYG-03","Human consumables","Good","Class 5 earplugs","PPE-EAR-C5","1","Routine issue","false"
"2026-06-19","HC-HYG-03","Human consumables","Good","Class 5 earplugs","PPE-EAR-C5","0.9","Routine issue","false"
"2026-06-20","HC-HYG-03","Human consumables","Good","Class 5 earplugs","PPE-EAR-C5","0.8","Routine issue","false"
"2026-06-21","HC-HYG-03","Human consumables","Good","Class 5 earplugs","PPE-EAR-C5","0.9","Routine issue","false"
"2026-06-22","HC-HYG-03","Human consumables","Good","Class 5 earplugs","PPE-EAR-C5","0.9","Routine issue","false"
"2026-06-23","HC-HYG-03","Human consumables","Good","Class 5 earplugs","PPE-EAR-C5","0.9","Routine issue","false"
"2026-06-24","HC-HYG-03","Human consumables","Good","Class 5 earplugs","PPE-EAR-C5","0.9","Routine issue","false"
"2026-06-25","HC-HYG-03","Human consumables","Good","Class 5 earplugs","PPE-EAR-C5","0.9","Routine issue","false"
"2026-06-26","HC-HYG-03","Human consumables","Good","Class 5 earplugs","PPE-EAR-C5","0.7","Routine issue","false"
"2026-06-27","HC-HYG-03","Human consumables","Good","Class 5 earplugs","PPE-EAR-C5","0.9","Routine issue","false"
"2026-06-28","HC-HYG-03","Human consumables","Good","Class 5 earplugs","PPE-EAR-C5","1","Routine issue","false"
"2026-06-29","HC-HYG-03","Human consumables","Good","Class 5 earplugs","PPE-EAR-C5","0.8","Routine issue","false"
"2026-06-30","HC-HYG-03","Human consumables","Good","Class 5 earplugs","PPE-EAR-C5","0.8","Routine issue","false"
"2026-07-01","HC-HYG-03","Human consumables","Good","Class 5 earplugs","PPE-EAR-C5","0.8","Routine issue","false"
"2026-07-02","HC-HYG-03","Human consumables","Good","Class 5 earplugs","PPE-EAR-C5","0.9","Routine issue","false"
"2026-07-03","HC-HYG-03","Human consumables","Good","Class 5 earplugs","PPE-EAR-C5","0.9","Routine issue","false"
"2026-07-04","HC-HYG-03","Human consumables","Good","Class 5 earplugs","PPE-EAR-C5","0.8","Routine issue","false"
"2026-07-05","HC-HYG-03","Human consumables","Good","Class 5 earplugs","PPE-EAR-C5","0.9","Routine issue","false"
"2026-07-06","HC-HYG-03","Human consumables","Good","Class 5 earplugs","PPE-EAR-C5","3.2","Anomaly","true"
"2026-07-07","HC-HYG-03","Human consumables","Good","Class 5 earplugs","PPE-EAR-C5","0.9","Routine issue","false"
"2026-07-08","HC-HYG-03","Human consumables","Good","Class 5 earplugs","PPE-EAR-C5","0.8","Routine issue","false"
"2026-07-09","HC-HYG-03","Human consumables","Good","Class 5 earplugs","PPE-EAR-C5","0.9","Routine issue","false"
"2026-07-10","HC-HYG-03","Human consumables","Good","Class 5 earplugs","PPE-EAR-C5","0.8","Routine issue","false"
"2026-07-11","HC-HYG-03","Human consumables","Good","Class 5 earplugs","PPE-EAR-C5","2.9","Maintenance spike","false"
"2026-07-12","HC-HYG-03","Human consumables","Good","Class 5 earplugs","PPE-EAR-C5","0.8","Routine issue","false"
"2026-07-13","HC-HYG-03","Human consumables","Good","Class 5 earplugs","PPE-EAR-C5","0.9","Routine issue","false"
"2026-07-14","HC-HYG-03","Human consumables","Good","Class 5 earplugs","PPE-EAR-C5","0.7","Routine issue","false"
"2026-07-15","HC-HYG-03","Human consumables","Good","Class 5 earplugs","PPE-EAR-C5","0.8","Routine issue","false"
"2026-07-16","HC-HYG-03","Human consumables","Good","Class 5 earplugs","PPE-EAR-C5","0.9","Routine issue","false"
"2026-07-17","HC-HYG-03","Human consumables","Good","Class 5 earplugs","PPE-EAR-C5","0.9","Routine issue","false"
"2026-07-18","HC-HYG-03","Human consumables","Good","Class 5 earplugs","PPE-EAR-C5","1","Routine issue","false"
"2026-07-19","HC-HYG-03","Human consumables","Good","Class 5 earplugs","PPE-EAR-C5","0.9","Routine issue","false"
"2026-07-20","HC-HYG-03","Human consumables","Good","Class 5 earplugs","PPE-EAR-C5","0.9","Routine issue","false"
"2026-07-21","HC-HYG-03","Human consumables","Good","Class 5 earplugs","PPE-EAR-C5","0.7","Routine issue","false"
"2026-07-22","HC-HYG-03","Human consumables","Good","Class 5 earplugs","PPE-EAR-C5","0.7","Routine issue","false"
"2026-07-23","HC-HYG-03","Human consumables","Good","Class 5 earplugs","PPE-EAR-C5","0.8","Routine issue","false"
"2026-07-24","HC-HYG-03","Human consumables","Good","Class 5 earplugs","PPE-EAR-C5","0.9","Routine issue","false"
"2026-07-25","HC-HYG-03","Human consumables","Good","Class 5 earplugs","PPE-EAR-C5","0.7","Routine issue","false"
"2026-07-26","HC-HYG-03","Human consumables","Good","Class 5 earplugs","PPE-EAR-C5","0.8","Routine issue","false"
"2026-07-27","HC-HYG-03","Human consumables","Good","Class 5 earplugs","PPE-EAR-C5","0.9","Routine issue","false"
"2026-07-28","HC-HYG-03","Human consumables","Good","Class 5 earplugs","PPE-EAR-C5","0.9","Routine issue","false"
"2026-07-29","HC-HYG-03","Human consumables","Good","Class 5 earplugs","PPE-EAR-C5","0.9","Routine issue","false"
"2026-07-30","HC-HYG-03","Human consumables","Good","Class 5 earplugs","PPE-EAR-C5","0.8","Routine issue","false"
"2026-07-31","HC-HYG-03","Human consumables","Good","Class 5 earplugs","PPE-EAR-C5","0.9","Routine issue","false"
"2026-08-01","HC-HYG-03","Human consumables","Good","Class 5 earplugs","PPE-EAR-C5","0.7","Routine issue","false"
"2026-08-02","HC-HYG-03","Human consumables","Good","Class 5 earplugs","PPE-EAR-C5","0.9","Routine issue","false"
"2026-08-03","HC-HYG-03","Human consumables","Good","Class 5 earplugs","PPE-EAR-C5","0.9","Routine issue","false"
"2026-08-04","HC-HYG-03","Human consumables","Good","Class 5 earplugs","PPE-EAR-C5","0.9","Routine issue","false"
"2026-08-05","HC-HYG-03","Human consumables","Good","Class 5 earplugs","PPE-EAR-C5","0.9","Routine issue","false"
"2026-08-06","HC-HYG-03","Human consumables","Good","Class 5 earplugs","PPE-EAR-C5","0.9","Routine issue","false"
"2026-08-07","HC-HYG-03","Human consumables","Good","Class 5 earplugs","PPE-EAR-C5","0.8","Routine issue","false"
"2026-08-08","HC-HYG-03","Human consumables","Good","Class 5 earplugs","PPE-EAR-C5","0.7","Routine issue","false"
"2026-08-09","HC-HYG-03","Human consumables","Good","Class 5 earplugs","PPE-EAR-C5","0.9","Routine issue","false"
"2026-08-10","HC-HYG-03","Human consumables","Good","Class 5 earplugs","PPE-EAR-C5","0.8","Routine issue","false"
"2026-08-11","HC-HYG-03","Human consumables","Good","Class 5 earplugs","PPE-EAR-C5","0.9","Routine issue","false"
"2026-08-12","HC-HYG-03","Human consumables","Good","Class 5 earplugs","PPE-EAR-C5","0.9","Routine issue","false"
"2026-08-13","HC-HYG-03","Human consumables","Good","Class 5 earplugs","PPE-EAR-C5","0.9","Routine issue","false"
"2026-08-14","HC-HYG-03","Human consumables","Good","Class 5 earplugs","PPE-EAR-C5","0.8","Routine issue","false"
"2026-08-15","HC-HYG-03","Human consumables","Good","Class 5 earplugs","PPE-EAR-C5","0.8","Routine issue","false"
"2026-08-16","HC-HYG-03","Human consumables","Good","Class 5 earplugs","PPE-EAR-C5","3.1","Anomaly","true"
"2026-08-17","HC-HYG-03","Human consumables","Good","Class 5 earplugs","PPE-EAR-C5","2.9","Maintenance spike","false"
"2026-08-18","HC-HYG-03","Human consumables","Good","Class 5 earplugs","PPE-EAR-C5","0.7","Routine issue","false"
"2026-08-19","HC-HYG-03","Human consumables","Good","Class 5 earplugs","PPE-EAR-C5","0.8","Routine issue","false"
"2026-08-20","HC-HYG-03","Human consumables","Good","Class 5 earplugs","PPE-EAR-C5","1","Routine issue","false"
"2026-08-21","HC-HYG-03","Human consumables","Good","Class 5 earplugs","PPE-EAR-C5","0.8","Routine issue","false"
"2026-08-22","HC-HYG-03","Human consumables","Good","Class 5 earplugs","PPE-EAR-C5","0.9","Routine issue","false"
"2026-08-23","HC-HYG-03","Human consumables","Good","Class 5 earplugs","PPE-EAR-C5","1","Routine issue","false"
"2026-08-24","HC-HYG-03","Human consumables","Good","Class 5 earplugs","PPE-EAR-C5","0.8","Routine issue","false"
"2026-08-25","HC-HYG-03","Human consumables","Good","Class 5 earplugs","PPE-EAR-C5","0.9","Routine issue","false"
"2026-08-26","HC-HYG-03","Human consumables","Good","Class 5 earplugs","PPE-EAR-C5","0.7","Routine issue","false"
"2026-08-27","HC-HYG-03","Human consumables","Good","Class 5 earplugs","PPE-EAR-C5","0.8","Routine issue","false"
"2026-08-28","HC-HYG-03","Human consumables","Good","Class 5 earplugs","PPE-EAR-C5","0.9","Routine issue","false"
"2026-08-29","HC-HYG-03","Human consumables","Good","Class 5 earplugs","PPE-EAR-C5","0.9","Routine issue","false"
"2026-08-30","HC-HYG-03","Human consumables","Good","Class 5 earplugs","PPE-EAR-C5","0.9","Routine issue","false"
"2026-08-31","HC-HYG-03","Human consumables","Good","Class 5 earplugs","PPE-EAR-C5","0.9","Routine issue","false"
"2026-09-01","HC-HYG-03","Human consumables","Good","Class 5 earplugs","PPE-EAR-C5","0.9","Routine issue","false"
"2026-09-02","HC-HYG-03","Human consumables","Good","Class 5 earplugs","PPE-EAR-C5","0.9","Routine issue","false"
"2026-09-03","HC-HYG-03","Human consumables","Good","Class 5 earplugs","PPE-EAR-C5","1","Routine issue","false"
"2026-09-04","HC-HYG-03","Human consumables","Good","Class 5 earplugs","PPE-EAR-C5","0.9","Routine issue","false"
"2026-09-05","HC-HYG-03","Human consumables","Good","Class 5 earplugs","PPE-EAR-C5","0.9","Routine issue","false"
"2026-09-06","HC-HYG-03","Human consumables","Good","Class 5 earplugs","PPE-EAR-C5","0.8","Routine issue","false"
"2026-09-07","HC-HYG-03","Human consumables","Good","Class 5 earplugs","PPE-EAR-C5","0.9","Routine issue","false"
"2026-09-08","HC-HYG-03","Human consumables","Good","Class 5 earplugs","PPE-EAR-C5","0.9","Routine issue","false"
"2026-09-09","HC-HYG-03","Human consumables","Good","Class 5 earplugs","PPE-EAR-C5","0.9","Routine issue","false"
"2026-09-10","HC-HYG-03","Human consumables","Good","Class 5 earplugs","PPE-EAR-C5","0.8","Routine issue","false"
"2026-09-11","HC-HYG-03","Human consumables","Good","Class 5 earplugs","PPE-EAR-C5","0.9","Routine issue","false"
"2026-09-12","HC-HYG-03","Human consumables","Good","Class 5 earplugs","PPE-EAR-C5","1","Routine issue","false"
"2026-09-13","HC-HYG-03","Human consumables","Good","Class 5 earplugs","PPE-EAR-C5","0.9","Routine issue","false"
"2026-03-18","HC-FST-04","Human consumables","Good","Eye wash bottle","MED-EYE-500","0.2","Routine issue","false"
"2026-03-19","HC-FST-04","Human consumables","Good","Eye wash bottle","MED-EYE-500","0.2","Routine issue","false"
"2026-03-20","HC-FST-04","Human consumables","Good","Eye wash bottle","MED-EYE-500","0.2","Routine issue","false"
"2026-03-21","HC-FST-04","Human consumables","Good","Eye wash bottle","MED-EYE-500","0.2","Routine issue","false"
"2026-03-22","HC-FST-04","Human consumables","Good","Eye wash bottle","MED-EYE-500","0.2","Routine issue","false"
"2026-03-23","HC-FST-04","Human consumables","Good","Eye wash bottle","MED-EYE-500","0.6","Maintenance spike","false"
"2026-03-24","HC-FST-04","Human consumables","Good","Eye wash bottle","MED-EYE-500","0.2","Routine issue","false"
"2026-03-25","HC-FST-04","Human consumables","Good","Eye wash bottle","MED-EYE-500","0.2","Routine issue","false"
"2026-03-26","HC-FST-04","Human consumables","Good","Eye wash bottle","MED-EYE-500","0.2","Routine issue","false"
"2026-03-27","HC-FST-04","Human consumables","Good","Eye wash bottle","MED-EYE-500","0.2","Routine issue","false"
"2026-03-28","HC-FST-04","Human consumables","Good","Eye wash bottle","MED-EYE-500","0.2","Routine issue","false"
"2026-03-29","HC-FST-04","Human consumables","Good","Eye wash bottle","MED-EYE-500","0.2","Routine issue","false"
"2026-03-30","HC-FST-04","Human consumables","Good","Eye wash bottle","MED-EYE-500","0.2","Routine issue","false"
"2026-03-31","HC-FST-04","Human consumables","Good","Eye wash bottle","MED-EYE-500","0.2","Routine issue","false"
"2026-04-01","HC-FST-04","Human consumables","Good","Eye wash bottle","MED-EYE-500","0.2","Routine issue","false"
"2026-04-02","HC-FST-04","Human consumables","Good","Eye wash bottle","MED-EYE-500","0.2","Routine issue","false"
"2026-04-03","HC-FST-04","Human consumables","Good","Eye wash bottle","MED-EYE-500","0.2","Routine issue","false"
"2026-04-04","HC-FST-04","Human consumables","Good","Eye wash bottle","MED-EYE-500","0.2","Routine issue","false"
"2026-04-05","HC-FST-04","Human consumables","Good","Eye wash bottle","MED-EYE-500","0.2","Routine issue","false"
"2026-04-06","HC-FST-04","Human consumables","Good","Eye wash bottle","MED-EYE-500","0.2","Routine issue","false"
"2026-04-07","HC-FST-04","Human consumables","Good","Eye wash bottle","MED-EYE-500","0.2","Routine issue","false"
"2026-04-08","HC-FST-04","Human consumables","Good","Eye wash bottle","MED-EYE-500","0.2","Routine issue","false"
"2026-04-09","HC-FST-04","Human consumables","Good","Eye wash bottle","MED-EYE-500","0.2","Routine issue","false"
"2026-04-10","HC-FST-04","Human consumables","Good","Eye wash bottle","MED-EYE-500","0.2","Routine issue","false"
"2026-04-11","HC-FST-04","Human consumables","Good","Eye wash bottle","MED-EYE-500","0.2","Routine issue","false"
"2026-04-12","HC-FST-04","Human consumables","Good","Eye wash bottle","MED-EYE-500","0.2","Routine issue","false"
"2026-04-13","HC-FST-04","Human consumables","Good","Eye wash bottle","MED-EYE-500","0.2","Routine issue","false"
"2026-04-14","HC-FST-04","Human consumables","Good","Eye wash bottle","MED-EYE-500","0.2","Routine issue","false"
"2026-04-15","HC-FST-04","Human consumables","Good","Eye wash bottle","MED-EYE-500","0.2","Routine issue","false"
"2026-04-16","HC-FST-04","Human consumables","Good","Eye wash bottle","MED-EYE-500","0.2","Routine issue","false"
"2026-04-17","HC-FST-04","Human consumables","Good","Eye wash bottle","MED-EYE-500","0.2","Routine issue","false"
"2026-04-18","HC-FST-04","Human consumables","Good","Eye wash bottle","MED-EYE-500","0.2","Routine issue","false"
"2026-04-19","HC-FST-04","Human consumables","Good","Eye wash bottle","MED-EYE-500","0.2","Routine issue","false"
"2026-04-20","HC-FST-04","Human consumables","Good","Eye wash bottle","MED-EYE-500","0.2","Routine issue","false"
"2026-04-21","HC-FST-04","Human consumables","Good","Eye wash bottle","MED-EYE-500","0.2","Routine issue","false"
"2026-04-22","HC-FST-04","Human consumables","Good","Eye wash bottle","MED-EYE-500","0.2","Routine issue","false"
"2026-04-23","HC-FST-04","Human consumables","Good","Eye wash bottle","MED-EYE-500","0.2","Routine issue","false"
"2026-04-24","HC-FST-04","Human consumables","Good","Eye wash bottle","MED-EYE-500","0.2","Routine issue","false"
"2026-04-25","HC-FST-04","Human consumables","Good","Eye wash bottle","MED-EYE-500","0.2","Routine issue","false"
"2026-04-26","HC-FST-04","Human consumables","Good","Eye wash bottle","MED-EYE-500","0.2","Routine issue","false"
"2026-04-27","HC-FST-04","Human consumables","Good","Eye wash bottle","MED-EYE-500","0.2","Routine issue","false"
"2026-04-28","HC-FST-04","Human consumables","Good","Eye wash bottle","MED-EYE-500","0.2","Routine issue","false"
"2026-04-29","HC-FST-04","Human consumables","Good","Eye wash bottle","MED-EYE-500","0.6","Maintenance spike","false"
"2026-04-30","HC-FST-04","Human consumables","Good","Eye wash bottle","MED-EYE-500","0.2","Routine issue","false"
"2026-05-01","HC-FST-04","Human consumables","Good","Eye wash bottle","MED-EYE-500","0.2","Routine issue","false"
"2026-05-02","HC-FST-04","Human consumables","Good","Eye wash bottle","MED-EYE-500","0.2","Routine issue","false"
"2026-05-03","HC-FST-04","Human consumables","Good","Eye wash bottle","MED-EYE-500","0.2","Routine issue","false"
"2026-05-04","HC-FST-04","Human consumables","Good","Eye wash bottle","MED-EYE-500","0.2","Routine issue","false"
"2026-05-05","HC-FST-04","Human consumables","Good","Eye wash bottle","MED-EYE-500","0.2","Routine issue","false"
"2026-05-06","HC-FST-04","Human consumables","Good","Eye wash bottle","MED-EYE-500","0.2","Routine issue","false"
"2026-05-07","HC-FST-04","Human consumables","Good","Eye wash bottle","MED-EYE-500","0.2","Routine issue","false"
"2026-05-08","HC-FST-04","Human consumables","Good","Eye wash bottle","MED-EYE-500","0.2","Routine issue","false"
"2026-05-09","HC-FST-04","Human consumables","Good","Eye wash bottle","MED-EYE-500","0.2","Routine issue","false"
"2026-05-10","HC-FST-04","Human consumables","Good","Eye wash bottle","MED-EYE-500","0.7","Anomaly","true"
"2026-05-11","HC-FST-04","Human consumables","Good","Eye wash bottle","MED-EYE-500","0.2","Routine issue","false"
"2026-05-12","HC-FST-04","Human consumables","Good","Eye wash bottle","MED-EYE-500","0.7","Anomaly","true"
"2026-05-13","HC-FST-04","Human consumables","Good","Eye wash bottle","MED-EYE-500","0.2","Routine issue","false"
"2026-05-14","HC-FST-04","Human consumables","Good","Eye wash bottle","MED-EYE-500","0.2","Routine issue","false"
"2026-05-15","HC-FST-04","Human consumables","Good","Eye wash bottle","MED-EYE-500","0.2","Routine issue","false"
"2026-05-16","HC-FST-04","Human consumables","Good","Eye wash bottle","MED-EYE-500","0.2","Routine issue","false"
"2026-05-17","HC-FST-04","Human consumables","Good","Eye wash bottle","MED-EYE-500","0.2","Routine issue","false"
"2026-05-18","HC-FST-04","Human consumables","Good","Eye wash bottle","MED-EYE-500","0.2","Routine issue","false"
"2026-05-19","HC-FST-04","Human consumables","Good","Eye wash bottle","MED-EYE-500","0.2","Routine issue","false"
"2026-05-20","HC-FST-04","Human consumables","Good","Eye wash bottle","MED-EYE-500","0.2","Routine issue","false"
"2026-05-21","HC-FST-04","Human consumables","Good","Eye wash bottle","MED-EYE-500","0.2","Routine issue","false"
"2026-05-22","HC-FST-04","Human consumables","Good","Eye wash bottle","MED-EYE-500","0.2","Routine issue","false"
"2026-05-23","HC-FST-04","Human consumables","Good","Eye wash bottle","MED-EYE-500","0.2","Routine issue","false"
"2026-05-24","HC-FST-04","Human consumables","Good","Eye wash bottle","MED-EYE-500","0.2","Routine issue","false"
"2026-05-25","HC-FST-04","Human consumables","Good","Eye wash bottle","MED-EYE-500","0.2","Routine issue","false"
"2026-05-26","HC-FST-04","Human consumables","Good","Eye wash bottle","MED-EYE-500","0.2","Routine issue","false"
"2026-05-27","HC-FST-04","Human consumables","Good","Eye wash bottle","MED-EYE-500","0.2","Routine issue","false"
"2026-05-28","HC-FST-04","Human consumables","Good","Eye wash bottle","MED-EYE-500","0.2","Routine issue","false"
"2026-05-29","HC-FST-04","Human consumables","Good","Eye wash bottle","MED-EYE-500","0.2","Routine issue","false"
"2026-05-30","HC-FST-04","Human consumables","Good","Eye wash bottle","MED-EYE-500","0.2","Routine issue","false"
"2026-05-31","HC-FST-04","Human consumables","Good","Eye wash bottle","MED-EYE-500","0.2","Routine issue","false"
"2026-06-01","HC-FST-04","Human consumables","Good","Eye wash bottle","MED-EYE-500","0.2","Routine issue","false"
"2026-06-02","HC-FST-04","Human consumables","Good","Eye wash bottle","MED-EYE-500","0.7","Anomaly","true"
"2026-06-03","HC-FST-04","Human consumables","Good","Eye wash bottle","MED-EYE-500","0.2","Routine issue","false"
"2026-06-04","HC-FST-04","Human consumables","Good","Eye wash bottle","MED-EYE-500","0.2","Routine issue","false"
"2026-06-05","HC-FST-04","Human consumables","Good","Eye wash bottle","MED-EYE-500","0.6","Maintenance spike","false"
"2026-06-06","HC-FST-04","Human consumables","Good","Eye wash bottle","MED-EYE-500","0.2","Routine issue","false"
"2026-06-07","HC-FST-04","Human consumables","Good","Eye wash bottle","MED-EYE-500","0.2","Routine issue","false"
"2026-06-08","HC-FST-04","Human consumables","Good","Eye wash bottle","MED-EYE-500","0.2","Routine issue","false"
"2026-06-09","HC-FST-04","Human consumables","Good","Eye wash bottle","MED-EYE-500","0.2","Routine issue","false"
"2026-06-10","HC-FST-04","Human consumables","Good","Eye wash bottle","MED-EYE-500","0.2","Routine issue","false"
"2026-06-11","HC-FST-04","Human consumables","Good","Eye wash bottle","MED-EYE-500","0.2","Routine issue","false"
"2026-06-12","HC-FST-04","Human consumables","Good","Eye wash bottle","MED-EYE-500","0.2","Routine issue","false"
"2026-06-13","HC-FST-04","Human consumables","Good","Eye wash bottle","MED-EYE-500","0.2","Routine issue","false"
"2026-06-14","HC-FST-04","Human consumables","Good","Eye wash bottle","MED-EYE-500","0.2","Routine issue","false"
"2026-06-15","HC-FST-04","Human consumables","Good","Eye wash bottle","MED-EYE-500","0.2","Routine issue","false"
"2026-06-16","HC-FST-04","Human consumables","Good","Eye wash bottle","MED-EYE-500","0.2","Routine issue","false"
"2026-06-17","HC-FST-04","Human consumables","Good","Eye wash bottle","MED-EYE-500","0.2","Routine issue","false"
"2026-06-18","HC-FST-04","Human consumables","Good","Eye wash bottle","MED-EYE-500","0.2","Routine issue","false"
"2026-06-19","HC-FST-04","Human consumables","Good","Eye wash bottle","MED-EYE-500","0.2","Routine issue","false"
"2026-06-20","HC-FST-04","Human consumables","Good","Eye wash bottle","MED-EYE-500","0.2","Routine issue","false"
"2026-06-21","HC-FST-04","Human consumables","Good","Eye wash bottle","MED-EYE-500","0.2","Routine issue","false"
"2026-06-22","HC-FST-04","Human consumables","Good","Eye wash bottle","MED-EYE-500","0.2","Routine issue","false"
"2026-06-23","HC-FST-04","Human consumables","Good","Eye wash bottle","MED-EYE-500","0.2","Routine issue","false"
"2026-06-24","HC-FST-04","Human consumables","Good","Eye wash bottle","MED-EYE-500","0.2","Routine issue","false"
"2026-06-25","HC-FST-04","Human consumables","Good","Eye wash bottle","MED-EYE-500","0.2","Routine issue","false"
"2026-06-26","HC-FST-04","Human consumables","Good","Eye wash bottle","MED-EYE-500","0.2","Routine issue","false"
"2026-06-27","HC-FST-04","Human consumables","Good","Eye wash bottle","MED-EYE-500","0.2","Routine issue","false"
"2026-06-28","HC-FST-04","Human consumables","Good","Eye wash bottle","MED-EYE-500","0.2","Routine issue","false"
"2026-06-29","HC-FST-04","Human consumables","Good","Eye wash bottle","MED-EYE-500","0.2","Routine issue","false"
"2026-06-30","HC-FST-04","Human consumables","Good","Eye wash bottle","MED-EYE-500","0.2","Routine issue","false"
"2026-07-01","HC-FST-04","Human consumables","Good","Eye wash bottle","MED-EYE-500","0.2","Routine issue","false"
"2026-07-02","HC-FST-04","Human consumables","Good","Eye wash bottle","MED-EYE-500","0.2","Routine issue","false"
"2026-07-03","HC-FST-04","Human consumables","Good","Eye wash bottle","MED-EYE-500","0.2","Routine issue","false"
"2026-07-04","HC-FST-04","Human consumables","Good","Eye wash bottle","MED-EYE-500","0.2","Routine issue","false"
"2026-07-05","HC-FST-04","Human consumables","Good","Eye wash bottle","MED-EYE-500","0.2","Routine issue","false"
"2026-07-06","HC-FST-04","Human consumables","Good","Eye wash bottle","MED-EYE-500","0.2","Routine issue","false"
"2026-07-07","HC-FST-04","Human consumables","Good","Eye wash bottle","MED-EYE-500","0.2","Routine issue","false"
"2026-07-08","HC-FST-04","Human consumables","Good","Eye wash bottle","MED-EYE-500","0.2","Routine issue","false"
"2026-07-09","HC-FST-04","Human consumables","Good","Eye wash bottle","MED-EYE-500","0.2","Routine issue","false"
"2026-07-10","HC-FST-04","Human consumables","Good","Eye wash bottle","MED-EYE-500","0.2","Routine issue","false"
"2026-07-11","HC-FST-04","Human consumables","Good","Eye wash bottle","MED-EYE-500","0.2","Routine issue","false"
"2026-07-12","HC-FST-04","Human consumables","Good","Eye wash bottle","MED-EYE-500","0.6","Maintenance spike","false"
"2026-07-13","HC-FST-04","Human consumables","Good","Eye wash bottle","MED-EYE-500","0.2","Routine issue","false"
"2026-07-14","HC-FST-04","Human consumables","Good","Eye wash bottle","MED-EYE-500","0.2","Routine issue","false"
"2026-07-15","HC-FST-04","Human consumables","Good","Eye wash bottle","MED-EYE-500","0.2","Routine issue","false"
"2026-07-16","HC-FST-04","Human consumables","Good","Eye wash bottle","MED-EYE-500","0.2","Routine issue","false"
"2026-07-17","HC-FST-04","Human consumables","Good","Eye wash bottle","MED-EYE-500","0.2","Routine issue","false"
"2026-07-18","HC-FST-04","Human consumables","Good","Eye wash bottle","MED-EYE-500","0.2","Routine issue","false"
"2026-07-19","HC-FST-04","Human consumables","Good","Eye wash bottle","MED-EYE-500","0.2","Routine issue","false"
"2026-07-20","HC-FST-04","Human consumables","Good","Eye wash bottle","MED-EYE-500","0.2","Routine issue","false"
"2026-07-21","HC-FST-04","Human consumables","Good","Eye wash bottle","MED-EYE-500","0.2","Routine issue","false"
"2026-07-22","HC-FST-04","Human consumables","Good","Eye wash bottle","MED-EYE-500","0.2","Routine issue","false"
"2026-07-23","HC-FST-04","Human consumables","Good","Eye wash bottle","MED-EYE-500","0.2","Routine issue","false"
"2026-07-24","HC-FST-04","Human consumables","Good","Eye wash bottle","MED-EYE-500","0.2","Routine issue","false"
"2026-07-25","HC-FST-04","Human consumables","Good","Eye wash bottle","MED-EYE-500","0.2","Routine issue","false"
"2026-07-26","HC-FST-04","Human consumables","Good","Eye wash bottle","MED-EYE-500","0.2","Routine issue","false"
"2026-07-27","HC-FST-04","Human consumables","Good","Eye wash bottle","MED-EYE-500","0.2","Routine issue","false"
"2026-07-28","HC-FST-04","Human consumables","Good","Eye wash bottle","MED-EYE-500","0.2","Routine issue","false"
"2026-07-29","HC-FST-04","Human consumables","Good","Eye wash bottle","MED-EYE-500","0.2","Routine issue","false"
"2026-07-30","HC-FST-04","Human consumables","Good","Eye wash bottle","MED-EYE-500","0.2","Routine issue","false"
"2026-07-31","HC-FST-04","Human consumables","Good","Eye wash bottle","MED-EYE-500","0.2","Routine issue","false"
"2026-08-01","HC-FST-04","Human consumables","Good","Eye wash bottle","MED-EYE-500","0.2","Routine issue","false"
"2026-08-02","HC-FST-04","Human consumables","Good","Eye wash bottle","MED-EYE-500","0.2","Routine issue","false"
"2026-08-03","HC-FST-04","Human consumables","Good","Eye wash bottle","MED-EYE-500","0.2","Routine issue","false"
"2026-08-04","HC-FST-04","Human consumables","Good","Eye wash bottle","MED-EYE-500","0.2","Routine issue","false"
"2026-08-05","HC-FST-04","Human consumables","Good","Eye wash bottle","MED-EYE-500","0.2","Routine issue","false"
"2026-08-06","HC-FST-04","Human consumables","Good","Eye wash bottle","MED-EYE-500","0.2","Routine issue","false"
"2026-08-07","HC-FST-04","Human consumables","Good","Eye wash bottle","MED-EYE-500","0.6","Anomaly","true"
"2026-08-08","HC-FST-04","Human consumables","Good","Eye wash bottle","MED-EYE-500","0.2","Routine issue","false"
"2026-08-09","HC-FST-04","Human consumables","Good","Eye wash bottle","MED-EYE-500","0.1","Routine issue","false"
"2026-08-10","HC-FST-04","Human consumables","Good","Eye wash bottle","MED-EYE-500","0.2","Routine issue","false"
"2026-08-11","HC-FST-04","Human consumables","Good","Eye wash bottle","MED-EYE-500","0.2","Routine issue","false"
"2026-08-12","HC-FST-04","Human consumables","Good","Eye wash bottle","MED-EYE-500","0.2","Routine issue","false"
"2026-08-13","HC-FST-04","Human consumables","Good","Eye wash bottle","MED-EYE-500","0.2","Routine issue","false"
"2026-08-14","HC-FST-04","Human consumables","Good","Eye wash bottle","MED-EYE-500","0.2","Routine issue","false"
"2026-08-15","HC-FST-04","Human consumables","Good","Eye wash bottle","MED-EYE-500","0.2","Routine issue","false"
"2026-08-16","HC-FST-04","Human consumables","Good","Eye wash bottle","MED-EYE-500","0.2","Routine issue","false"
"2026-08-17","HC-FST-04","Human consumables","Good","Eye wash bottle","MED-EYE-500","0.2","Routine issue","false"
"2026-08-18","HC-FST-04","Human consumables","Good","Eye wash bottle","MED-EYE-500","0.6","Maintenance spike","false"
"2026-08-19","HC-FST-04","Human consumables","Good","Eye wash bottle","MED-EYE-500","0.2","Routine issue","false"
"2026-08-20","HC-FST-04","Human consumables","Good","Eye wash bottle","MED-EYE-500","0.6","Anomaly","true"
"2026-08-21","HC-FST-04","Human consumables","Good","Eye wash bottle","MED-EYE-500","0.2","Routine issue","false"
"2026-08-22","HC-FST-04","Human consumables","Good","Eye wash bottle","MED-EYE-500","0.2","Routine issue","false"
"2026-08-23","HC-FST-04","Human consumables","Good","Eye wash bottle","MED-EYE-500","0.2","Routine issue","false"
"2026-08-24","HC-FST-04","Human consumables","Good","Eye wash bottle","MED-EYE-500","0.2","Routine issue","false"
"2026-08-25","HC-FST-04","Human consumables","Good","Eye wash bottle","MED-EYE-500","0.2","Routine issue","false"
"2026-08-26","HC-FST-04","Human consumables","Good","Eye wash bottle","MED-EYE-500","0.2","Routine issue","false"
"2026-08-27","HC-FST-04","Human consumables","Good","Eye wash bottle","MED-EYE-500","0.2","Routine issue","false"
"2026-08-28","HC-FST-04","Human consumables","Good","Eye wash bottle","MED-EYE-500","0.2","Routine issue","false"
"2026-08-29","HC-FST-04","Human consumables","Good","Eye wash bottle","MED-EYE-500","0.2","Routine issue","false"
"2026-08-30","HC-FST-04","Human consumables","Good","Eye wash bottle","MED-EYE-500","0.2","Routine issue","false"
"2026-08-31","HC-FST-04","Human consumables","Good","Eye wash bottle","MED-EYE-500","0.2","Routine issue","false"
"2026-09-01","HC-FST-04","Human consumables","Good","Eye wash bottle","MED-EYE-500","0.2","Routine issue","false"
"2026-09-02","HC-FST-04","Human consumables","Good","Eye wash bottle","MED-EYE-500","0.2","Routine issue","false"
"2026-09-03","HC-FST-04","Human consumables","Good","Eye wash bottle","MED-EYE-500","0.2","Routine issue","false"
"2026-09-04","HC-FST-04","Human consumables","Good","Eye wash bottle","MED-EYE-500","0.2","Routine issue","false"
"2026-09-05","HC-FST-04","Human consumables","Good","Eye wash bottle","MED-EYE-500","0.2","Routine issue","false"
"2026-09-06","HC-FST-04","Human consumables","Good","Eye wash bottle","MED-EYE-500","0.2","Routine issue","false"
"2026-09-07","HC-FST-04","Human consumables","Good","Eye wash bottle","MED-EYE-500","0.2","Routine issue","false"
"2026-09-08","HC-FST-04","Human consumables","Good","Eye wash bottle","MED-EYE-500","0.2","Routine issue","false"
"2026-09-09","HC-FST-04","Human consumables","Good","Eye wash bottle","MED-EYE-500","0.2","Routine issue","false"
"2026-09-10","HC-FST-04","Human consumables","Good","Eye wash bottle","MED-EYE-500","0.2","Routine issue","false"
"2026-09-11","HC-FST-04","Human consumables","Good","Eye wash bottle","MED-EYE-500","0.2","Routine issue","false"
"2026-09-12","HC-FST-04","Human consumables","Good","Eye wash bottle","MED-EYE-500","0.2","Routine issue","false"
"2026-09-13","HC-FST-04","Human consumables","Good","Eye wash bottle","MED-EYE-500","0.2","Routine issue","false"
